CREATE DATABASE  IF NOT EXISTS `tastelocal` /*!40100 DEFAULT CHARACTER SET utf8mb4 COLLATE utf8mb4_0900_ai_ci */ /*!80016 DEFAULT ENCRYPTION='N' */;
USE `tastelocal`;
-- MySQL dump 10.13  Distrib 8.0.42, for Win64 (x86_64)
--
-- Host: localhost    Database: tastelocal
-- ------------------------------------------------------
-- Server version	8.0.42

/*!40101 SET @OLD_CHARACTER_SET_CLIENT=@@CHARACTER_SET_CLIENT */;
/*!40101 SET @OLD_CHARACTER_SET_RESULTS=@@CHARACTER_SET_RESULTS */;
/*!40101 SET @OLD_COLLATION_CONNECTION=@@COLLATION_CONNECTION */;
/*!50503 SET NAMES utf8 */;
/*!40103 SET @OLD_TIME_ZONE=@@TIME_ZONE */;
/*!40103 SET TIME_ZONE='+00:00' */;
/*!40014 SET @OLD_UNIQUE_CHECKS=@@UNIQUE_CHECKS, UNIQUE_CHECKS=0 */;
/*!40014 SET @OLD_FOREIGN_KEY_CHECKS=@@FOREIGN_KEY_CHECKS, FOREIGN_KEY_CHECKS=0 */;
/*!40101 SET @OLD_SQL_MODE=@@SQL_MODE, SQL_MODE='NO_AUTO_VALUE_ON_ZERO' */;
/*!40111 SET @OLD_SQL_NOTES=@@SQL_NOTES, SQL_NOTES=0 */;

--
-- Table structure for table `auth_group`
--

DROP TABLE IF EXISTS `auth_group`;
/*!40101 SET @saved_cs_client     = @@character_set_client */;
/*!50503 SET character_set_client = utf8mb4 */;
CREATE TABLE `auth_group` (
  `id` int NOT NULL AUTO_INCREMENT,
  `name` varchar(150) NOT NULL,
  PRIMARY KEY (`id`),
  UNIQUE KEY `name` (`name`)
) ENGINE=InnoDB DEFAULT CHARSET=utf8mb4 COLLATE=utf8mb4_0900_ai_ci;
/*!40101 SET character_set_client = @saved_cs_client */;

--
-- Dumping data for table `auth_group`
--

LOCK TABLES `auth_group` WRITE;
/*!40000 ALTER TABLE `auth_group` DISABLE KEYS */;
/*!40000 ALTER TABLE `auth_group` ENABLE KEYS */;
UNLOCK TABLES;

--
-- Table structure for table `auth_group_permissions`
--

DROP TABLE IF EXISTS `auth_group_permissions`;
/*!40101 SET @saved_cs_client     = @@character_set_client */;
/*!50503 SET character_set_client = utf8mb4 */;
CREATE TABLE `auth_group_permissions` (
  `id` bigint NOT NULL AUTO_INCREMENT,
  `group_id` int NOT NULL,
  `permission_id` int NOT NULL,
  PRIMARY KEY (`id`),
  UNIQUE KEY `auth_group_permissions_group_id_permission_id_0cd325b0_uniq` (`group_id`,`permission_id`),
  KEY `auth_group_permissio_permission_id_84c5c92e_fk_auth_perm` (`permission_id`),
  CONSTRAINT `auth_group_permissio_permission_id_84c5c92e_fk_auth_perm` FOREIGN KEY (`permission_id`) REFERENCES `auth_permission` (`id`),
  CONSTRAINT `auth_group_permissions_group_id_b120cbf9_fk_auth_group_id` FOREIGN KEY (`group_id`) REFERENCES `auth_group` (`id`)
) ENGINE=InnoDB DEFAULT CHARSET=utf8mb4 COLLATE=utf8mb4_0900_ai_ci;
/*!40101 SET character_set_client = @saved_cs_client */;

--
-- Dumping data for table `auth_group_permissions`
--

LOCK TABLES `auth_group_permissions` WRITE;
/*!40000 ALTER TABLE `auth_group_permissions` DISABLE KEYS */;
/*!40000 ALTER TABLE `auth_group_permissions` ENABLE KEYS */;
UNLOCK TABLES;

--
-- Table structure for table `auth_permission`
--

DROP TABLE IF EXISTS `auth_permission`;
/*!40101 SET @saved_cs_client     = @@character_set_client */;
/*!50503 SET character_set_client = utf8mb4 */;
CREATE TABLE `auth_permission` (
  `id` int NOT NULL AUTO_INCREMENT,
  `name` varchar(255) NOT NULL,
  `content_type_id` int NOT NULL,
  `codename` varchar(100) NOT NULL,
  PRIMARY KEY (`id`),
  UNIQUE KEY `auth_permission_content_type_id_codename_01ab375a_uniq` (`content_type_id`,`codename`),
  CONSTRAINT `auth_permission_content_type_id_2f476e4b_fk_django_co` FOREIGN KEY (`content_type_id`) REFERENCES `django_content_type` (`id`)
) ENGINE=InnoDB AUTO_INCREMENT=89 DEFAULT CHARSET=utf8mb4 COLLATE=utf8mb4_0900_ai_ci;
/*!40101 SET character_set_client = @saved_cs_client */;

--
-- Dumping data for table `auth_permission`
--

LOCK TABLES `auth_permission` WRITE;
/*!40000 ALTER TABLE `auth_permission` DISABLE KEYS */;
INSERT INTO `auth_permission` VALUES (1,'Can add log entry',1,'add_logentry'),(2,'Can change log entry',1,'change_logentry'),(3,'Can delete log entry',1,'delete_logentry'),(4,'Can view log entry',1,'view_logentry'),(5,'Can add permission',2,'add_permission'),(6,'Can change permission',2,'change_permission'),(7,'Can delete permission',2,'delete_permission'),(8,'Can view permission',2,'view_permission'),(9,'Can add group',3,'add_group'),(10,'Can change group',3,'change_group'),(11,'Can delete group',3,'delete_group'),(12,'Can view group',3,'view_group'),(13,'Can add content type',4,'add_contenttype'),(14,'Can change content type',4,'change_contenttype'),(15,'Can delete content type',4,'delete_contenttype'),(16,'Can view content type',4,'view_contenttype'),(17,'Can add session',5,'add_session'),(18,'Can change session',5,'change_session'),(19,'Can delete session',5,'delete_session'),(20,'Can view session',5,'view_session'),(21,'Can add user',6,'add_customuser'),(22,'Can change user',6,'change_customuser'),(23,'Can delete user',6,'delete_customuser'),(24,'Can view user',6,'view_customuser'),(25,'Can add vendor',7,'add_vendor'),(26,'Can change vendor',7,'change_vendor'),(27,'Can delete vendor',7,'delete_vendor'),(28,'Can view vendor',7,'view_vendor'),(29,'Can add tour',8,'add_tour'),(30,'Can change tour',8,'change_tour'),(31,'Can delete tour',8,'delete_tour'),(32,'Can view tour',8,'view_tour'),(33,'Can add tour itinerary',9,'add_touritinerary'),(34,'Can change tour itinerary',9,'change_touritinerary'),(35,'Can delete tour itinerary',9,'delete_touritinerary'),(36,'Can view tour itinerary',9,'view_touritinerary'),(37,'Can add tour operator',10,'add_touroperator'),(38,'Can change tour operator',10,'change_touroperator'),(39,'Can delete tour operator',10,'delete_touroperator'),(40,'Can view tour operator',10,'view_touroperator'),(41,'Can add Cuisine Type',11,'add_cuisinetype'),(42,'Can change Cuisine Type',11,'change_cuisinetype'),(43,'Can delete Cuisine Type',11,'delete_cuisinetype'),(44,'Can view Cuisine Type',11,'view_cuisinetype'),(45,'Can add Menu Item',12,'add_menuitem'),(46,'Can change Menu Item',12,'change_menuitem'),(47,'Can delete Menu Item',12,'delete_menuitem'),(48,'Can view Menu Item',12,'view_menuitem'),(49,'Can add event',13,'add_event'),(50,'Can change event',13,'change_event'),(51,'Can delete event',13,'delete_event'),(52,'Can view event',13,'view_event'),(53,'Can add article keyword',14,'add_articlekeyword'),(54,'Can change article keyword',14,'change_articlekeyword'),(55,'Can delete article keyword',14,'delete_articlekeyword'),(56,'Can view article keyword',14,'view_articlekeyword'),(57,'Can add article image',15,'add_articleimage'),(58,'Can change article image',15,'change_articleimage'),(59,'Can delete article image',15,'delete_articleimage'),(60,'Can view article image',15,'view_articleimage'),(61,'Can add keyword',16,'add_keyword'),(62,'Can change keyword',16,'change_keyword'),(63,'Can delete keyword',16,'delete_keyword'),(64,'Can view keyword',16,'view_keyword'),(65,'Can add Article',17,'add_article'),(66,'Can change Article',17,'change_article'),(67,'Can delete Article',17,'delete_article'),(68,'Can view Article',17,'view_article'),(69,'Can add vendor rating',18,'add_vendorrating'),(70,'Can change vendor rating',18,'change_vendorrating'),(71,'Can delete vendor rating',18,'delete_vendorrating'),(72,'Can view vendor rating',18,'view_vendorrating'),(73,'Can add vendor review',19,'add_vendorreview'),(74,'Can change vendor review',19,'change_vendorreview'),(75,'Can delete vendor review',19,'delete_vendorreview'),(76,'Can view vendor review',19,'view_vendorreview'),(77,'Can add itinerary note',20,'add_itinerarynote'),(78,'Can change itinerary note',20,'change_itinerarynote'),(79,'Can delete itinerary note',20,'delete_itinerarynote'),(80,'Can view itinerary note',20,'view_itinerarynote'),(81,'Can add proposal history',21,'add_proposalhistory'),(82,'Can change proposal history',21,'change_proposalhistory'),(83,'Can delete proposal history',21,'delete_proposalhistory'),(84,'Can view proposal history',21,'view_proposalhistory'),(85,'Can add proposal',22,'add_proposal'),(86,'Can change proposal',22,'change_proposal'),(87,'Can delete proposal',22,'delete_proposal'),(88,'Can view proposal',22,'view_proposal');
/*!40000 ALTER TABLE `auth_permission` ENABLE KEYS */;
UNLOCK TABLES;

--
-- Table structure for table `cuisine_types`
--

DROP TABLE IF EXISTS `cuisine_types`;
/*!40101 SET @saved_cs_client     = @@character_set_client */;
/*!50503 SET character_set_client = utf8mb4 */;
CREATE TABLE `cuisine_types` (
  `id` bigint NOT NULL AUTO_INCREMENT,
  `name` varchar(50) NOT NULL,
  `description` longtext NOT NULL,
  PRIMARY KEY (`id`),
  UNIQUE KEY `name` (`name`)
) ENGINE=InnoDB AUTO_INCREMENT=20 DEFAULT CHARSET=utf8mb4 COLLATE=utf8mb4_0900_ai_ci;
/*!40101 SET character_set_client = @saved_cs_client */;

--
-- Dumping data for table `cuisine_types`
--

LOCK TABLES `cuisine_types` WRITE;
/*!40000 ALTER TABLE `cuisine_types` DISABLE KEYS */;
INSERT INTO `cuisine_types` VALUES (1,'Chinese','Chinese cuisine is a diverse and ancient food tradition with influences on cuisines worldwide, characterized by staples like rice, soy sauce, and noodles, and common cooking methods using woks.'),(2,'Hokkien','Hokkien people are the largest Chinese dialect group in Singapore, making up nearly two-fifths of the Chinese population. They originally migrated to Singapore from the southern Fujian province of China, with many first settling in Malacca before moving to Singapore. The Hokkien cuisine is a subset of Fujian cuisine, and is also known as Banlam or Minnan cuisine.'),(3,'Cantonese','Cantonese cuisine a major Chinese style from Guangdong province known for using fresh ingredients, delicate flavours, and techniques like stir-frying and steaming. It is also known as Guangdong & Yue cuisine. Cantonese cuisine is one of the traditional Four Great Traditions cuisines, & the modern Eight Great Traditions of Chinese cuisines.'),(4,'Hainanese','Hainan cuisine, or Hainanese cuisine, is derived from the cooking styles of the peoples of Hainan Province in China. During colonial Singapore many Hainanese migrants adopted culinary careers, and local Hainanese cuisine is a blend of Chinese and Western influences, known for dishes like chicken rice, pork chop, and coffee.'),(5,'Indonesian',''),(6,'Fusion',''),(7,'South East Asian',''),(8,'Malay',''),(9,'Vietnamese',''),(10,'Thai',''),(11,'Hakka',''),(12,'Western',''),(13,'Korean',''),(14,'Malaysian',''),(15,'Indian',''),(16,'Mamak','Mamak cuisine are the restaurants or stalls of people of Indian Muslim origin, primarily in Malaysia and Singapore, who migrated from South India and Ceylon centuries ago. Mamak cuisine is known for fusion dishes like mee goreng and rice dishes like nasi kandar, and the establishments are often open late or 24 hours.'),(17,'Peranakan',''),(18,'Carnival',''),(19,'Teochew','');
/*!40000 ALTER TABLE `cuisine_types` ENABLE KEYS */;
UNLOCK TABLES;

--
-- Table structure for table `django_admin_log`
--

DROP TABLE IF EXISTS `django_admin_log`;
/*!40101 SET @saved_cs_client     = @@character_set_client */;
/*!50503 SET character_set_client = utf8mb4 */;
CREATE TABLE `django_admin_log` (
  `id` int NOT NULL AUTO_INCREMENT,
  `action_time` datetime(6) NOT NULL,
  `object_id` longtext,
  `object_repr` varchar(200) NOT NULL,
  `action_flag` smallint unsigned NOT NULL,
  `change_message` longtext NOT NULL,
  `content_type_id` int DEFAULT NULL,
  `user_id` bigint NOT NULL,
  PRIMARY KEY (`id`),
  KEY `django_admin_log_content_type_id_c4bce8eb_fk_django_co` (`content_type_id`),
  KEY `django_admin_log_user_id_c564eba6_fk_users_customuser_id` (`user_id`),
  CONSTRAINT `django_admin_log_content_type_id_c4bce8eb_fk_django_co` FOREIGN KEY (`content_type_id`) REFERENCES `django_content_type` (`id`),
  CONSTRAINT `django_admin_log_user_id_c564eba6_fk_users_customuser_id` FOREIGN KEY (`user_id`) REFERENCES `users_customuser` (`id`),
  CONSTRAINT `django_admin_log_chk_1` CHECK ((`action_flag` >= 0))
) ENGINE=InnoDB AUTO_INCREMENT=551 DEFAULT CHARSET=utf8mb4 COLLATE=utf8mb4_0900_ai_ci;
/*!40101 SET character_set_client = @saved_cs_client */;

--
-- Dumping data for table `django_admin_log`
--

LOCK TABLES `django_admin_log` WRITE;
/*!40000 ALTER TABLE `django_admin_log` DISABLE KEYS */;
INSERT INTO `django_admin_log` VALUES (1,'2025-11-11 21:50:47.589386','3','bbb@bbb.com',1,'[{\"added\": {}}]',6,2),(2,'2025-11-11 21:56:55.412975','1','Chinese',1,'[{\"added\": {}}]',11,2),(3,'2025-11-11 21:58:59.688182','2','Hokkien | Fujian | Fuzhou',1,'[{\"added\": {}}]',11,2),(4,'2025-11-11 22:07:00.433811','1','Maxwell Fuzhou Oyster Cake',1,'[{\"added\": {}}, {\"added\": {\"name\": \"Menu Item\", \"object\": \"Fuzhou Oyster Cake - $2.50\"}}]',7,2),(5,'2025-11-11 22:07:19.339039','1','Maxwell Fuzhou Oyster Cake',2,'[{\"changed\": {\"fields\": [\"Is verified\"]}}]',7,2),(6,'2025-11-11 22:38:03.941204','2','Hum Jin Pang',1,'[{\"added\": {}}, {\"added\": {\"name\": \"Menu Item\", \"object\": \"Sweet Red Bean Hum Jin Pang - $1\"}}, {\"added\": {\"name\": \"Menu Item\", \"object\": \"Five Spice Powder Hum Jin Pang - $1\"}}]',7,2),(7,'2025-11-11 22:38:32.353548','3','Cantonese | Guangzhou',1,'[{\"added\": {}}]',11,2),(8,'2025-11-11 22:38:38.875659','2','Hum Jin Pang',2,'[{\"changed\": {\"fields\": [\"Cuisine types\"]}}]',7,2),(9,'2025-11-13 02:40:31.256419','4','Hainanese',1,'[{\"added\": {}}]',11,2),(10,'2025-11-13 03:27:08.379569','3','Tian Tian Hainanese Chicken Rice (Maxwell)',1,'[{\"added\": {}}, {\"added\": {\"name\": \"Menu Item\", \"object\": \"Steamed Chicken Rice (Small) - $3.50\"}}]',7,2),(11,'2025-11-13 03:29:49.370287','3','Tian Tian Hainanese Chicken Rice (Maxwell)',2,'[{\"changed\": {\"fields\": [\"Is verified\"]}}, {\"added\": {\"name\": \"Menu Item\", \"object\": \"Steamed Chicken Rice (Medium) - $5.3\"}}, {\"changed\": {\"name\": \"Menu Item\", \"object\": \"Steamed Chicken Rice (Small) - $3.80\", \"fields\": [\"Dish price\"]}}]',7,2),(12,'2025-11-13 03:33:33.909837','3','Tian Tian Hainanese Chicken Rice (Maxwell)',2,'[{\"added\": {\"name\": \"Menu Item\", \"object\": \"Steam Chicken (Half) - $11.60\"}}]',7,2),(13,'2025-11-13 03:36:17.007723','3','Tian Tian Hainanese Chicken Rice (Maxwell)',2,'[{\"added\": {\"name\": \"Menu Item\", \"object\": \"Steam Chicken (Whole) - $14\"}}]',7,2),(14,'2025-11-13 03:40:22.996472','3','Tian Tian Hainanese Chicken Rice (Maxwell)',2,'[{\"changed\": {\"name\": \"Menu Item\", \"object\": \"Bean Sprouts - $0.80\", \"fields\": [\"Dish name\", \"Dish price\", \"Dish pix\"]}}]',7,2),(15,'2025-11-13 03:42:04.763426','3','Tian Tian Hainanese Chicken Rice (Maxwell)',2,'[{\"added\": {\"name\": \"Menu Item\", \"object\": \"Steamed Chicken Rice (Small) - $3.80\"}}]',7,2),(16,'2025-11-13 03:47:53.629747','3','Tian Tian Hainanese Chicken Rice (Maxwell)',2,'[{\"added\": {\"name\": \"Menu Item\", \"object\": \"Stir-Fried Bok Choy with Oyster Sauce (S) - $2\"}}, {\"changed\": {\"name\": \"Menu Item\", \"object\": \"Bean Sprouts (S) - $2\", \"fields\": [\"Dish name\", \"Dish price\"]}}]',7,2),(17,'2025-11-13 03:49:09.239082','3','Tian Tian Hainanese Chicken Rice (Maxwell)',2,'[{\"changed\": {\"name\": \"Menu Item\", \"object\": \"Bean Sprouts (S) - $2.00\", \"fields\": [\"Dish pix\"]}}]',7,2),(18,'2025-11-13 08:11:53.429440','3','Tian Tian Hainanese Chicken Rice (Maxwell)',2,'[{\"changed\": {\"name\": \"Menu Item\", \"object\": \"Bean Sprouts (S) - $2.00\", \"fields\": [\"Dish pix\"]}}]',7,2),(19,'2025-11-13 08:13:50.713800','6','eee@eee.com',1,'[{\"added\": {}}]',6,2),(20,'2025-11-13 08:14:13.342004','6','eee@eee.com',2,'[]',6,2),(21,'2025-11-13 08:15:03.772197','7','fff@fff.com',1,'[{\"added\": {}}]',6,2),(22,'2025-11-13 08:16:11.444713','8','ggg@ggg.com',1,'[{\"added\": {}}]',6,2),(23,'2025-11-13 08:16:59.186868','9','hhh@hhh.com',1,'[{\"added\": {}}]',6,2),(24,'2025-11-13 08:17:33.379538','10','iii@iii.com',1,'[{\"added\": {}}]',6,2),(25,'2025-11-13 08:18:45.800511','10','iii@iii.com',2,'[{\"changed\": {\"fields\": [\"First name\", \"Last name\", \"User Type\"]}}]',6,2),(26,'2025-11-13 08:19:51.827805','11','jjj@jjj.com',1,'[{\"added\": {}}]',6,2),(27,'2025-11-13 08:22:36.508534','5','Indonesian',1,'[{\"added\": {}}]',11,2),(28,'2025-11-13 08:22:43.055769','6','Fusion',1,'[{\"added\": {}}]',11,2),(29,'2025-11-13 08:43:56.702987','4','Alimama Green Chilli Chicken Rice & Prawn Noodle',1,'[{\"added\": {}}, {\"added\": {\"name\": \"Menu Item\", \"object\": \"Green Chilli Chicken Rice - $7.5\"}}, {\"added\": {\"name\": \"Menu Item\", \"object\": \"Nasi Ikan Bakari - $8\"}}, {\"added\": {\"name\": \"Menu Item\", \"object\": \"Nasi Ayam Pangang - $6\"}}, {\"added\": {\"name\": \"Menu Item\", \"object\": \"Big Prawn Lala Noodle - $5\"}}, {\"added\": {\"name\": \"Menu Item\", \"object\": \"Otak Otak - $1\"}}]',7,2),(30,'2025-11-13 08:56:38.851893','5','Ah Tai Hainanese Chicken Rice',1,'[{\"added\": {}}, {\"added\": {\"name\": \"Menu Item\", \"object\": \"Poached Chicken Rice (S) - $4\"}}, {\"added\": {\"name\": \"Menu Item\", \"object\": \"Poached Chicken Rice (M) - $5\"}}, {\"added\": {\"name\": \"Menu Item\", \"object\": \"Poached Chicken Rice (L) - $6\"}}, {\"added\": {\"name\": \"Menu Item\", \"object\": \"Poached Chicken (Half) - $12\"}}, {\"added\": {\"name\": \"Menu Item\", \"object\": \"Chicken Visceral - $3\"}}]',7,2),(31,'2025-11-13 09:00:28.573705','7','South East Asian',1,'[{\"added\": {}}]',11,2),(32,'2025-11-13 09:11:37.118835','6','Rojak, Popiah & Cockle',1,'[{\"added\": {}}, {\"added\": {\"name\": \"Menu Item\", \"object\": \"Rojak (S) - $3\"}}, {\"added\": {\"name\": \"Menu Item\", \"object\": \"Rojak (M) - $5\"}}, {\"added\": {\"name\": \"Menu Item\", \"object\": \"Rojak (L) - $7\"}}, {\"added\": {\"name\": \"Menu Item\", \"object\": \"Pohpiah - $1.5\"}}, {\"added\": {\"name\": \"Menu Item\", \"object\": \"Pohpiah (Pair) - $2.8\"}}, {\"added\": {\"name\": \"Menu Item\", \"object\": \"Cockles (s) - $4\"}}, {\"added\": {\"name\": \"Menu Item\", \"object\": \"Cockles (m) - $5\"}}, {\"added\": {\"name\": \"Menu Item\", \"object\": \"Cockles (l) - $6\"}}]',7,2),(33,'2025-11-13 09:12:11.885208','6','Rojak, Popiah & Cockle',2,'[{\"changed\": {\"fields\": [\"Opening hours\"]}}]',7,2),(34,'2025-11-13 09:19:05.198221','7','Danlao 蛋佬',1,'[{\"added\": {}}, {\"added\": {\"name\": \"Menu Item\", \"object\": \"Tomato scrambled egg rice bowl - $4.5\"}}, {\"added\": {\"name\": \"Menu Item\", \"object\": \"Luncheon meat scrambled egg rice bowl - $5\"}}]',7,2),(35,'2025-11-13 09:20:07.405006','7','Danlao 蛋佬',2,'[{\"changed\": {\"name\": \"Menu Item\", \"object\": \"Luncheon meat scrambled egg rice bowl - $5.00\", \"fields\": [\"Dish pix\"]}}]',7,2),(36,'2025-11-13 09:30:15.666140','7','Danlao 蛋佬',2,'[{\"added\": {\"name\": \"Menu Item\", \"object\": \"Chicken Cutlet scrambled egg rice bowl - $6\"}}, {\"added\": {\"name\": \"Menu Item\", \"object\": \"Char Siew scrambled egg rice bowl - $6\"}}, {\"added\": {\"name\": \"Menu Item\", \"object\": \"Prawn scrambled egg rice bowl - $7\"}}]',7,2),(37,'2025-11-13 10:34:23.726453','6','Rojak, Popiah & Cockle',2,'[{\"changed\": {\"fields\": [\"Is verified\"]}}]',7,2),(38,'2025-11-13 15:36:40.719258','3','Tian Tian Hainanese Chicken Rice (Maxwell)',2,'[{\"changed\": {\"fields\": [\"Business pix\"]}}]',7,2),(39,'2025-11-13 15:40:50.981215','4','Alimama Green Chilli Chicken Rice & Prawn Noodle',2,'[{\"changed\": {\"fields\": [\"Business pix\"]}}]',7,2),(40,'2025-11-13 15:43:23.828553','6','Rojak, Popiah & Cockle',2,'[{\"changed\": {\"name\": \"Menu Item\", \"object\": \"Pohpiah (Pair) - $2.80\", \"fields\": [\"Dish pix\"]}}]',7,2),(41,'2025-11-13 15:46:17.453376','6','Rojak, Popiah & Cockle',2,'[{\"changed\": {\"fields\": [\"Business pix\"]}}]',7,2),(42,'2025-11-13 15:51:19.456707','6','Rojak, Popiah & Cockle',2,'[{\"changed\": {\"name\": \"Menu Item\", \"object\": \"Rojak (S) with Cuttlefish - $5\", \"fields\": [\"Dish name\", \"Dish price\", \"Dish pix\"]}}, {\"changed\": {\"name\": \"Menu Item\", \"object\": \"Rojak (S) with Century Egg - $4\", \"fields\": [\"Dish name\", \"Dish price\", \"Dish pix\"]}}]',7,2),(43,'2025-11-13 15:51:42.319832','6','Rojak, Popiah & Cockle',2,'[{\"deleted\": {\"name\": \"Menu Item\", \"object\": \"Cockles (l) - $6.00\"}}, {\"deleted\": {\"name\": \"Menu Item\", \"object\": \"Cockles (m) - $5.00\"}}]',7,2),(44,'2025-11-13 15:57:27.684014','6','Rojak, Popiah & Cockle',2,'[{\"changed\": {\"fields\": [\"Description\"]}}, {\"changed\": {\"name\": \"Menu Item\", \"object\": \"Rojak (S) - $3.00\", \"fields\": [\"Dish description\"]}}, {\"changed\": {\"name\": \"Menu Item\", \"object\": \"Rojak (S) with Century Egg - $4.00\", \"fields\": [\"Dish description\"]}}, {\"changed\": {\"name\": \"Menu Item\", \"object\": \"Rojak (S) with Cuttlefish - $5.00\", \"fields\": [\"Dish description\"]}}]',7,2),(45,'2025-11-13 16:04:13.787386','6','Rojak, Popiah & Cockle',2,'[{\"changed\": {\"name\": \"Menu Item\", \"object\": \"Cockles (s) - $4.00\", \"fields\": [\"Dish description\"]}}, {\"changed\": {\"name\": \"Menu Item\", \"object\": \"Pohpiah - $1.50\", \"fields\": [\"Dish description\"]}}, {\"changed\": {\"name\": \"Menu Item\", \"object\": \"Pohpiah (Pair) - $2.80\", \"fields\": [\"Dish description\"]}}]',7,2),(46,'2025-11-13 16:40:20.360842','6','Rojak, Popiah & Cockle',2,'[{\"changed\": {\"name\": \"Menu Item\", \"object\": \"Cockles (s) - $4.00\", \"fields\": [\"Dish description\"]}}]',7,2),(47,'2025-11-13 20:55:12.769163','3','Tian Tian Hainanese Chicken Rice (Maxwell)',2,'[{\"changed\": {\"fields\": [\"Description\"]}}]',7,2),(48,'2025-11-13 21:13:36.763422','3','Tian Tian Hainanese Chicken Rice (Maxwell)',2,'[{\"added\": {\"name\": \"Menu Item\", \"object\": \"Gizzard / liver - $3.00\"}}, {\"changed\": {\"name\": \"Menu Item\", \"object\": \"Beansprouts - $2.00\", \"fields\": [\"Dish name\", \"Dish description\"]}}, {\"changed\": {\"name\": \"Menu Item\", \"object\": \"Beansprouts with Cuttlefish - $4\", \"fields\": [\"Dish name\", \"Dish price\", \"Dish description\", \"Dish pix\"]}}, {\"changed\": {\"name\": \"Menu Item\", \"object\": \"Steam Whole Chicken - $32.00\", \"fields\": [\"Dish name\", \"Dish price\", \"Dish description\"]}}, {\"changed\": {\"name\": \"Menu Item\", \"object\": \"Steamed Chicken Drumstick Rice - $4.20\", \"fields\": [\"Dish name\", \"Dish price\", \"Dish description\"]}}, {\"changed\": {\"name\": \"Menu Item\", \"object\": \"Steamed Chicken Rice - $3.50\", \"fields\": [\"Dish name\", \"Dish price\", \"Dish description\"]}}, {\"changed\": {\"name\": \"Menu Item\", \"object\": \"Oyster Sauce with Vegetables - $2.00\", \"fields\": [\"Dish name\", \"Dish description\"]}}]',7,2),(49,'2025-11-13 21:18:20.267032','3','Tian Tian Hainanese Chicken Rice (Maxwell)',2,'[]',7,2),(50,'2025-11-13 21:18:51.724522','5','Ah Tai Hainanese Chicken Rice',2,'[{\"changed\": {\"name\": \"Menu Item\", \"object\": \"Chicken Visceral - $3.00\", \"fields\": [\"Dish description\"]}}]',7,2),(51,'2025-11-13 21:48:09.517818','5','Ah Tai Hainanese Chicken Rice',2,'[{\"changed\": {\"fields\": [\"Description\"]}}, {\"changed\": {\"name\": \"Menu Item\", \"object\": \"Whole Poached Chicken - $49.50\", \"fields\": [\"Dish name\", \"Dish price\", \"Dish description\"]}}, {\"changed\": {\"name\": \"Menu Item\", \"object\": \"Beansprouts - $5.50\", \"fields\": [\"Dish name\", \"Dish price\", \"Dish description\", \"Dish pix\"]}}, {\"changed\": {\"name\": \"Menu Item\", \"object\": \"Chicken Rice Set - $10.90\", \"fields\": [\"Dish name\", \"Dish price\", \"Dish description\", \"Dish pix\"]}}, {\"changed\": {\"name\": \"Menu Item\", \"object\": \"Poached Chicken Rice - $4.00\", \"fields\": [\"Dish name\", \"Dish description\"]}}]',7,2),(52,'2025-11-13 21:49:14.077693','5','Ah Tai Hainanese Chicken Rice',2,'[{\"changed\": {\"name\": \"Menu Item\", \"object\": \"Poached Chicken Rice Set - $10.90\", \"fields\": [\"Dish name\"]}}]',7,2),(53,'2025-11-14 00:28:04.029891','7','Danlao 蛋佬',2,'[{\"changed\": {\"fields\": [\"Description\"]}}, {\"changed\": {\"name\": \"Menu Item\", \"object\": \"Char siew scrambled egg rice bowl - $6.00\", \"fields\": [\"Dish name\", \"Dish description\"]}}, {\"changed\": {\"name\": \"Menu Item\", \"object\": \"Chicken cutlet scrambled egg rice bowl - $6.00\", \"fields\": [\"Dish name\", \"Dish description\"]}}, {\"changed\": {\"name\": \"Menu Item\", \"object\": \"Luncheon meat scrambled egg rice bowl - $5.00\", \"fields\": [\"Dish description\"]}}, {\"changed\": {\"name\": \"Menu Item\", \"object\": \"Prawn scrambled egg rice bowl - $7.00\", \"fields\": [\"Dish description\"]}}, {\"changed\": {\"name\": \"Menu Item\", \"object\": \"Tomato scrambled egg rice bowl - $4.50\", \"fields\": [\"Dish description\"]}}]',7,2),(54,'2025-11-14 00:46:39.811530','4','Alimama Green Chilli Chicken Rice & Prawn Noodle',2,'[{\"changed\": {\"fields\": [\"Description\"]}}]',7,2),(55,'2025-11-14 00:47:54.830171','3','Cantonese | Guangdong | Yue',2,'[{\"changed\": {\"fields\": [\"Name\"]}}]',11,2),(56,'2025-11-14 00:48:05.295734','2','Hokkien | Fujian | Fuzhou | Min',2,'[{\"changed\": {\"fields\": [\"Name\"]}}]',11,2),(57,'2025-11-14 00:49:13.954062','8','Malay',1,'[{\"added\": {}}]',11,2),(58,'2025-11-14 10:25:00.310902','3','Cantonese',2,'[{\"changed\": {\"fields\": [\"Name\", \"Description\"]}}]',11,2),(59,'2025-11-14 10:34:33.410886','2','Hokkien',2,'[{\"changed\": {\"fields\": [\"Name\", \"Description\"]}}]',11,2),(60,'2025-11-14 10:37:35.826254','3','Cantonese',2,'[{\"changed\": {\"fields\": [\"Description\"]}}]',11,2),(61,'2025-11-14 10:39:03.678696','1','Chinese',2,'[{\"changed\": {\"fields\": [\"Description\"]}}]',11,2),(62,'2025-11-14 10:41:44.192978','3','Cantonese',2,'[{\"changed\": {\"fields\": [\"Description\"]}}]',11,2),(63,'2025-11-14 10:45:33.760540','4','Hainanese',2,'[{\"changed\": {\"fields\": [\"Description\"]}}]',11,2),(64,'2025-11-14 11:40:32.221923','9','Vietnamese',1,'[{\"added\": {}}]',11,2),(65,'2025-11-14 11:59:02.989675','8','Baguette Huong Viet',1,'[{\"added\": {}}, {\"added\": {\"name\": \"Menu Item\", \"object\": \"Traditional Banh Mi - $6.50\"}}, {\"added\": {\"name\": \"Menu Item\", \"object\": \"Beef Banh Mi - $7\"}}, {\"added\": {\"name\": \"Menu Item\", \"object\": \"Grilled Pork Rolls Banh Mi - $6\"}}, {\"added\": {\"name\": \"Menu Item\", \"object\": \"Grilled Chicken Banh Mi - $6.50\"}}, {\"added\": {\"name\": \"Menu Item\", \"object\": \"Stir-Fried Chicken Banh Mi - $7\"}}, {\"added\": {\"name\": \"Menu Item\", \"object\": \"Egg Banh Mi - $6\"}}, {\"added\": {\"name\": \"Menu Item\", \"object\": \"Tofu Banh Mi - $6\"}}, {\"added\": {\"name\": \"Menu Item\", \"object\": \"Vegan Ham Banh Mi - $6.5\"}}]',7,2),(66,'2025-11-14 12:02:22.389972','10','Thai',1,'[{\"added\": {}}]',11,2),(67,'2025-11-14 12:06:01.123489','9','Wa Ree Boat Noodle Thai Cuisine',1,'[{\"added\": {}}, {\"added\": {\"name\": \"Menu Item\", \"object\": \"Beef Boat Noodle - $14.70\"}}, {\"added\": {\"name\": \"Menu Item\", \"object\": \"Pork Boat Noodle - $13\"}}, {\"added\": {\"name\": \"Menu Item\", \"object\": \"Tom Yum Seafood - $25.30\"}}, {\"added\": {\"name\": \"Menu Item\", \"object\": \"Creamy Crab Omelette with Rice - $17.30\"}}, {\"added\": {\"name\": \"Menu Item\", \"object\": \"Green Curry Chicken Rice - $13.30\"}}, {\"added\": {\"name\": \"Menu Item\", \"object\": \"Basil Mince Pork Rice - $12.50\"}}, {\"added\": {\"name\": \"Menu Item\", \"object\": \"Pork Stir Fried Red Curry with Rice - $13.30\"}}]',7,2),(68,'2025-11-14 12:11:37.481611','9','Wa Ree Boat Noodle Thai Cuisine',2,'[{\"changed\": {\"name\": \"Menu Item\", \"object\": \"Beef Boat Noodle - $14.70\", \"fields\": [\"Dish pix\"]}}]',7,2),(69,'2025-11-14 12:12:45.954739','9','Wa Ree Boat Noodle Thai Cuisine',2,'[{\"changed\": {\"fields\": [\"Business pix\"]}}]',7,2),(70,'2025-11-14 12:27:29.108696','9','Wa Ree Boat Noodle Thai Cuisine',2,'[{\"changed\": {\"name\": \"Menu Item\", \"object\": \"Basil Mince Pork Rice - $12.50\", \"fields\": [\"Dish description\", \"Dish pix\"]}}, {\"changed\": {\"name\": \"Menu Item\", \"object\": \"Beef Boat Noodle - $14.70\", \"fields\": [\"Dish description\"]}}, {\"changed\": {\"name\": \"Menu Item\", \"object\": \"Creamy Crab Omelette with Rice - $17.30\", \"fields\": [\"Dish description\", \"Dish pix\"]}}, {\"changed\": {\"name\": \"Menu Item\", \"object\": \"Green Curry Chicken Rice - $13.30\", \"fields\": [\"Dish description\", \"Dish pix\"]}}, {\"changed\": {\"name\": \"Menu Item\", \"object\": \"Pork Boat Noodle - $13.00\", \"fields\": [\"Dish description\", \"Dish pix\"]}}, {\"changed\": {\"name\": \"Menu Item\", \"object\": \"Pork Stir Fried Red Curry with Rice - $13.30\", \"fields\": [\"Dish description\", \"Dish pix\"]}}, {\"changed\": {\"name\": \"Menu Item\", \"object\": \"Tom Yum Seafood - $25.30\", \"fields\": [\"Dish description\", \"Dish pix\"]}}]',7,2),(71,'2025-11-14 20:08:43.321027','12','aa1@aaa.com',1,'[{\"added\": {}}]',6,2),(72,'2025-11-14 20:08:53.649662','12','aa1@aaa.com',2,'[]',6,2),(73,'2025-11-14 20:09:38.507373','13','aa2@aaa.com',1,'[{\"added\": {}}]',6,2),(74,'2025-11-14 20:10:31.338452','14','aa3@aaa.com',1,'[{\"added\": {}}]',6,2),(75,'2025-11-14 20:10:49.013626','13','aa2@aaa.com',2,'[{\"changed\": {\"fields\": [\"User Type\"]}}]',6,2),(76,'2025-11-14 20:11:52.333196','15','aa4@aaa.com',1,'[{\"added\": {}}]',6,2),(77,'2025-11-14 20:12:43.586280','16','aa5@aaa.com',1,'[{\"added\": {}}]',6,2),(78,'2025-11-14 20:36:21.447816','10','Best Satay No 7 & 8',1,'[{\"added\": {}}, {\"added\": {\"name\": \"Menu Item\", \"object\": \"Satay Set A - $26\"}}, {\"added\": {\"name\": \"Menu Item\", \"object\": \"Satay Set B - $41\"}}, {\"added\": {\"name\": \"Menu Item\", \"object\": \"Satay Set C - $65\"}}, {\"added\": {\"name\": \"Menu Item\", \"object\": \"Satay Set D - $96\"}}, {\"added\": {\"name\": \"Menu Item\", \"object\": \"Satay Set E - $130\"}}]',7,2),(79,'2025-11-14 20:40:35.937681','11','Hakka',1,'[{\"added\": {}}]',11,2),(80,'2025-11-14 20:40:49.437837','11','Thunder Tea Rice',1,'[{\"added\": {}}, {\"added\": {\"name\": \"Menu Item\", \"object\": \"Thunder Tea Special - $9.90\"}}]',7,2),(81,'2025-11-14 20:42:35.375999','12','Western',1,'[{\"added\": {}}]',11,2),(82,'2025-11-14 20:44:19.938311','12','Butter & Cream',1,'[{\"added\": {}}]',7,2),(83,'2025-11-14 20:47:23.621188','13','Golden Shoe Hokkien Mee',1,'[{\"added\": {}}, {\"added\": {\"name\": \"Menu Item\", \"object\": \"Hokkien Mee - $7.50\"}}, {\"added\": {\"name\": \"Menu Item\", \"object\": \"Hokkien Mee (L) - $9.50\"}}, {\"added\": {\"name\": \"Menu Item\", \"object\": \"Char Kway Teow - $7.50\"}}, {\"added\": {\"name\": \"Menu Item\", \"object\": \"Chai Tow Kway - $7\"}}, {\"added\": {\"name\": \"Menu Item\", \"object\": \"Oyster Omelette - $9.5\"}}]',7,2),(84,'2025-11-14 20:47:58.971871','13','Korean',1,'[{\"added\": {}}]',11,2),(85,'2025-11-14 20:50:04.841959','14','Rokus a.g.b Creative Korean Burger',1,'[{\"added\": {}}, {\"added\": {\"name\": \"Menu Item\", \"object\": \"Tteokbokki Burger - $13.90\"}}, {\"added\": {\"name\": \"Menu Item\", \"object\": \"Gojuchang Burger - $12.90\"}}, {\"added\": {\"name\": \"Menu Item\", \"object\": \"Myeongnan/Mentaiko Fries - $4.90\"}}]',7,2),(86,'2025-11-14 20:50:56.246572','14','Malaysian',1,'[{\"added\": {}}]',11,2),(87,'2025-11-14 20:55:04.114957','17','aa6@aaa.com',1,'[{\"added\": {}}]',6,2),(88,'2025-11-14 20:55:23.733129','15','Ipoh Hainanese Chicken Rice',1,'[{\"added\": {}}, {\"added\": {\"name\": \"Menu Item\", \"object\": \"Chicken Rice Set - $7.50\"}}, {\"added\": {\"name\": \"Menu Item\", \"object\": \"Ipoh Curry Chicken Noodles - $5.90\"}}, {\"added\": {\"name\": \"Menu Item\", \"object\": \"Shredded Chicken Prawn Ipoh Hor Fun - $5.50\"}}]',7,2),(89,'2025-11-14 20:55:47.538597','15','Ipoh Hainanese Chicken Rice',2,'[{\"changed\": {\"fields\": [\"User\"]}}]',7,2),(90,'2025-11-14 22:13:30.167438','18','bb1@bbb.com',1,'[{\"added\": {}}]',6,2),(91,'2025-11-14 22:13:39.269278','18','bb1@bbb.com',2,'[]',6,2),(92,'2025-11-14 22:14:52.652504','19','bb2@bbb.com',1,'[{\"added\": {}}]',6,2),(93,'2025-11-14 22:15:04.686755','19','bb2@bbb.com',2,'[]',6,2),(94,'2025-11-14 22:15:44.315122','20','bb3@bbb.com',1,'[{\"added\": {}}]',6,2),(95,'2025-11-14 22:16:21.392210','21','bb4@bbb.com',1,'[{\"added\": {}}]',6,2),(96,'2025-11-14 22:17:05.783173','22','bb5@bbb.com',1,'[{\"added\": {}}]',6,2),(97,'2025-11-14 22:17:26.306268','20','bb3@bbb.com',2,'[{\"changed\": {\"fields\": [\"User Type\"]}}]',6,2),(98,'2025-11-14 22:23:23.552022','16','Kwang Kee Teochew Fish Porridge',1,'[{\"added\": {}}, {\"added\": {\"name\": \"Menu Item\", \"object\": \"Fried Fish Soup - $6\"}}, {\"added\": {\"name\": \"Menu Item\", \"object\": \"Fish Head Soup - $6\"}}, {\"added\": {\"name\": \"Menu Item\", \"object\": \"Dual Fish Soup - $7\"}}, {\"added\": {\"name\": \"Menu Item\", \"object\": \"Rice - $0.50\"}}, {\"added\": {\"name\": \"Menu Item\", \"object\": \"Yee Mee - $0.50\"}}, {\"added\": {\"name\": \"Menu Item\", \"object\": \"Thick Bee Hoon - $0.50\"}}, {\"added\": {\"name\": \"Menu Item\", \"object\": \"Mee Sua - $0.50\"}}]',7,2),(99,'2025-11-17 03:50:31.599589','23','ttt@ttt.com',1,'[{\"added\": {}}]',6,2),(100,'2025-11-17 03:50:42.418466','23','ttt@ttt.com',2,'[]',6,2),(101,'2025-11-21 11:57:24.364591','24','cc1@ccc.com',1,'[{\"added\": {}}]',6,2),(102,'2025-11-21 11:58:29.764794','25','cc2@ccc.com',1,'[{\"added\": {}}]',6,2),(103,'2025-11-21 11:59:51.528706','26','cc3@ccc.com',1,'[{\"added\": {}}]',6,2),(104,'2025-11-21 12:16:49.682211','27','cc4@ccc.com',1,'[{\"added\": {}}]',6,2),(105,'2025-11-21 12:17:45.738997','28','cc5@ccc.com',1,'[{\"added\": {}}]',6,2),(106,'2025-11-21 12:18:08.763195','27','cc4@ccc.com',2,'[{\"changed\": {\"fields\": [\"User Type\"]}}]',6,2),(107,'2025-11-21 12:51:06.697980','15','Indian',1,'[{\"added\": {}}]',11,2),(108,'2025-11-21 12:59:21.526252','17','Cindy Chandra',2,'[{\"changed\": {\"fields\": [\"Business pix\", \"Cuisine types\", \"Is verified\"]}}]',7,2),(109,'2025-11-21 12:59:36.495376','17','The Tiffin Room',2,'[{\"changed\": {\"fields\": [\"Business name\"]}}]',7,2),(110,'2025-11-21 13:12:43.938359','17','The Tiffin Room',2,'[{\"changed\": {\"fields\": [\"Latitude\", \"Longitude\", \"Opening hours\"]}}, {\"added\": {\"name\": \"Menu Item\", \"object\": \"Achari Salmon Tikka - $60\"}}, {\"added\": {\"name\": \"Menu Item\", \"object\": \"Zafrani Murgh Malai - $44\"}}, {\"added\": {\"name\": \"Menu Item\", \"object\": \"Laal Maas - $52\"}}, {\"added\": {\"name\": \"Menu Item\", \"object\": \"Nalli Roganjosh - $54\"}}, {\"added\": {\"name\": \"Menu Item\", \"object\": \"Jhinga Biryani - $60\"}}, {\"added\": {\"name\": \"Menu Item\", \"object\": \"Mango Kulfi Falooda - $24\"}}, {\"added\": {\"name\": \"Menu Item\", \"object\": \"Shahi Tukra - $22\"}}]',7,2),(111,'2025-11-21 13:14:35.196011','73','Achari Salmon Tikka - $60.00',2,'[{\"changed\": {\"fields\": [\"Dish description\", \"Dish pix\"]}}]',12,2),(112,'2025-11-22 03:34:16.222706','77','Jhinga Biryani - $60.00',2,'[{\"changed\": {\"fields\": [\"Dish description\", \"Dish pix\"]}}]',12,2),(113,'2025-11-22 03:36:08.011481','75','Laal Maas - $52.00',2,'[{\"changed\": {\"fields\": [\"Dish description\", \"Dish pix\"]}}]',12,2),(114,'2025-11-22 03:37:16.889332','76','Nalli Roganjosh - $54.00',2,'[{\"changed\": {\"fields\": [\"Dish description\", \"Dish pix\"]}}]',12,2),(115,'2025-11-22 03:39:19.647776','78','Mango Kulfi Falooda - $24.00',2,'[{\"changed\": {\"fields\": [\"Dish description\", \"Dish pix\", \"Is vegetarian\"]}}]',12,2),(116,'2025-11-22 03:40:26.424842','79','Shahi Tukra - $22.00',2,'[{\"changed\": {\"fields\": [\"Dish description\", \"Dish pix\", \"Is vegetarian\"]}}]',12,2),(117,'2025-11-22 03:42:16.963098','74','Zafrani Murgh Malai - $44.00',2,'[{\"changed\": {\"fields\": [\"Dish description\", \"Dish pix\"]}}]',12,2),(118,'2025-11-22 04:03:41.849363','18','Red Star Restaurant',1,'[{\"added\": {}}, {\"added\": {\"name\": \"Menu Item\", \"object\": \"Siu Mai - $5.70\"}}, {\"added\": {\"name\": \"Menu Item\", \"object\": \"Har Gao (Prawn Dumplings) - $5.70\"}}, {\"added\": {\"name\": \"Menu Item\", \"object\": \"Xiao Long Bao - $5.70\"}}, {\"added\": {\"name\": \"Menu Item\", \"object\": \"Deep-Fried Yam Pie - $5.70\"}}, {\"added\": {\"name\": \"Menu Item\", \"object\": \"Sugar Cane Prawn - $5.90\"}}]',7,2),(119,'2025-11-22 04:06:38.301832','83','Wu kok (芋角) Deep-Fried Yam Puff - $5.70',2,'[{\"changed\": {\"fields\": [\"Dish name\", \"Dish description\", \"Dish pix\"]}}]',12,2),(120,'2025-11-22 04:07:51.952973','81','Har Gao (蝦餃) - $5.70',2,'[{\"changed\": {\"fields\": [\"Dish name\", \"Dish description\", \"Dish pix\"]}}]',12,2),(121,'2025-11-22 04:08:23.775827','83','Wu Kok (芋角) Deep-Fried Yam Puff - $5.70',2,'[{\"changed\": {\"fields\": [\"Dish name\"]}}]',12,2),(122,'2025-11-22 04:08:50.784032','81','Har Gao (蝦餃) Shrimp Dumpling - $5.70',2,'[{\"changed\": {\"fields\": [\"Dish name\"]}}]',12,2),(123,'2025-11-22 04:10:00.768194','80','Siu Mai (烧卖) - $5.70',2,'[{\"changed\": {\"fields\": [\"Dish name\", \"Dish description\", \"Dish pix\"]}}]',12,2),(124,'2025-11-22 04:13:14.115176','84','Sugar Cane Prawn (蔗蝦) - $5.90',2,'[{\"changed\": {\"fields\": [\"Dish name\", \"Dish description\", \"Dish pix\"]}}]',12,2),(125,'2025-11-22 04:13:39.389722','80','Siu Mai (烧卖) - $5.70',2,'[{\"changed\": {\"fields\": [\"Dish pix\"]}}]',12,2),(126,'2025-11-22 04:18:08.751809','82','Xiao Long Bao (小籠包) - $5.70',2,'[{\"changed\": {\"fields\": [\"Dish name\", \"Dish description\", \"Dish pix\"]}}]',12,2),(127,'2025-11-22 04:18:43.722599','1','Fuzhou Oyster Cake - $2.50',2,'[{\"changed\": {\"fields\": [\"Dish description\"]}}]',12,2),(128,'2025-11-22 04:19:38.492938','3','Five Spice Powder Hum Jin Pang - $1.00',2,'[{\"changed\": {\"fields\": [\"Dish description\"]}}]',12,2),(129,'2025-11-22 04:20:13.916439','2','Sweet Red Bean Hum Jin Pang - $1.00',2,'[{\"changed\": {\"fields\": [\"Dish description\"]}}]',12,2),(130,'2025-11-22 04:22:36.930259','35','Beef Banh Mi - $7.00',2,'[{\"changed\": {\"fields\": [\"Dish description\"]}}]',12,2),(131,'2025-11-22 04:24:03.654337','34','Traditional Banh Mi - $6.50',2,'[{\"changed\": {\"fields\": [\"Dish description\", \"Dish pix\"]}}]',12,2),(132,'2025-11-22 04:33:56.690304','40','Beef Noodle Soup (Phở Bò) - $7.50',2,'[{\"changed\": {\"fields\": [\"Dish name\", \"Dish description\", \"Dish pix\", \"Dish price\"]}}]',12,2),(133,'2025-11-22 04:38:25.135536','39','Grilled Pork Vermicelli with Spring Rolls - $7',2,'[{\"changed\": {\"fields\": [\"Dish name\", \"Dish description\", \"Dish pix\", \"Dish price\"]}}]',12,2),(134,'2025-11-22 04:41:22.618222','38','Stir-Fried Chicken Banh Mi - $7.00',2,'[{\"changed\": {\"fields\": [\"Dish description\", \"Dish pix\"]}}]',12,2),(135,'2025-11-22 04:44:26.676122','41','Vegan Ham Banh Mi - $6.50',2,'[{\"changed\": {\"fields\": [\"Dish description\", \"Dish pix\"]}}]',12,2),(136,'2025-11-22 04:49:52.957338','37','Vegan Spring Rolls - $6',2,'[{\"changed\": {\"fields\": [\"Dish name\", \"Dish description\", \"Dish pix\", \"Dish price\", \"Is vegetarian\", \"Is vegan\"]}}]',12,2),(137,'2025-11-22 04:50:08.731705','41','Vegan Ham Banh Mi - $6.50',2,'[{\"changed\": {\"fields\": [\"Is vegetarian\", \"Is vegan\"]}}]',12,2),(138,'2025-11-22 05:00:18.771777','35','Chicken Noodle Soup (Phở Gà) - $7.00',2,'[{\"changed\": {\"fields\": [\"Dish name\", \"Dish description\", \"Dish pix\"]}}]',12,2),(139,'2025-11-22 05:03:37.754448','36','Grilled Pork Rolls Banh Mi - $6.00',2,'[{\"changed\": {\"fields\": [\"Dish description\", \"Dish pix\"]}}]',12,2),(140,'2025-11-22 05:32:26.004404','19','Lai Wah Restaurant',1,'[{\"added\": {}}, {\"added\": {\"name\": \"Menu Item\", \"object\": \"Yam Pot with Prawns and Cashew Nuts \\u4f5b\\u94b5\\u8170\\u679c\\u867e\\u4ec1 - $33\"}}, {\"added\": {\"name\": \"Menu Item\", \"object\": \"Yam pot with sweet and sour pork \\u6cd5\\u94b5\\u5495\\u54be\\u8089 - $36\"}}, {\"added\": {\"name\": \"Menu Item\", \"object\": \"Yam ring with pork shreds and bean sprouts \\u6cd5\\u94b5\\u98d8\\u9999 - $33\"}}, {\"added\": {\"name\": \"Menu Item\", \"object\": \"Medium Yu Sheng (5-7 pax) - $43\"}}, {\"added\": {\"name\": \"Menu Item\", \"object\": \"Large Yu Sheng (8 - 10 pax) - $80\"}}]',7,2),(141,'2025-11-22 05:35:38.990372','89','Large Yu Sheng (魚生) (8 - 10 pax) - $80.00',2,'[{\"changed\": {\"fields\": [\"Dish name\", \"Dish description\", \"Dish pix\"]}}]',12,2),(142,'2025-11-22 05:36:39.615071','88','Medium Yu Sheng (魚生) (5-7 pax) - $43.00',2,'[{\"changed\": {\"fields\": [\"Dish name\", \"Dish description\", \"Dish pix\"]}}]',12,2),(143,'2025-11-22 05:39:46.893932','85','Yam Pot with Prawns and Cashew Nuts 佛钵腰果虾仁 - $33.00',2,'[{\"changed\": {\"fields\": [\"Dish description\", \"Dish pix\"]}}]',12,2),(144,'2025-11-22 05:40:22.657109','86','Yam pot with sweet and sour pork 法钵咕咾肉 - $36.00',2,'[{\"changed\": {\"fields\": [\"Dish description\", \"Dish pix\"]}}]',12,2),(145,'2025-11-22 05:41:01.649048','87','Yam ring with pork shreds and bean sprouts 法钵飘香 - $33.00',2,'[{\"changed\": {\"fields\": [\"Dish description\", \"Dish pix\"]}}]',12,2),(146,'2025-11-22 05:45:30.530356','29','aa7@aaa.com',1,'[{\"added\": {}}]',6,2),(147,'2025-11-22 06:20:25.950074','16','Mamak',1,'[{\"added\": {}}]',11,2),(148,'2025-11-22 06:28:30.315965','20','Haji Kadir Food Chains Pte Ltd (Lavender Streer)',1,'[{\"added\": {}}, {\"added\": {\"name\": \"Menu Item\", \"object\": \"Soup Tulang Merah (4 pcs) - $10\"}}]',7,2),(149,'2025-11-22 06:35:17.639985','20','Haji Kadir Food Chains Pte Ltd (Lavender Streer)',2,'[{\"changed\": {\"fields\": [\"Cuisine types\"]}}, {\"added\": {\"name\": \"Menu Item\", \"object\": \"Mee Goreng Puteh (Ikan Bilis) - $7.50\"}}, {\"added\": {\"name\": \"Menu Item\", \"object\": \"Roti John (Chicken) - $6\"}}, {\"added\": {\"name\": \"Menu Item\", \"object\": \"Prata - Price not set\"}}]',7,2),(150,'2025-11-22 06:37:01.241919','93','Prata Kosong - $1.50',2,'[{\"changed\": {\"fields\": [\"Dish name\", \"Dish description\", \"Dish pix\", \"Dish price\"]}}]',12,2),(151,'2025-11-22 06:41:08.385966','20','Haji Kadir Food Chains Pte Ltd (Lavender Streer)',2,'[{\"added\": {\"name\": \"Menu Item\", \"object\": \"Mutton Chop - $8\"}}, {\"added\": {\"name\": \"Menu Item\", \"object\": \"Murtabak Stik Beef - $13\"}}, {\"added\": {\"name\": \"Menu Item\", \"object\": \"Fish Curry - $4.50\"}}]',7,2),(152,'2025-11-22 06:42:50.385754','96','Fish Curry - $4.50',2,'[{\"changed\": {\"fields\": [\"Dish description\", \"Dish pix\"]}}]',12,2),(153,'2025-11-22 06:47:14.003234','91','Mee Goreng Puteh (Ikan Bilis) - $7.50',2,'[{\"changed\": {\"fields\": [\"Dish description\", \"Dish pix\"]}}]',12,2),(154,'2025-11-22 06:53:59.861431','95','Murtabak Stik Beef - $13.00',2,'[{\"changed\": {\"fields\": [\"Dish description\", \"Dish pix\"]}}]',12,2),(155,'2025-11-22 07:02:41.541268','94','Mutton Chop - $8.00',2,'[{\"changed\": {\"fields\": [\"Dish description\", \"Dish pix\"]}}]',12,2),(156,'2025-11-22 07:06:21.309133','92','Roti John (Chicken) - $6.00',2,'[{\"changed\": {\"fields\": [\"Dish description\", \"Dish pix\"]}}]',12,2),(157,'2025-11-22 07:07:47.964638','90','Soup Tulang Merah (4 pcs) - $10.00',2,'[{\"changed\": {\"fields\": [\"Dish description\", \"Dish pix\"]}}]',12,2),(158,'2025-11-22 07:10:12.417064','20','Haji Kadir Food Chains Pte Ltd (Lavender Streer)',2,'[{\"added\": {\"name\": \"Menu Item\", \"object\": \"Mutton Briyani - $8\"}}]',7,2),(159,'2025-11-22 07:11:10.128211','97','Mutton Briyani - $8.00',2,'[{\"changed\": {\"fields\": [\"Dish description\", \"Dish pix\"]}}]',12,2),(160,'2025-11-22 07:13:58.595293','20','Haji Kadir Food Chains Pte Ltd (Lavender Streer)',2,'[{\"added\": {\"name\": \"Menu Item\", \"object\": \"Mutton Soup - $6\"}}]',7,2),(161,'2025-11-22 07:16:02.612833','98','Mutton Soup - $6.00',2,'[{\"changed\": {\"fields\": [\"Dish description\", \"Dish pix\"]}}]',12,2),(162,'2025-11-22 07:31:09.024262','17','Peranakan',1,'[{\"added\": {}}]',11,2),(163,'2025-11-22 07:39:26.202402','21','Chatterbox Café',1,'[{\"added\": {}}, {\"added\": {\"name\": \"Menu Item\", \"object\": \"Mandarin Chicken Rice (Individual Set) - $25\"}}, {\"added\": {\"name\": \"Menu Item\", \"object\": \"Chatterbox Rojak - $15\"}}, {\"added\": {\"name\": \"Menu Item\", \"object\": \"Seafood Hokkien Mee - $26\"}}, {\"added\": {\"name\": \"Menu Item\", \"object\": \"\\u201cHokkien Style\\u201d Bak Kut Teh - $26\"}}, {\"added\": {\"name\": \"Menu Item\", \"object\": \"Sweet Platter - $13\"}}]',7,2),(164,'2025-11-22 07:41:33.465436','103','Sweet Platter - $13.00',2,'[{\"changed\": {\"fields\": [\"Dish description\", \"Dish pix\"]}}]',12,2),(165,'2025-11-22 07:42:53.100362','101','Seafood Hokkien Mee - $26.00',2,'[{\"changed\": {\"fields\": [\"Dish description\", \"Dish pix\"]}}]',12,2),(166,'2025-11-22 07:44:27.331211','99','Mandarin Chicken Rice (Individual Set) - $25.00',2,'[{\"changed\": {\"fields\": [\"Dish description\", \"Dish pix\"]}}]',12,2),(167,'2025-11-22 07:45:44.715949','100','Chatterbox Rojak - $15.00',2,'[{\"changed\": {\"fields\": [\"Dish description\", \"Dish pix\"]}}]',12,2),(168,'2025-11-22 07:46:36.801672','102','“Hokkien Style” Bak Kut Teh - $26.00',2,'[{\"changed\": {\"fields\": [\"Dish description\", \"Dish pix\"]}}]',12,2),(169,'2025-11-22 07:48:22.670857','21','Chatterbox Café',2,'[{\"changed\": {\"fields\": [\"Cuisine types\"]}}]',7,2),(170,'2025-11-22 09:20:00.543995','30','cc6@ccc.com',1,'[{\"added\": {}}]',6,2),(171,'2025-11-22 09:21:00.187622','31','cc7@ccc.com',1,'[{\"added\": {}}]',6,2),(172,'2025-11-22 09:22:04.586164','32','cc8@ccc.com',1,'[{\"added\": {}}]',6,2),(173,'2025-11-22 09:23:15.888291','33','cc9@ccc.com',1,'[{\"added\": {}}]',6,2),(174,'2025-11-22 09:24:36.681422','34','cc10@ccc.com',1,'[{\"added\": {}}]',6,2),(175,'2025-11-22 09:46:01.858053','22','Cafe Colbar',1,'[{\"added\": {}}, {\"added\": {\"name\": \"Menu Item\", \"object\": \"Pork Cutlet and Mushroom - $13\"}}, {\"added\": {\"name\": \"Menu Item\", \"object\": \"Chicken Curry Rice - $11\"}}, {\"added\": {\"name\": \"Menu Item\", \"object\": \"Cheesy Omelette & Chips - $11\"}}, {\"added\": {\"name\": \"Menu Item\", \"object\": \"Sirloin Steak Egg Chips & Beans - $30\"}}, {\"added\": {\"name\": \"Menu Item\", \"object\": \"Fried Fish & Chips - $12\"}}, {\"added\": {\"name\": \"Menu Item\", \"object\": \"Hainanese Pork Chop - $16\"}}]',7,2),(176,'2025-11-22 09:48:03.700516','106','Cheesy Omelette & Chips - $11.00',2,'[{\"changed\": {\"fields\": [\"Dish description\", \"Dish pix\"]}}]',12,2),(177,'2025-11-22 09:50:37.507086','105','Chicken Curry Rice - $11.00',2,'[{\"changed\": {\"fields\": [\"Dish description\", \"Dish pix\"]}}]',12,2),(178,'2025-11-22 09:52:37.739860','108','Fried Fish & Chips - $12.00',2,'[{\"changed\": {\"fields\": [\"Dish description\", \"Dish pix\"]}}]',12,2),(179,'2025-11-22 09:53:32.577732','109','Hainanese Pork Chop - $16.00',2,'[{\"changed\": {\"fields\": [\"Dish description\", \"Dish pix\"]}}]',12,2),(180,'2025-11-22 09:55:09.767241','104','Pork Cutlet and Mushroom - $13.00',2,'[{\"changed\": {\"fields\": [\"Dish description\", \"Dish pix\"]}}]',12,2),(181,'2025-11-22 09:56:18.408450','107','Sirloin Steak Egg Chips & Beans - $30.00',2,'[{\"changed\": {\"fields\": [\"Dish description\", \"Dish pix\"]}}]',12,2),(182,'2025-11-22 23:16:00.207647','23','Hjh Maimunah Restaurant',1,'[{\"added\": {}}]',7,2),(183,'2025-11-22 23:18:03.909706','23','Hjh Maimunah Restaurant',2,'[{\"changed\": {\"fields\": [\"Booking type\", \"Booking System URL\", \"Max group size\"]}}]',7,2),(184,'2025-11-22 23:25:30.649243','23','Hjh Maimunah Restaurant',2,'[{\"added\": {\"name\": \"Menu Item\", \"object\": \"Goreng Pisang (5 Pcs) - $6\"}}, {\"added\": {\"name\": \"Menu Item\", \"object\": \"Nasi Sambal Goreng Set - $10.50\"}}, {\"added\": {\"name\": \"Menu Item\", \"object\": \"Asam Pedas Fish Set - $10\"}}, {\"added\": {\"name\": \"Menu Item\", \"object\": \"Beef Rendang Set - $10\"}}, {\"added\": {\"name\": \"Menu Item\", \"object\": \"Original Ambeng Platter - $41\"}}]',7,2),(185,'2025-11-22 23:27:02.069121','112','Asam Pedas Fish Set - $10.00',2,'[{\"changed\": {\"fields\": [\"Dish description\", \"Dish pix\"]}}]',12,2),(186,'2025-11-22 23:27:28.910443','113','Beef Rendang Set - $10.00',2,'[{\"changed\": {\"fields\": [\"Dish description\", \"Dish pix\"]}}]',12,2),(187,'2025-11-22 23:27:52.400952','110','Goreng Pisang (5 Pcs) - $6.00',2,'[{\"changed\": {\"fields\": [\"Dish description\", \"Dish pix\"]}}]',12,2),(188,'2025-11-22 23:28:15.606871','111','Nasi Sambal Goreng Set - $10.50',2,'[{\"changed\": {\"fields\": [\"Dish description\", \"Dish pix\"]}}]',12,2),(189,'2025-11-22 23:28:59.262447','114','Original Ambeng Platter - $41.00',2,'[{\"changed\": {\"fields\": [\"Dish description\", \"Dish pix\"]}}]',12,2),(190,'2025-11-22 23:38:05.843433','23','Hjh Maimunah Restaurant',2,'[{\"added\": {\"name\": \"Menu Item\", \"object\": \"Mee Bakso (Yellow Noodle) - $7.50\"}}, {\"added\": {\"name\": \"Menu Item\", \"object\": \"Paru Belado (Large) - $14.50\"}}, {\"added\": {\"name\": \"Menu Item\", \"object\": \"Bbq Pomfret - $16\"}}, {\"added\": {\"name\": \"Menu Item\", \"object\": \"Ayam Masak Merah (2 Pcs) - $10.50\"}}, {\"added\": {\"name\": \"Menu Item\", \"object\": \"Lemak Siput Sedut (Large) - $13\"}}, {\"added\": {\"name\": \"Menu Item\", \"object\": \"Sayur Lemak Lodeh (Large) - $9.50\"}}, {\"added\": {\"name\": \"Menu Item\", \"object\": \"Traditional Malay Kueh (5 Pcs) - $8\"}}]',7,2),(191,'2025-11-22 23:38:40.477077','121','Traditional Malay Kueh (5 Pcs) - $8.00',2,'[{\"changed\": {\"fields\": [\"Dish description\", \"Dish pix\"]}}]',12,2),(192,'2025-11-22 23:39:19.519184','120','Sayur Lemak Lodeh (Large) - $9.50',2,'[{\"changed\": {\"fields\": [\"Dish description\", \"Dish pix\"]}}]',12,2),(193,'2025-11-22 23:39:57.521652','119','Lemak Siput Sedut (Large) - $13.00',2,'[{\"changed\": {\"fields\": [\"Dish description\", \"Dish pix\"]}}]',12,2),(194,'2025-11-22 23:40:21.771992','118','Ayam Masak Merah (2 Pcs) - $10.50',2,'[{\"changed\": {\"fields\": [\"Dish description\", \"Dish pix\"]}}]',12,2),(195,'2025-11-22 23:40:44.846528','117','Bbq Pomfret - $16.00',2,'[{\"changed\": {\"fields\": [\"Dish description\", \"Dish pix\"]}}]',12,2),(196,'2025-11-22 23:41:19.552977','116','Paru Belado (Large) - $14.50',2,'[{\"changed\": {\"fields\": [\"Dish description\", \"Dish pix\"]}}]',12,2),(197,'2025-11-22 23:41:43.570851','115','Mee Bakso (Yellow Noodle) - $7.50',2,'[{\"changed\": {\"fields\": [\"Dish description\", \"Dish pix\"]}}]',12,2),(198,'2025-11-23 00:44:17.287431','24','328 Katong Laksa (Original)',1,'[{\"added\": {}}, {\"added\": {\"name\": \"Menu Item\", \"object\": \"Laksa \\u53fb\\u6c99 - $7.50\"}}, {\"added\": {\"name\": \"Menu Item\", \"object\": \"Otah - $2\"}}, {\"added\": {\"name\": \"Menu Item\", \"object\": \"Shredded Chicken Laksa - $7\"}}, {\"added\": {\"name\": \"Menu Item\", \"object\": \"Barbecue Chicken Pau - $4.3\"}}, {\"added\": {\"name\": \"Menu Item\", \"object\": \"Loh Mai Kai - $4\"}}]',7,2),(199,'2025-11-23 00:47:59.901125','125','Barbecue Chicken Pau - $4.30',2,'[{\"changed\": {\"fields\": [\"Dish description\", \"Dish pix\"]}}]',12,2),(200,'2025-11-23 00:49:49.574130','122','Laksa 叻沙 - $7.50',2,'[{\"changed\": {\"fields\": [\"Dish description\", \"Dish pix\"]}}]',12,2),(201,'2025-11-23 00:50:58.124876','126','Loh Mai Kai (糯米雞) - $4.00',2,'[{\"changed\": {\"fields\": [\"Dish name\", \"Dish description\", \"Dish pix\"]}}]',12,2),(202,'2025-11-23 00:52:37.559466','123','Otah - $2.00',2,'[{\"changed\": {\"fields\": [\"Dish description\", \"Dish pix\"]}}]',12,2),(203,'2025-11-23 00:55:48.543187','124','Shredded Chicken Laksa - $7.00',2,'[{\"changed\": {\"fields\": [\"Dish description\", \"Dish pix\"]}}]',12,2),(204,'2025-11-23 00:56:12.311732','124','Shredded Chicken Laksa - $7.00',2,'[{\"changed\": {\"fields\": [\"Dish description\"]}}]',12,2),(205,'2025-11-23 03:07:36.102262','25','Coffee House By Old Chang Kee at Rex',1,'[{\"added\": {}}, {\"added\": {\"name\": \"Menu Item\", \"object\": \"Flower Bread Chicken Curry (2 pax) - $13.90\"}}, {\"added\": {\"name\": \"Menu Item\", \"object\": \"Dry Laksa Goreng - $8.90\"}}, {\"added\": {\"name\": \"Menu Item\", \"object\": \"Chicken Vegetables Soup (ABC Soup) with Rice/Macaroni - $8.50\"}}, {\"added\": {\"name\": \"Menu Item\", \"object\": \"Chilli Softshell Crab Pasta - $12.90\"}}, {\"added\": {\"name\": \"Menu Item\", \"object\": \"Blue Pea Nasi Lemak with Crispy Chicken Wing & Otah - $8.90\"}}, {\"added\": {\"name\": \"Menu Item\", \"object\": \"Chicken & Century Egg Porridge with Youtiao - $5.50\"}}, {\"added\": {\"name\": \"Menu Item\", \"object\": \"Tauhu Goreng (2 pcs) - $6.50\"}}, {\"added\": {\"name\": \"Menu Item\", \"object\": \"Bubur Cha Cha (Hot / Cold) - $5\"}}, {\"added\": {\"name\": \"Menu Item\", \"object\": \"Chendol - $4\"}}, {\"added\": {\"name\": \"Menu Item\", \"object\": \"Kaya & Butter Toast Set - $4.5\"}}]',7,2),(206,'2025-11-23 03:11:56.405712','131','Blue Pea Nasi Lemak with Crispy Chicken Wing & Otah - $8.90',2,'[{\"changed\": {\"fields\": [\"Dish description\", \"Dish pix\"]}}]',12,2),(207,'2025-11-23 03:12:48.646812','134','Bubur Cha Cha (Hot / Cold) - $5.00',2,'[{\"changed\": {\"fields\": [\"Dish description\", \"Dish pix\"]}}]',12,2),(208,'2025-11-23 03:13:28.921728','135','Chendol - $4.00',2,'[{\"changed\": {\"fields\": [\"Dish description\", \"Dish pix\"]}}]',12,2),(209,'2025-11-23 03:14:23.568525','132','Chicken & Century Egg Porridge with Youtiao - $5.50',2,'[{\"changed\": {\"fields\": [\"Dish description\", \"Dish pix\"]}}]',12,2),(210,'2025-11-23 03:15:46.447623','129','Chicken Vegetables Soup (ABC Soup) with Rice/Macaroni - $8.50',2,'[{\"changed\": {\"fields\": [\"Dish description\", \"Dish pix\"]}}]',12,2),(211,'2025-11-23 03:16:53.983538','130','Chilli Softshell Crab Pasta - $12.90',2,'[{\"changed\": {\"fields\": [\"Dish description\", \"Dish pix\"]}}]',12,2),(212,'2025-11-23 03:17:22.205426','25','Coffee House By Old Chang Kee at Rex',2,'[{\"changed\": {\"fields\": [\"Cuisine types\"]}}]',7,2),(213,'2025-11-23 03:18:01.793799','21','Chatterbox Café',2,'[{\"changed\": {\"fields\": [\"Cuisine types\"]}}]',7,2),(214,'2025-11-23 03:18:30.002703','24','328 Katong Laksa (Original)',2,'[{\"changed\": {\"fields\": [\"Cuisine types\"]}}]',7,2),(215,'2025-11-23 03:18:50.643482','23','Hjh Maimunah Restaurant',2,'[]',7,2),(216,'2025-11-23 03:19:03.801467','21','Chatterbox Café',2,'[]',7,2),(217,'2025-11-23 03:19:24.567252','18','Red Star Restaurant',2,'[]',7,2),(218,'2025-11-23 03:20:38.197432','128','Dry Laksa Goreng - $8.90',2,'[{\"changed\": {\"fields\": [\"Dish description\", \"Dish pix\"]}}]',12,2),(219,'2025-11-23 03:21:28.094882','127','Flower Bread Chicken Curry (2 pax) - $13.90',2,'[{\"changed\": {\"fields\": [\"Dish description\", \"Dish pix\"]}}]',12,2),(220,'2025-11-23 03:22:39.447373','133','Tauhu Goreng (2 pcs) - $6.50',2,'[{\"changed\": {\"fields\": [\"Dish description\", \"Dish pix\"]}}]',12,2),(221,'2025-11-23 03:23:19.383460','25','Coffee House By Old Chang Kee at Rex',2,'[{\"added\": {\"name\": \"Menu Item\", \"object\": \"Curry Puff (Chicken or Sardines) - $2\"}}]',7,2),(222,'2025-11-23 03:25:52.826626','136','Kaya & Butter Toast Set - $4.50',2,'[{\"changed\": {\"fields\": [\"Dish description\", \"Dish pix\"]}}]',12,2),(223,'2025-11-23 03:27:38.149028','137','Curry Puff (Chicken or Sardines) - $2.00',2,'[{\"changed\": {\"fields\": [\"Dish description\", \"Dish pix\"]}}]',12,2),(224,'2025-11-23 03:33:47.800479','19','Lai Wah Restaurant',2,'[{\"added\": {\"name\": \"Menu Item\", \"object\": \"Signature Starter Platter - $182\"}}, {\"added\": {\"name\": \"Menu Item\", \"object\": \"Singapore Chilli Crab - $50.20\"}}]',7,2),(225,'2025-11-23 03:34:20.775931','19','Lai Wah Restaurant',2,'[{\"changed\": {\"name\": \"Menu Item\", \"object\": \"Signature Starter Platter with Lobster - $182.00\", \"fields\": [\"Dish name\"]}}]',7,2),(226,'2025-11-23 03:35:49.715999','19','Lai Wah Restaurant',2,'[{\"added\": {\"name\": \"Menu Item\", \"object\": \"Mandarin Stewed Chicken (\\u4eac\\u90fd\\u9561\\u5b50\\u9e21) - $37\"}}, {\"added\": {\"name\": \"Menu Item\", \"object\": \"Signature Starter Platter - $82\"}}]',7,2),(227,'2025-11-23 03:40:32.451999','140','Mandarin Stewed Chicken (京都镡子鸡) - $37.00',2,'[{\"changed\": {\"fields\": [\"Dish description\", \"Dish pix\"]}}]',12,2),(228,'2025-11-23 03:43:40.417473','139','Singapore Chilli Crab (600g) - $50.20',2,'[{\"changed\": {\"fields\": [\"Dish name\", \"Dish description\", \"Dish pix\"]}}]',12,2),(229,'2025-11-23 03:49:14.226162','141','Signature Starter Platter - $82.00',2,'[{\"changed\": {\"fields\": [\"Dish description\", \"Dish pix\"]}}]',12,2),(230,'2025-11-23 03:51:17.894548','138','Signature Starter Platter with Lobster - $182.00',2,'[{\"changed\": {\"fields\": [\"Dish description\", \"Dish pix\"]}}]',12,2),(231,'2025-11-23 03:51:56.603934','141','Signature Starter Platter - $82.00',2,'[{\"changed\": {\"fields\": [\"Dish description\"]}}]',12,2),(232,'2025-11-23 04:01:05.574371','26','Kampong Glam Café',1,'[{\"added\": {}}]',7,2),(233,'2025-11-23 04:07:43.645833','26','Kampong Glam Café',2,'[{\"changed\": {\"fields\": [\"Cuisine types\"]}}, {\"added\": {\"name\": \"Menu Item\", \"object\": \"Nasi Goreng Pattaya with chicken - $8\"}}, {\"added\": {\"name\": \"Menu Item\", \"object\": \"Cheese Wedges - $6\"}}, {\"added\": {\"name\": \"Menu Item\", \"object\": \"Nasi Goreng Ayam (Chicken) - $6.5\"}}, {\"added\": {\"name\": \"Menu Item\", \"object\": \"Nasi Goreng Ikan Masin (Salted Fish) - $6.5\"}}, {\"added\": {\"name\": \"Menu Item\", \"object\": \"Kuey Teow Goreng Seafood - $7\"}}, {\"added\": {\"name\": \"Menu Item\", \"object\": \"Kuey Teow Bandung - $8.5\"}}]',7,2),(234,'2025-11-23 04:41:01.137577','143','Cheese Wedges - $6.00',2,'[{\"changed\": {\"fields\": [\"Dish description\", \"Dish pix\"]}}]',12,2),(235,'2025-11-23 04:56:43.776553','147','Kuey Teow Bandung - $8.50',2,'[{\"changed\": {\"fields\": [\"Dish description\", \"Dish pix\"]}}]',12,2),(236,'2025-11-23 05:01:00.285818','146','Kuey Teow Goreng Seafood - $7.00',2,'[{\"changed\": {\"fields\": [\"Dish description\", \"Dish pix\"]}}]',12,2),(237,'2025-11-23 05:04:14.667396','144','Nasi Goreng Ayam (Chicken) - $6.50',2,'[{\"changed\": {\"fields\": [\"Dish description\", \"Dish pix\"]}}]',12,2),(238,'2025-11-23 05:06:16.198766','142','Nasi Goreng Pattaya with Chicken - $8.00',2,'[{\"changed\": {\"fields\": [\"Dish name\", \"Dish description\", \"Dish pix\"]}}]',12,2),(239,'2025-11-23 05:06:43.799001','26','Kampong Glam Café',2,'[{\"changed\": {\"fields\": [\"Cuisine types\"]}}]',7,2),(240,'2025-11-23 05:20:06.320973','145','Nasi Goreng Ikan Masin (Salted Fish) - $6.50',2,'[{\"changed\": {\"fields\": [\"Dish description\", \"Dish pix\"]}}]',12,2),(241,'2025-11-23 05:26:09.473569','35','cc11@ccc.com',1,'[{\"added\": {}}]',6,2),(242,'2025-11-23 05:27:51.903436','36','cc12@ccc.com',1,'[{\"added\": {}}]',6,2),(243,'2025-11-23 05:28:38.507520','37','cc13@ccc.com',1,'[{\"added\": {}}]',6,2),(244,'2025-11-23 05:29:15.484199','38','cc14@ccc.com',1,'[{\"added\": {}}]',6,2),(245,'2025-11-23 05:29:30.757255','38','cc14@ccc.com',2,'[]',6,2),(246,'2025-11-23 05:30:20.932218','39','cc15@ccc.com',1,'[{\"added\": {}}]',6,2),(247,'2025-11-23 05:50:43.880353','27','Palm Beach Seafood',1,'[{\"added\": {}}, {\"added\": {\"name\": \"Menu Item\", \"object\": \"Crab Ala Singapura - Market Price\"}}, {\"added\": {\"name\": \"Menu Item\", \"object\": \"Palm Beach Signature Chilli Crab - Market Price\"}}, {\"added\": {\"name\": \"Menu Item\", \"object\": \"Palm Beach Signature Black Pepper Crab - Price not set\"}}, {\"added\": {\"name\": \"Menu Item\", \"object\": \"Creamy Crab - Price not set\"}}]',7,2),(248,'2025-11-23 06:02:50.821383','27','Palm Beach Seafood',2,'[{\"added\": {\"name\": \"Menu Item\", \"object\": \"Drunken Herbal Prawns - $36\"}}, {\"added\": {\"name\": \"Menu Item\", \"object\": \"Honey Tangy Barramundi - $19.80\"}}, {\"added\": {\"name\": \"Menu Item\", \"object\": \"Pomfret Vermicelli - Market Price\"}}, {\"added\": {\"name\": \"Menu Item\", \"object\": \"Lobster Coco Lobo - Market Price\"}}, {\"changed\": {\"name\": \"Menu Item\", \"object\": \"Creamy Crab - Market Price\", \"fields\": [\"Is market price\"]}}, {\"changed\": {\"name\": \"Menu Item\", \"object\": \"Palm Beach Signature Black Pepper Crab - Market Price\", \"fields\": [\"Is market price\"]}}]',7,2),(249,'2025-11-23 06:03:53.238912','155','Lobster Coco Lobo - Market Price',2,'[{\"changed\": {\"fields\": [\"Dish description\", \"Dish pix\"]}}]',12,2),(250,'2025-11-23 06:04:38.132850','148','Crab Ala Singapura - Market Price',2,'[{\"changed\": {\"fields\": [\"Dish description\", \"Dish pix\"]}}]',12,2),(251,'2025-11-23 06:06:03.657352','151','Creamy Crab - Market Price',2,'[{\"changed\": {\"fields\": [\"Dish description\", \"Dish pix\"]}}]',12,2),(252,'2025-11-23 06:06:18.501690','152','Drunken Herbal Prawns - $36.00',2,'[{\"changed\": {\"fields\": [\"Dish pix\"]}}]',12,2),(253,'2025-11-23 06:06:45.760119','150','Palm Beach Signature Black Pepper Crab - Market Price',2,'[{\"changed\": {\"fields\": [\"Dish description\", \"Dish pix\"]}}]',12,2),(254,'2025-11-23 06:07:27.369689','149','Palm Beach Signature Chilli Crab - Market Price',2,'[{\"changed\": {\"fields\": [\"Dish description\", \"Dish pix\"]}}]',12,2),(255,'2025-11-23 06:08:33.442205','154','Pomfret Vermicelli - Market Price',2,'[{\"changed\": {\"fields\": [\"Dish description\", \"Dish pix\"]}}]',12,2),(256,'2025-11-23 06:09:36.973998','153','Honey Tangy Barramundi - $19.80',2,'[{\"changed\": {\"fields\": [\"Dish description\", \"Dish pix\"]}}]',12,2),(257,'2025-11-23 06:10:26.818848','152','Drunken Herbal Prawns - $36.00',2,'[{\"changed\": {\"fields\": [\"Dish description\"]}}]',12,2),(258,'2025-11-23 06:39:46.871332','28','Roland Restaurant',1,'[{\"added\": {}}, {\"added\": {\"name\": \"Menu Item\", \"object\": \"Roland Chilli Crab - $88\"}}, {\"added\": {\"name\": \"Menu Item\", \"object\": \"Black Sauce Prawns (S) - $33\"}}, {\"added\": {\"name\": \"Menu Item\", \"object\": \"Mini Buddha Jump Over The Wall - $18.80\"}}, {\"added\": {\"name\": \"Menu Item\", \"object\": \"Crispy Baby Squids (S) - $16\"}}, {\"added\": {\"name\": \"Menu Item\", \"object\": \"Crispy Crullers (S) - $16\"}}, {\"added\": {\"name\": \"Menu Item\", \"object\": \"Roasted Spring Chicken - $22\"}}, {\"added\": {\"name\": \"Menu Item\", \"object\": \"House Specialty Mee Goreng (S) - $16\"}}]',7,2),(259,'2025-11-23 06:46:24.212767','160','Crispy Crullers (S) - $16.00',2,'[{\"changed\": {\"fields\": [\"Dish description\", \"Dish pix\"]}}]',12,2),(260,'2025-11-23 06:48:14.379557','159','Crispy Baby Squids (S) 密汁苏東仔 - $16.00',2,'[{\"changed\": {\"fields\": [\"Dish name\", \"Dish description\", \"Dish pix\"]}}]',12,2),(261,'2025-11-23 06:48:54.108346','160','Crispy Crullers (S) 花枝油条 - $16.00',2,'[{\"changed\": {\"fields\": [\"Dish name\"]}}]',12,2),(262,'2025-11-23 07:02:51.019691','157','Black Sauce Prawns (S) 黑酱油虾碌 - $33.00',2,'[{\"changed\": {\"fields\": [\"Dish name\", \"Dish description\", \"Dish pix\"]}}]',12,2),(263,'2025-11-23 07:05:48.053684','158','Mini Buddha Jump Over The Wall - $18.80',2,'[{\"changed\": {\"fields\": [\"Dish description\", \"Dish pix\"]}}]',12,2),(264,'2025-11-23 07:06:16.641179','158','Mini Buddha Jump Over The Wall 迷你佛跳墙 - $18.80',2,'[{\"changed\": {\"fields\": [\"Dish name\"]}}]',12,2),(265,'2025-11-23 07:09:28.716599','161','Roasted Spring Chicken 童子烧鸡 - $22.00',2,'[{\"changed\": {\"fields\": [\"Dish name\", \"Dish description\", \"Dish pix\"]}}]',12,2),(266,'2025-11-23 07:12:05.969541','156','Roland Chilli Crab 东皇辣椒螃蟹 - $88.00',2,'[{\"changed\": {\"fields\": [\"Dish name\", \"Dish description\", \"Dish pix\"]}}]',12,2),(267,'2025-11-23 07:14:57.176121','162','House Specialty Mee Goreng (S) 东皇马来炒麵 - $16.00',2,'[{\"changed\": {\"fields\": [\"Dish name\", \"Dish description\", \"Dish pix\"]}}]',12,2),(268,'2025-11-23 07:35:09.265410','29','Long Beach Seafood Restaurant (UDMC)',1,'[{\"added\": {}}, {\"added\": {\"name\": \"Menu Item\", \"object\": \"The Original & Best Black Pepper Crab \\u9996\\u521b\\u9a70\\u540d\\u6700\\u597d\\u7684\\u9ed1\\u80e1\\u6912 - Market Price\"}}, {\"added\": {\"name\": \"Menu Item\", \"object\": \"Famous Chilli Crab \\u8457\\u540d\\u8fa3\\u6912 - Market Price\"}}, {\"added\": {\"name\": \"Menu Item\", \"object\": \"House Specialty Live Prawn \\u76d6\\u4e16\\u9738\\u738b\\u6d3b\\u867e - $28\"}}, {\"added\": {\"name\": \"Menu Item\", \"object\": \"Live Drunken Prawn with Herbal Soup \\u6e38\\u6c34\\u836f\\u6750\\u9189\\u867e - $32\"}}, {\"added\": {\"name\": \"Menu Item\", \"object\": \"Geoduck Sashimi with Superior Stock Steamboat \\u523a\\u8eab\\u53ca\\u4e0a\\u6c64\\u706b\\u9505 - Market Price\"}}, {\"added\": {\"name\": \"Menu Item\", \"object\": \"Renowned Crispy Duck \\u8457\\u540d\\u9999\\u9165\\u9e2d - $98\"}}, {\"added\": {\"name\": \"Menu Item\", \"object\": \"Irish Roast Duck \\u7231\\u5c14\\u5170\\u70e4\\u9e2d - $79\"}}]',7,2),(269,'2025-11-23 07:42:35.006287','29','Long Beach Seafood Restaurant (UDMC)',2,'[{\"changed\": {\"fields\": [\"Business pix\"]}}]',7,2),(270,'2025-11-23 07:44:39.097170','164','Famous Chilli Crab 著名辣椒 - Market Price',2,'[{\"changed\": {\"fields\": [\"Dish description\", \"Dish pix\"]}}]',12,2),(271,'2025-11-23 07:48:59.363687','169','Irish Roast Duck 爱尔兰烤鸭 - $79.00',2,'[{\"changed\": {\"fields\": [\"Dish description\", \"Dish pix\"]}}]',12,2),(272,'2025-11-23 07:51:31.037024','165','House Specialty Live Prawn 盖世霸王活虾 - $28.00',2,'[{\"changed\": {\"fields\": [\"Dish description\", \"Dish pix\"]}}]',12,2),(273,'2025-11-23 07:53:34.966585','167','Geoduck Sashimi with Superior Stock Steamboat 刺身及上汤火锅 - Market Price',2,'[{\"changed\": {\"fields\": [\"Dish description\", \"Dish pix\"]}}]',12,2),(274,'2025-11-23 07:56:55.580889','163','The Original & Best Black Pepper Crab 首创驰名最好的黑胡椒 - Market Price',2,'[{\"changed\": {\"fields\": [\"Dish description\", \"Dish pix\"]}}]',12,2),(275,'2025-11-23 07:58:59.680273','166','Live Drunken Prawn with Herbal Soup 游水药材醉虾 - $32.00',2,'[{\"changed\": {\"fields\": [\"Dish description\", \"Dish pix\"]}}]',12,2),(276,'2025-11-23 08:00:53.156536','168','Renowned Crispy Duck 著名香酥鸭 - $98.00',2,'[{\"changed\": {\"fields\": [\"Dish description\", \"Dish pix\"]}}]',12,2),(277,'2025-11-23 09:38:21.878449','30','Ya Kun Kaya Toast (Far East Square)',1,'[{\"added\": {}}, {\"added\": {\"name\": \"Menu Item\", \"object\": \"Kaya Toast with Butter Set - $5.60\"}}]',7,2),(278,'2025-11-23 09:40:30.093860','30','Ya Kun Kaya Toast (Far East Square)',2,'[{\"added\": {\"name\": \"Menu Item\", \"object\": \"Tuna Mayo Toastwich - $4.20\"}}, {\"added\": {\"name\": \"Menu Item\", \"object\": \"Kaya Balls - $3.20\"}}, {\"added\": {\"name\": \"Menu Item\", \"object\": \"Signature Kaya Pandan Muffin - $2.30\"}}, {\"added\": {\"name\": \"Menu Item\", \"object\": \"Chicken Char Siew Toastwich - $4.20\"}}]',7,2),(279,'2025-11-23 09:44:22.533526','170','Kaya Toast with Butter Set - $5.60',2,'[{\"changed\": {\"fields\": [\"Dish description\", \"Dish pix\"]}}]',12,2),(280,'2025-11-23 09:45:14.319706','174','Chicken Char Siew Toastwich - $4.20',2,'[{\"changed\": {\"fields\": [\"Dish description\", \"Dish pix\"]}}]',12,2),(281,'2025-11-23 09:46:35.405961','172','Kaya Balls - $3.20',2,'[{\"changed\": {\"fields\": [\"Dish description\", \"Dish pix\"]}}]',12,2),(282,'2025-11-23 09:48:17.517597','173','Signature Kaya Pandan Muffin - $2.30',2,'[{\"changed\": {\"fields\": [\"Dish description\", \"Dish pix\"]}}]',12,2),(283,'2025-11-23 09:49:49.352629','171','Tuna Mayo Toastwich - $4.20',2,'[{\"changed\": {\"fields\": [\"Dish description\", \"Dish pix\"]}}]',12,2),(284,'2025-11-23 15:09:56.642400','31','Muthu\'s Curry',1,'[{\"added\": {}}, {\"added\": {\"name\": \"Menu Item\", \"object\": \"Fish Head Curry - $41.42\"}}, {\"added\": {\"name\": \"Menu Item\", \"object\": \"Masala Prawns - Price not set\"}}, {\"added\": {\"name\": \"Menu Item\", \"object\": \"Tandoori Chicken - Price not set\"}}, {\"added\": {\"name\": \"Menu Item\", \"object\": \"Masala Chicken - Price not set\"}}, {\"added\": {\"name\": \"Menu Item\", \"object\": \"Lamb Rack Ananas - Price not set\"}}, {\"added\": {\"name\": \"Menu Item\", \"object\": \"Flower Crab - Price not set\"}}, {\"added\": {\"name\": \"Menu Item\", \"object\": \"Fish Chukka Varuval - Price not set\"}}]',7,2),(285,'2025-11-23 15:12:57.968738','175','Fish Head Curry - $41.42',2,'[{\"changed\": {\"fields\": [\"Dish description\", \"Dish pix\"]}}]',12,2),(286,'2025-11-23 15:14:55.158395','176','Masala Prawns (2 Pcs) - Price not set',2,'[{\"changed\": {\"fields\": [\"Dish name\", \"Dish description\", \"Dish pix\"]}}]',12,2),(287,'2025-11-23 15:18:12.459819','178','Chicken Masala (Half) - $19.62',2,'[{\"changed\": {\"fields\": [\"Dish name\", \"Dish description\", \"Dish pix\", \"Dish price\"]}}]',12,2),(288,'2025-11-23 15:22:02.268384','181','Muthu\'s Chicken Chukka Varuval - $20.71',2,'[{\"changed\": {\"fields\": [\"Dish name\", \"Dish description\", \"Dish pix\", \"Dish price\"]}}]',12,2),(289,'2025-11-23 15:24:08.667121','180','Nandu Masala - $20.71',2,'[{\"changed\": {\"fields\": [\"Dish name\", \"Dish description\", \"Dish pix\", \"Dish price\"]}}]',12,2),(290,'2025-11-23 15:26:20.658498','177','Tandoori Chicken (Half) - $22.35',2,'[{\"changed\": {\"fields\": [\"Dish name\", \"Dish description\", \"Dish pix\", \"Dish price\"]}}]',12,2),(291,'2025-11-23 15:51:15.095676','179','Muthu\'s Chicken Biryani - $19.62',2,'[{\"changed\": {\"fields\": [\"Dish name\", \"Dish description\", \"Dish pix\", \"Dish price\"]}}]',12,2),(292,'2025-11-23 15:55:06.224619','176','Masala Prawns (2 Pcs) - $19.62',2,'[{\"changed\": {\"fields\": [\"Dish price\"]}}]',12,2),(293,'2025-11-23 15:56:30.244486','179','Muthu\'s Mutton Biryani - $20.71',2,'[{\"changed\": {\"fields\": [\"Dish name\", \"Dish description\", \"Dish price\"]}}]',12,2),(294,'2025-11-23 15:57:21.803226','31','Muthu\'s Curry',2,'[{\"added\": {\"name\": \"Menu Item\", \"object\": \"Muthu\'s Veg Briyani - $16.35\"}}]',7,2),(295,'2025-11-23 15:58:53.515407','182','Muthu\'s Veg Briyani - $16.35',2,'[{\"changed\": {\"fields\": [\"Dish description\", \"Dish pix\"]}}]',12,2),(296,'2025-11-23 15:59:09.475030','182','Muthu\'s Veg Briyani - $16.35',2,'[{\"changed\": {\"fields\": [\"Is vegetarian\"]}}]',12,2),(297,'2025-11-24 05:27:49.517948','20','Haji Kadir Food Chains Pte Ltd (Lavender Streer)',2,'[{\"changed\": {\"fields\": [\"Business pix\"]}}]',7,2),(298,'2025-11-24 11:27:02.486311','1','Enjoy the finest delicacy of the season: Yangcheng Lake Hairy Crabs - Red Star Restaurant',1,'[{\"added\": {}}]',13,2),(299,'2025-11-25 06:17:29.720713','23','Hjh Maimunah Restaurant',2,'[{\"changed\": {\"fields\": [\"Halal\"]}}]',7,2),(300,'2025-11-25 06:18:40.402715','26','Kampong Glam Café',2,'[{\"changed\": {\"fields\": [\"Halal\"]}}]',7,2),(301,'2025-11-25 06:20:11.265339','25','Coffee House By Old Chang Kee at Rex',2,'[{\"changed\": {\"fields\": [\"Halal\"]}}]',7,2),(302,'2025-11-25 06:21:33.692403','15','Ipoh Hainanese Chicken Rice',2,'[{\"changed\": {\"fields\": [\"Halal\"]}}]',7,2),(303,'2025-11-25 06:22:12.502560','10','Best Satay No 7 & 8',2,'[{\"changed\": {\"fields\": [\"Halal\"]}}]',7,2),(304,'2025-11-25 08:20:05.108272','1','Enjoy the finest delicacy of the season: Yangcheng Lake Hairy Crabs - Red Star Restaurant',2,'[{\"changed\": {\"fields\": [\"Event type\", \"Event cuisine\"]}}]',13,2),(305,'2025-11-25 09:57:54.327184','1','Everyday Tour Company',2,'[{\"changed\": {\"fields\": [\"Company name\", \"Description\", \"Singapore Tourism Board License Number\", \"Business phone\", \"Business email\", \"Website\"]}}]',10,2),(306,'2025-11-25 10:02:07.524413','1','Street Art & Street Food Tour',1,'[{\"added\": {}}]',8,2),(307,'2025-11-25 10:07:51.052683','2','Feasting (off the Grid) at the Old Port',1,'[{\"added\": {}}]',8,2),(308,'2025-11-25 10:12:06.621178','40','tt1@ttt.com',1,'[{\"added\": {}}]',6,2),(309,'2025-11-25 10:12:40.347072','41','tt2@ttt.com',1,'[{\"added\": {}}]',6,2),(310,'2025-11-25 10:13:55.171281','42','tt4@ttt.com',1,'[{\"added\": {}}]',6,2),(311,'2025-11-25 10:15:13.891296','43','tt5@ttt.com',1,'[{\"added\": {}}]',6,2),(312,'2025-11-25 10:17:59.743373','2','Indie Singapore Tours LLP',1,'[{\"added\": {}}]',10,2),(313,'2025-11-25 10:38:21.295587','3','Signature Chinatown Walk – Free Walking Tour',1,'[{\"added\": {}}]',8,2),(314,'2025-11-25 10:40:03.948079','4','Hush: Night Food Tour through Geylang',1,'[{\"added\": {}}]',8,2),(315,'2025-11-25 10:42:35.850377','3','Lets Go Tour',1,'[{\"added\": {}}]',10,2),(316,'2025-11-25 10:44:05.794851','5','Market To Table Culinary Experience',1,'[{\"added\": {}}]',8,2),(317,'2025-11-25 10:45:28.794557','6','Let’s Go Cook – Discover Hokkien',1,'[{\"added\": {}}]',8,2),(318,'2025-11-25 10:52:13.986773','4','Oriental Travel and Tours Pte Ltd',1,'[{\"added\": {}}]',10,2),(319,'2025-11-25 10:52:46.444490','4','Oriental Travel and Tours Pte Ltd',2,'[{\"changed\": {\"fields\": [\"Business phone\", \"Business email\", \"Website\"]}}]',10,2),(320,'2025-11-25 10:56:13.083429','7','Ang Mo Kio Neighbourhood Tour',1,'[{\"added\": {}}]',8,2),(321,'2025-11-25 11:00:48.639717','8','Private Michelin Premium Food Tour (Chinatown)',1,'[{\"added\": {}}]',8,2),(322,'2025-11-25 11:02:13.208373','9','Toa Payoh Neighbourhood Tour (Heartland Tour)',1,'[{\"added\": {}}]',8,2),(323,'2025-11-25 11:02:44.082480','4','Hush: Night Food Tour through Geylang',2,'[{\"changed\": {\"fields\": [\"Tour operator\"]}}]',8,2),(324,'2025-11-25 11:04:42.271435','10','Pulau Ubin Island Boat Tour + Kelong Visit',1,'[{\"added\": {}}]',8,2),(325,'2025-11-25 11:24:21.338354','1','Street Art & Street Food Tour',2,'[]',8,2),(326,'2025-11-25 11:38:27.244934','10','Pulau Ubin Island Boat Tour + Kelong Visit',2,'[{\"added\": {\"name\": \"Tour Itinerary\", \"object\": \"TourItinerary object (1)\"}}, {\"added\": {\"name\": \"Tour Itinerary\", \"object\": \"TourItinerary object (2)\"}}, {\"added\": {\"name\": \"Tour Itinerary\", \"object\": \"TourItinerary object (3)\"}}, {\"added\": {\"name\": \"Tour Itinerary\", \"object\": \"TourItinerary object (4)\"}}, {\"added\": {\"name\": \"Tour Itinerary\", \"object\": \"TourItinerary object (5)\"}}, {\"added\": {\"name\": \"Tour Itinerary\", \"object\": \"TourItinerary object (6)\"}}, {\"added\": {\"name\": \"Tour Itinerary\", \"object\": \"TourItinerary object (7)\"}}]',8,2),(327,'2025-11-26 03:49:37.970326','5','Chan Brothers Travel (Pte) Limited',1,'[{\"added\": {}}]',10,2),(328,'2025-11-26 09:21:54.653848','1','Michelin',1,'[{\"added\": {}}]',16,2),(329,'2025-11-26 09:22:43.650308','2','Maxwell Food Centre',1,'[{\"added\": {}}]',16,2),(330,'2025-11-26 09:23:29.174716','1','MICHELIN GUIDE 2025 UPDATE: MAXWELL FOOD CENTRE TAKES THE SPOTLIGHT',1,'[{\"added\": {}}, {\"added\": {\"name\": \"article keyword\", \"object\": \"MICHELIN GUIDE 2025 UPDATE: MAXWELL FOOD CENTRE TAKES THE SPOTLIGHT - Michelin\"}}, {\"added\": {\"name\": \"article keyword\", \"object\": \"MICHELIN GUIDE 2025 UPDATE: MAXWELL FOOD CENTRE TAKES THE SPOTLIGHT - Maxwell Food Centre\"}}]',17,2),(331,'2025-11-26 09:25:19.243586','1','MICHELIN GUIDE 2025 UPDATE: MAXWELL FOOD CENTRE TAKES THE SPOTLIGHT',2,'[{\"added\": {\"name\": \"article image\", \"object\": \"Image for MICHELIN GUIDE 2025 UPDATE: MAXWELL FOOD CENTRE TAKES THE SPOTLIGHT\"}}, {\"added\": {\"name\": \"article image\", \"object\": \"Image for MICHELIN GUIDE 2025 UPDATE: MAXWELL FOOD CENTRE TAKES THE SPOTLIGHT\"}}]',17,2),(332,'2025-11-26 09:57:44.391509','1','MICHELIN GUIDE 2025 UPDATE: MAXWELL FOOD CENTRE TAKES THE SPOTLIGHT',2,'[{\"changed\": {\"fields\": [\"Date written\"]}}]',17,2),(333,'2025-11-26 10:04:41.793134','1','MICHELIN GUIDE 2025 UPDATE: MAXWELL FOOD CENTRE TAKES THE SPOTLIGHT',2,'[]',17,2),(334,'2025-11-26 11:34:27.347221','3','Food Crawl',1,'[{\"added\": {}}]',16,2),(335,'2025-11-26 11:34:39.635029','1','MICHELIN GUIDE 2025 UPDATE: MAXWELL FOOD CENTRE TAKES THE SPOTLIGHT',2,'[{\"added\": {\"name\": \"article keyword\", \"object\": \"MICHELIN GUIDE 2025 UPDATE: MAXWELL FOOD CENTRE TAKES THE SPOTLIGHT - Food Crawl\"}}]',17,2),(336,'2025-11-26 11:42:17.409573','4','Newton Food Centre',1,'[{\"added\": {}}]',16,2),(337,'2025-11-27 14:51:28.093428','44','dd1@ddd.com',1,'[{\"added\": {}}]',6,2),(338,'2025-11-27 15:20:06.308245','32','TLK Events & Lighting',1,'[{\"added\": {}}]',7,2),(339,'2025-11-27 15:20:42.146587','32','TLK Events & Lighting',2,'[{\"changed\": {\"fields\": [\"Is verified\"]}}]',7,2),(340,'2025-11-28 12:58:37.920945','15','Ipoh Hainanese Chicken Rice',2,'[{\"changed\": {\"fields\": [\"Business pix\"]}}]',7,2),(341,'2025-11-28 13:01:43.136036','8','Baguette Huong Viet',2,'[{\"changed\": {\"fields\": [\"Business pix\"]}}]',7,2),(342,'2025-11-28 13:03:11.846930','32','TLK Events & Lighting',2,'[{\"changed\": {\"fields\": [\"Business pix\"]}}]',7,2),(343,'2025-11-28 13:14:09.724994','32','TLK Events & Lighting',2,'[{\"added\": {\"name\": \"event\", \"object\": \"Tampines Central 5 Pasar Malam - TLK Events & Lighting\"}}, {\"added\": {\"name\": \"event\", \"object\": \"Mayflower Place Pasar Malam - TLK Events & Lighting\"}}, {\"added\": {\"name\": \"event\", \"object\": \"Choa Chu Kang Central Pasar Malam - TLK Events & Lighting\"}}]',7,2),(344,'2025-11-28 13:15:46.806515','45','dd2@ddd.com',1,'[{\"added\": {}}]',6,2),(345,'2025-11-28 13:16:00.437603','45','dd2@ddd.com',2,'[]',6,2),(346,'2025-11-28 13:17:04.002904','46','dd3@ddd.com',1,'[{\"added\": {}}]',6,2),(347,'2025-11-28 13:17:14.673345','46','dd3@ddd.com',2,'[]',6,2),(348,'2025-11-28 13:17:57.425178','47','dd4@ddd.com',1,'[{\"added\": {}}]',6,2),(349,'2025-11-28 13:18:52.531174','48','dd5@ddd.com',1,'[{\"added\": {}}]',6,2),(350,'2025-11-28 13:24:45.123780','33','Orchard Road Business Association',1,'[{\"added\": {}}, {\"added\": {\"name\": \"event\", \"object\": \"Christmas on a Great Street 2025 - Orchard Road Business Association\"}}]',7,2),(351,'2025-11-28 13:26:00.467251','33','Orchard Road Business Association',2,'[{\"changed\": {\"fields\": [\"Business pix\"]}}]',7,2),(352,'2025-11-28 13:38:27.492842','5','Christmas on a Great Street - Orchard Road Business Association',2,'[{\"changed\": {\"fields\": [\"Event name\", \"Event description\", \"Event type\", \"Event cuisine\", \"Event website\", \"Event latitude\", \"Event longitude\"]}}]',13,2),(353,'2025-11-28 13:39:04.859068','4','Choa Chu Kang Central Pasar Malam - TLK Events & Lighting',2,'[{\"changed\": {\"fields\": [\"Event end date\"]}}]',13,2),(354,'2025-11-28 13:39:35.293985','18','Carnival',1,'[{\"added\": {}}]',11,2),(355,'2025-11-28 13:40:46.137443','5','Christmas on a Great Street - Orchard Road Business Association',2,'[{\"changed\": {\"fields\": [\"Event cuisine\", \"Event pix\"]}}]',13,2),(356,'2025-11-28 13:45:08.435827','2','Tampines Central 5 Pasar Malam - TLK Events & Lighting',2,'[{\"changed\": {\"fields\": [\"Event description\", \"Event type\", \"Event cuisine\", \"Event pix\"]}}]',13,2),(357,'2025-11-28 13:47:20.361792','4','Choa Chu Kang Central Pasar Malam - TLK Events & Lighting',2,'[{\"changed\": {\"fields\": [\"Event cuisine\", \"Event pix\"]}}]',13,2),(358,'2025-11-28 13:48:26.481803','4','Choa Chu Kang Central Pasar Malam - TLK Events & Lighting',2,'[{\"changed\": {\"fields\": [\"Event latitude\", \"Event longitude\"]}}]',13,2),(359,'2025-11-28 13:49:05.992961','2','Tampines Central 5 Pasar Malam - TLK Events & Lighting',2,'[{\"changed\": {\"fields\": [\"Event latitude\", \"Event longitude\"]}}]',13,2),(360,'2025-11-28 13:56:01.698660','3','Mayflower Place Pasar Malam - TLK Events & Lighting',2,'[{\"changed\": {\"fields\": [\"Event description\", \"Event cuisine\", \"Event pix\", \"Event latitude\", \"Event longitude\"]}}]',13,2),(361,'2025-11-28 15:03:52.560330','5','Christmas on a Great Street - Orchard Road Business Association',2,'[{\"changed\": {\"fields\": [\"Event cuisine\"]}}]',13,2),(362,'2025-11-28 15:04:17.576813','2','Tampines Central 5 Pasar Malam - TLK Events & Lighting',2,'[{\"changed\": {\"fields\": [\"Event cuisine\"]}}]',13,2),(363,'2025-11-30 04:21:20.924107','2','15 best hawker stalls at Newton Food Centre that’ll make you feel like a Tasty Rich Asian',1,'[{\"added\": {}}, {\"added\": {\"name\": \"article image\", \"object\": \"Image for 15 best hawker stalls at Newton Food Centre that\\u2019ll make you feel like a Tasty Rich Asian\"}}, {\"added\": {\"name\": \"article keyword\", \"object\": \"15 best hawker stalls at Newton Food Centre that\\u2019ll make you feel like a Tasty Rich Asian - Newton Food Centre\"}}, {\"added\": {\"name\": \"article keyword\", \"object\": \"15 best hawker stalls at Newton Food Centre that\\u2019ll make you feel like a Tasty Rich Asian - Michelin\"}}, {\"added\": {\"name\": \"article keyword\", \"object\": \"15 best hawker stalls at Newton Food Centre that\\u2019ll make you feel like a Tasty Rich Asian - Food Crawl\"}}]',17,2),(364,'2025-11-30 06:24:29.894181','2','15 best hawker stalls at Newton Food Centre that’ll make you feel like a Tasty Rich Asian',2,'[{\"changed\": {\"fields\": [\"Content\"]}}]',17,2),(365,'2025-11-30 06:26:57.416354','5','Lau Pa Sat',1,'[{\"added\": {}}]',16,2),(366,'2025-11-30 06:27:25.348027','3','Lau Pa Sat food guide: 9 must-eat hawker stalls and dishes',1,'[{\"added\": {}}, {\"added\": {\"name\": \"article keyword\", \"object\": \"Lau Pa Sat food guide: 9 must-eat hawker stalls and dishes - Lau Pa Sat\"}}, {\"added\": {\"name\": \"article keyword\", \"object\": \"Lau Pa Sat food guide: 9 must-eat hawker stalls and dishes - Food Crawl\"}}]',17,2),(367,'2025-11-30 06:37:45.469423','3','Lau Pa Sat food guide: 9 must-eat hawker stalls and dishes',2,'[{\"changed\": {\"fields\": [\"Content\"]}}]',17,2),(368,'2025-11-30 06:46:11.782161','6','Yusheng',1,'[{\"added\": {}}]',16,2),(369,'2025-11-30 06:46:33.411543','7','History',1,'[{\"added\": {}}]',16,2),(370,'2025-11-30 06:46:49.310403','4','Yusheng',1,'[{\"added\": {}}, {\"added\": {\"name\": \"article keyword\", \"object\": \"Yusheng - Yusheng\"}}, {\"added\": {\"name\": \"article keyword\", \"object\": \"Yusheng - History\"}}]',17,2),(371,'2025-11-30 06:53:47.398958','8','Nasi Lemak',1,'[{\"added\": {}}]',16,2),(372,'2025-11-30 06:53:49.991299','5','Nasi Lemak Unplugged: The Delicious History of a Singaporean Favourite',1,'[{\"added\": {}}, {\"added\": {\"name\": \"article image\", \"object\": \"Image for Nasi Lemak Unplugged: The Delicious History of a Singaporean Favourite\"}}, {\"added\": {\"name\": \"article keyword\", \"object\": \"Nasi Lemak Unplugged: The Delicious History of a Singaporean Favourite - History\"}}, {\"added\": {\"name\": \"article keyword\", \"object\": \"Nasi Lemak Unplugged: The Delicious History of a Singaporean Favourite - Nasi Lemak\"}}]',17,2),(373,'2025-11-30 06:57:25.365982','6','Roti Prata',1,'[{\"added\": {}}]',17,2),(374,'2025-11-30 07:14:55.075267','7','How Chicken Rice Became Singapore’s National Dish',1,'[{\"added\": {}}]',17,2),(375,'2025-11-30 07:15:19.257762','9','Chicken Rice',1,'[{\"added\": {}}]',16,2),(376,'2025-11-30 07:17:04.002030','31','Muthu\'s Curry',2,'[{\"changed\": {\"fields\": [\"Is verified\"]}}]',7,2),(377,'2025-11-30 07:17:13.942020','30','Ya Kun Kaya Toast (Far East Square)',2,'[{\"changed\": {\"fields\": [\"Is verified\"]}}]',7,2),(378,'2025-11-30 07:17:23.783493','29','Long Beach Seafood Restaurant (UDMC)',2,'[{\"changed\": {\"fields\": [\"Is verified\"]}}]',7,2),(379,'2025-11-30 07:17:36.805986','28','Roland Restaurant',2,'[{\"changed\": {\"fields\": [\"Is verified\"]}}]',7,2),(380,'2025-11-30 07:17:47.918980','11','Thunder Tea Rice',2,'[{\"changed\": {\"fields\": [\"Description\", \"Is verified\"]}}]',7,2),(381,'2025-11-30 07:17:55.958644','12','Butter & Cream',2,'[{\"changed\": {\"fields\": [\"Is verified\"]}}]',7,2),(382,'2025-11-30 07:18:05.691831','13','Golden Shoe Hokkien Mee',2,'[{\"changed\": {\"fields\": [\"Is verified\"]}}]',7,2),(383,'2025-11-30 07:18:13.329044','14','Rokus a.g.b Creative Korean Burger',2,'[{\"changed\": {\"fields\": [\"Is verified\"]}}]',7,2),(384,'2025-11-30 07:18:23.046146','19','Lai Wah Restaurant',2,'[{\"changed\": {\"fields\": [\"Is verified\"]}}]',7,2),(385,'2025-11-30 10:27:49.693229','11','Thunder Tea Rice',2,'[{\"changed\": {\"fields\": [\"Business pix\", \"Halal\"]}}]',7,2),(386,'2025-11-30 10:32:04.857463','11','Thunder Tea Rice',2,'[{\"added\": {\"name\": \"Menu Item\", \"object\": \"Chickpea Thunder Tea - $7.90\"}}, {\"added\": {\"name\": \"Menu Item\", \"object\": \"Basil Chicken w/ Egg Set - $8.80\"}}, {\"added\": {\"name\": \"Menu Item\", \"object\": \"Chinese Chives Vermicelli - $8.50\"}}, {\"added\": {\"name\": \"Menu Item\", \"object\": \"Basil Chicken w/ Egg Set + Vegetables - $9.80\"}}, {\"added\": {\"name\": \"Menu Item\", \"object\": \"Basil Sambal Chicken / Sotong / Prawn with Egg Set - $10.50\"}}]',7,2),(387,'2025-11-30 10:34:56.988776','12','Butter & Cream',2,'[{\"changed\": {\"fields\": [\"Business pix\"]}}, {\"added\": {\"name\": \"Menu Item\", \"object\": \"Choco Glazed Doffin - $2.90\"}}, {\"added\": {\"name\": \"Menu Item\", \"object\": \"Coconut Bliss Doffin - $2.90\"}}, {\"added\": {\"name\": \"Menu Item\", \"object\": \"M&M Doffin - $2.90\"}}, {\"added\": {\"name\": \"Menu Item\", \"object\": \"Strawberry Field Doffin - $3.20\"}}, {\"added\": {\"name\": \"Menu Item\", \"object\": \"Salted Caramel Doffin - $2.90\"}}]',7,2),(388,'2025-11-30 10:37:21.884663','14','Rokus a.g.b Creative Korean Burger',2,'[{\"added\": {\"name\": \"Menu Item\", \"object\": \"Gourmet Bundle - $19.90\"}}, {\"added\": {\"name\": \"Menu Item\", \"object\": \"Korean Corndog - $5.90\"}}, {\"changed\": {\"name\": \"Menu Item\", \"object\": \"Mentaiko Fries - $4.90\", \"fields\": [\"Dish name\"]}}]',7,2),(389,'2025-11-30 10:53:29.705046','13','Golden Shoe Hokkien Mee',2,'[{\"added\": {\"name\": \"Menu Item\", \"object\": \"Chai Tow Kway (Yin/Yang) - Price not set\"}}, {\"changed\": {\"name\": \"Menu Item\", \"object\": \"Chai Tow Kway (White) - $7.00\", \"fields\": [\"Dish name\"]}}, {\"changed\": {\"name\": \"Menu Item\", \"object\": \"Chai Tow Kway (Black) - $9.50\", \"fields\": [\"Dish name\"]}}]',7,2),(390,'2025-11-30 10:55:21.458324','10','Best Satay No 7 & 8',2,'[{\"added\": {\"name\": \"Menu Item\", \"object\": \"Beef / Chicken / Mutton Satay per stick - $0.90\"}}, {\"added\": {\"name\": \"Menu Item\", \"object\": \"Prawn Satay per stick - $2.20\"}}, {\"added\": {\"name\": \"Menu Item\", \"object\": \"Sotong Satay per stick - $6.50\"}}]',7,2),(391,'2025-11-30 10:56:40.459525','15','Ipoh Hainanese Chicken Rice',2,'[{\"added\": {\"name\": \"Menu Item\", \"object\": \"Oyster Sauce with Vegetables - $6\"}}, {\"added\": {\"name\": \"Menu Item\", \"object\": \"Beansprouts - $6\"}}]',7,2),(392,'2025-11-30 10:58:40.997820','13','Golden Shoe Hokkien Mee',2,'[{\"changed\": {\"fields\": [\"Business pix\"]}}, {\"changed\": {\"name\": \"Menu Item\", \"object\": \"Chai Tow Kway (Black) - $5.50\", \"fields\": [\"Dish price\"]}}, {\"changed\": {\"name\": \"Menu Item\", \"object\": \"Chai Tow Kway (White) - $5.50\", \"fields\": [\"Dish price\"]}}, {\"changed\": {\"name\": \"Menu Item\", \"object\": \"Chai Tow Kway (Yin/Yang) - $7\", \"fields\": [\"Dish price\"]}}]',7,2),(393,'2025-11-30 11:34:35.600940','14','Rokus a.g.b Creative Korean Burger',2,'[{\"changed\": {\"fields\": [\"Business pix\"]}}]',7,2),(394,'2025-11-30 11:36:46.997368','16','Kwang Kee Teochew Fish Porridge',2,'[{\"changed\": {\"fields\": [\"Description\", \"Business pix\"]}}]',7,2),(395,'2025-12-01 13:04:47.289361','4','Oriental Travel and Tours Pte Ltd',2,'[{\"changed\": {\"fields\": [\"Operator Profile Picture\", \"Kitchen Tour\"]}}]',10,2),(396,'2025-12-01 13:10:24.329921','7','Ang Mo Kio Neighbourhood Tour',2,'[{\"changed\": {\"fields\": [\"Tour Picture\"]}}]',8,2),(397,'2025-12-01 13:10:41.334775','4','Oriental Travel and Tours Pte Ltd',2,'[{\"changed\": {\"fields\": [\"Public Liability Insurance\"]}}]',10,2),(398,'2025-12-01 13:26:21.640512','7','Ang Mo Kio Neighbourhood Tour',2,'[{\"changed\": {\"fields\": [\"Tour type\"]}}, {\"added\": {\"name\": \"Tour Itinerary\", \"object\": \"1. No vendor\"}}, {\"added\": {\"name\": \"Tour Itinerary\", \"object\": \"2. No vendor\"}}, {\"added\": {\"name\": \"Tour Itinerary\", \"object\": \"3. No vendor\"}}, {\"added\": {\"name\": \"Tour Itinerary\", \"object\": \"4. No vendor\"}}, {\"added\": {\"name\": \"Tour Itinerary\", \"object\": \"5. No vendor\"}}, {\"added\": {\"name\": \"Tour Itinerary\", \"object\": \"6. No vendor\"}}]',8,2),(399,'2025-12-01 13:28:17.242905','2','Feasting (off the Grid) at the Old Port',2,'[{\"changed\": {\"fields\": [\"Tour Picture\"]}}]',8,2),(400,'2025-12-01 13:30:29.913434','4','Hush: Night Food Tour through Geylang',2,'[{\"changed\": {\"fields\": [\"Tour Picture\"]}}]',8,2),(401,'2025-12-01 13:32:34.061868','3','Lets Go Tour',2,'[{\"changed\": {\"fields\": [\"Description\", \"Operator Profile Picture\", \"Chef\'s Lessons\"]}}]',10,2),(402,'2025-12-01 13:37:31.127424','6','Let’s Go Cook – Discover Hokkien',2,'[{\"changed\": {\"fields\": [\"Tour Picture\"]}}, {\"added\": {\"name\": \"Tour Itinerary\", \"object\": \"1. No vendor\"}}, {\"added\": {\"name\": \"Tour Itinerary\", \"object\": \"2. No vendor\"}}]',8,2),(403,'2025-12-01 13:39:48.513363','5','Market To Table Culinary Experience',2,'[{\"changed\": {\"fields\": [\"Tour Picture\"]}}, {\"added\": {\"name\": \"Tour Itinerary\", \"object\": \"1. No vendor\"}}, {\"added\": {\"name\": \"Tour Itinerary\", \"object\": \"2. No vendor\"}}]',8,2),(404,'2025-12-01 13:40:34.626048','5','Market To Table Culinary Experience',2,'[{\"changed\": {\"name\": \"Tour Itinerary\", \"object\": \"1. No vendor\", \"fields\": [\"Description\"]}}, {\"changed\": {\"name\": \"Tour Itinerary\", \"object\": \"2. No vendor\", \"fields\": [\"Description\"]}}]',8,2),(405,'2025-12-01 13:42:14.221210','10','Pulau Ubin Island Boat Tour + Kelong Visit',2,'[{\"changed\": {\"fields\": [\"Tour Picture\"]}}]',8,2),(406,'2025-12-01 13:53:53.561876','49','ee1@eee.com',1,'[{\"added\": {}}]',6,2),(407,'2025-12-01 13:54:31.078841','50','ee2@eee.com',1,'[{\"added\": {}}]',6,2),(408,'2025-12-01 13:55:05.832911','51','ee3@eee.com',1,'[{\"added\": {}}]',6,2),(409,'2025-12-01 13:56:11.715299','52','ee4@eee.com',1,'[{\"added\": {}}]',6,2),(410,'2025-12-01 13:56:42.663306','53','ee5@eee.com',1,'[{\"added\": {}}]',6,2),(411,'2025-12-01 13:56:57.648159','51','ee3@eee.com',2,'[{\"changed\": {\"fields\": [\"User Type\"]}}]',6,2),(412,'2025-12-01 14:07:29.076543','34','Guan Kee Grilled Seafood',1,'[{\"added\": {}}, {\"added\": {\"name\": \"Menu Item\", \"object\": \"Sambal Stingray - $20\"}}, {\"added\": {\"name\": \"Menu Item\", \"object\": \"Lala - $15\"}}]',7,2),(413,'2025-12-01 14:12:36.883508','34','Guan Kee Grilled Seafood',2,'[{\"changed\": {\"fields\": [\"Address\", \"Opening hours\", \"Phone\"]}}, {\"added\": {\"name\": \"Menu Item\", \"object\": \"Curry Fish Head - $25\"}}, {\"added\": {\"name\": \"Menu Item\", \"object\": \"Chilli Crab - Market Price\"}}, {\"added\": {\"name\": \"Menu Item\", \"object\": \"Deep Fried Baby Squid - $15\"}}, {\"added\": {\"name\": \"Menu Item\", \"object\": \"Gong Gong - $12\"}}, {\"changed\": {\"name\": \"Menu Item\", \"object\": \"Lala - $12\", \"fields\": [\"Dish price\"]}}, {\"changed\": {\"name\": \"Menu Item\", \"object\": \"Sambal Stingray - $12\", \"fields\": [\"Dish price\"]}}]',7,2),(414,'2025-12-01 14:16:25.594815','204','Chilli Crab - Market Price',2,'[{\"changed\": {\"fields\": [\"Dish description\", \"Dish pix\"]}}]',12,2),(415,'2025-12-01 14:18:26.860264','203','Curry Fish Head - $25.00',2,'[{\"changed\": {\"fields\": [\"Dish description\", \"Dish pix\"]}}]',12,2),(416,'2025-12-01 14:20:27.303865','205','Deep Fried Baby Squid - $15.00',2,'[{\"changed\": {\"fields\": [\"Dish description\", \"Dish pix\"]}}]',12,2),(417,'2025-12-01 14:22:09.088682','202','Lala - $12.00',2,'[{\"changed\": {\"fields\": [\"Dish description\", \"Dish pix\"]}}]',12,2),(418,'2025-12-01 14:25:22.372321','206','Gong Gong - $12.00',2,'[{\"changed\": {\"fields\": [\"Dish description\", \"Dish pix\"]}}]',12,2),(419,'2025-12-01 14:26:01.655254','201','Sambal Stingray - $12.00',2,'[{\"changed\": {\"fields\": [\"Dish description\", \"Dish pix\"]}}]',12,2),(420,'2025-12-01 14:58:20.925284','35','Newton Old Signboard 25',1,'[{\"added\": {}}, {\"added\": {\"name\": \"Menu Item\", \"object\": \"Fried Hokkien Prawn Noodle - $6\"}}, {\"added\": {\"name\": \"Menu Item\", \"object\": \"Fried Hokkien Lala Noodle - $8\"}}, {\"added\": {\"name\": \"Menu Item\", \"object\": \"Fried Hokkien Oyster Noodle - $8\"}}]',7,2),(421,'2025-12-01 15:00:41.792365','36','Hup Kee Fried Oyster Omelette',1,'[{\"added\": {}}, {\"added\": {\"name\": \"Menu Item\", \"object\": \"Oyster Omelette - $8\"}}]',7,2),(422,'2025-12-01 15:41:55.257123','37','Heng',1,'[{\"added\": {}}, {\"added\": {\"name\": \"Menu Item\", \"object\": \"Carrot Cake (Black) - $5\"}}, {\"added\": {\"name\": \"Menu Item\", \"object\": \"Carrot Cake (White) - $5\"}}, {\"added\": {\"name\": \"Menu Item\", \"object\": \"Oyster Omelette - Price not set\"}}]',7,2),(423,'2025-12-01 15:44:28.447707','38','Kwee Heng',1,'[{\"added\": {}}, {\"added\": {\"name\": \"Menu Item\", \"object\": \"Braised Duck Rice - $5\"}}, {\"added\": {\"name\": \"Menu Item\", \"object\": \"Braised Duck Noodles - $5\"}}, {\"added\": {\"name\": \"Menu Item\", \"object\": \"Braised Duck Porridge - $5\"}}, {\"added\": {\"name\": \"Menu Item\", \"object\": \"Boneless Crispy Duck - $15\"}}, {\"added\": {\"name\": \"Menu Item\", \"object\": \"Hainanese Chicken Rice - $5\"}}, {\"added\": {\"name\": \"Menu Item\", \"object\": \"Char Siew Roasted Pork Rice - $5\"}}]',7,2),(424,'2025-12-01 15:46:08.080957','54','ee6@eee.com',1,'[{\"added\": {}}]',6,2),(425,'2025-12-01 15:46:59.207971','54','ee6@eee.com',2,'[{\"changed\": {\"fields\": [\"User Type\"]}}]',6,2),(426,'2025-12-01 15:48:54.966857','39','R&B Express',1,'[{\"added\": {}}, {\"added\": {\"name\": \"Menu Item\", \"object\": \"BBQ Chicken Wing - $1.8\"}}, {\"added\": {\"name\": \"Menu Item\", \"object\": \"Beef / Chicken / Pork Satay - $1\"}}]',7,2),(427,'2025-12-01 17:46:53.965983','7','Heritage',2,'[{\"changed\": {\"fields\": [\"Name\"]}}]',16,2),(428,'2025-12-01 17:47:16.463183','10','Roti Prata',1,'[{\"added\": {}}]',16,2),(429,'2025-12-01 17:47:25.983794','6','Roti Prata',2,'[{\"added\": {\"name\": \"article keyword\", \"object\": \"Roti Prata - Heritage\"}}, {\"added\": {\"name\": \"article keyword\", \"object\": \"Roti Prata - Roti Prata\"}}]',17,2),(430,'2025-12-01 17:49:05.158136','11','Tian Tian Hainanese Chicken Rice',1,'[{\"added\": {}}]',16,2),(431,'2025-12-01 17:49:32.901900','12','Hainanese Boneless Chicken Rice',1,'[{\"added\": {}}]',16,2),(432,'2025-12-01 17:49:51.294411','13','Ho Kee Porridge',1,'[{\"added\": {}}]',16,2),(433,'2025-12-01 17:50:09.999190','14','Zhen Zhen Porridge',1,'[{\"added\": {}}]',16,2),(434,'2025-12-01 17:50:27.489328','15','Hainanese Curry Rice',1,'[{\"added\": {}}]',16,2),(435,'2025-12-01 17:50:45.475089','16','Hock Soon Carrot Cake',1,'[{\"added\": {}}]',16,2),(436,'2025-12-01 17:51:05.133618','17','Rojak, Popiah & Cockle',1,'[{\"added\": {}}]',16,2),(437,'2025-12-01 17:51:26.306614','18','Maxwell Laksa',1,'[{\"added\": {}}]',16,2),(438,'2025-12-01 17:51:45.788657','1','Michelin Guide 2025 Update: Mawxell Food Centre Takes the Spotlight',2,'[{\"changed\": {\"fields\": [\"Title\"]}}, {\"added\": {\"name\": \"article keyword\", \"object\": \"Michelin Guide 2025 Update: Mawxell Food Centre Takes the Spotlight - Tian Tian Hainanese Chicken Rice\"}}, {\"added\": {\"name\": \"article keyword\", \"object\": \"Michelin Guide 2025 Update: Mawxell Food Centre Takes the Spotlight - Hainanese Boneless Chicken Rice\"}}, {\"added\": {\"name\": \"article keyword\", \"object\": \"Michelin Guide 2025 Update: Mawxell Food Centre Takes the Spotlight - Ho Kee Porridge\"}}, {\"added\": {\"name\": \"article keyword\", \"object\": \"Michelin Guide 2025 Update: Mawxell Food Centre Takes the Spotlight - Zhen Zhen Porridge\"}}, {\"added\": {\"name\": \"article keyword\", \"object\": \"Michelin Guide 2025 Update: Mawxell Food Centre Takes the Spotlight - Hainanese Curry Rice\"}}, {\"added\": {\"name\": \"article keyword\", \"object\": \"Michelin Guide 2025 Update: Mawxell Food Centre Takes the Spotlight - Hock Soon Carrot Cake\"}}, {\"added\": {\"name\": \"article keyword\", \"object\": \"Michelin Guide 2025 Update: Mawxell Food Centre Takes the Spotlight - Rojak, Popiah & Cockle\"}}, {\"added\": {\"name\": \"article keyword\", \"object\": \"Michelin Guide 2025 Update: Mawxell Food Centre Takes the Spotlight - Maxwell Laksa\"}}]',17,2),(439,'2025-12-01 17:53:04.190189','19','Loong Yik Kee Restaurant',1,'[{\"added\": {}}]',16,2),(440,'2025-12-01 17:53:34.611533','20','Yow Kee',1,'[{\"added\": {}}]',16,2),(441,'2025-12-01 18:06:37.838671','4','Yusheng',2,'[{\"added\": {\"name\": \"article image\", \"object\": \"Image for Yusheng\"}}, {\"added\": {\"name\": \"article image\", \"object\": \"Image for Yusheng\"}}, {\"added\": {\"name\": \"article keyword\", \"object\": \"Yusheng - Loong Yik Kee Restaurant\"}}, {\"added\": {\"name\": \"article keyword\", \"object\": \"Yusheng - Yow Kee\"}}]',17,2),(442,'2025-12-01 18:07:01.314340','3','Lau Pa Sat food guide: 9 must-eat hawker stalls and dishes',2,'[{\"added\": {\"name\": \"article image\", \"object\": \"Image for Lau Pa Sat food guide: 9 must-eat hawker stalls and dishes\"}}]',17,2),(443,'2025-12-01 18:09:45.752477','7','How Chicken Rice Became Singapore’s National Dish',2,'[{\"added\": {\"name\": \"article image\", \"object\": \"Image for How Chicken Rice Became Singapore\\u2019s National Dish\"}}, {\"added\": {\"name\": \"article keyword\", \"object\": \"How Chicken Rice Became Singapore\\u2019s National Dish - Chicken Rice\"}}, {\"added\": {\"name\": \"article keyword\", \"object\": \"How Chicken Rice Became Singapore\\u2019s National Dish - Heritage\"}}]',17,2),(444,'2025-12-02 13:15:38.355268','6','Roti Prata',2,'[{\"added\": {\"name\": \"article image\", \"object\": \"Image for Roti Prata\"}}]',17,2),(445,'2025-12-02 13:15:52.590046','6','Roti Prata',2,'[]',17,2),(446,'2025-12-02 13:20:50.709534','8','Private Michelin Premium Food Tour (Chinatown)',2,'[{\"changed\": {\"fields\": [\"Tour Picture\"]}}]',8,2),(447,'2025-12-02 13:24:12.845379','3','Signature Chinatown Walk – Free Walking Tour',2,'[{\"changed\": {\"fields\": [\"Tour Picture\"]}}]',8,2),(448,'2025-12-02 13:28:06.339825','1','Street Art & Street Food Tour',2,'[{\"changed\": {\"fields\": [\"Tour Picture\"]}}]',8,2),(449,'2025-12-02 13:29:37.103337','9','Toa Payoh Neighbourhood Tour (Heartland Tour)',2,'[{\"changed\": {\"fields\": [\"Tour Picture\"]}}]',8,2),(450,'2025-12-02 13:39:58.496100','39','R&B Express',2,'[{\"changed\": {\"fields\": [\"Description\", \"Business pix\", \"Opening hours\", \"Phone\", \"Website\"]}}, {\"added\": {\"name\": \"Menu Item\", \"object\": \"Chicken Satay (per stick) - $0.7\"}}, {\"added\": {\"name\": \"Menu Item\", \"object\": \"Pork Satay (per stick) - $0.7\"}}, {\"added\": {\"name\": \"Menu Item\", \"object\": \"Pohpiah - $2\"}}, {\"added\": {\"name\": \"Menu Item\", \"object\": \"Kueh Pie Tie - $4\"}}, {\"changed\": {\"name\": \"Menu Item\", \"object\": \"BBQ Chicken Wing - $1.40\", \"fields\": [\"Dish price\"]}}, {\"changed\": {\"name\": \"Menu Item\", \"object\": \"Beef Satay (per stick) - $0.7\", \"fields\": [\"Dish name\", \"Dish price\"]}}]',7,2),(451,'2025-12-02 13:41:57.776416','220','BBQ Chicken Wing - $1.40',2,'[{\"changed\": {\"fields\": [\"Dish description\", \"Dish pix\"]}}]',12,2),(452,'2025-12-02 13:44:14.802696','221','Beef Satay (per stick) - $0.70',2,'[{\"changed\": {\"fields\": [\"Dish description\", \"Dish pix\"]}}]',12,2),(453,'2025-12-02 13:45:28.395031','222','Chicken Satay (per stick) - $0.70',2,'[{\"changed\": {\"fields\": [\"Dish description\", \"Dish pix\"]}}]',12,2),(454,'2025-12-02 13:49:22.123161','223','Pork Satay (per stick) - $0.70',2,'[{\"changed\": {\"fields\": [\"Dish description\", \"Dish pix\"]}}]',12,2),(455,'2025-12-02 13:51:12.266841','224','Pohpiah - $2.00',2,'[{\"changed\": {\"fields\": [\"Dish description\", \"Dish pix\"]}}]',12,2),(456,'2025-12-02 13:53:07.549769','225','Kueh Pie Tee - $4.00',2,'[{\"changed\": {\"fields\": [\"Dish name\", \"Dish description\", \"Dish pix\"]}}]',12,2),(457,'2025-12-02 13:57:00.302959','19','Teochew',1,'[{\"added\": {}}]',11,2),(458,'2025-12-02 13:58:07.316255','36','Hup Kee Fried Oyster Omelette',2,'[{\"changed\": {\"fields\": [\"Description\", \"Website\", \"Cuisine types\"]}}, {\"added\": {\"name\": \"Menu Item\", \"object\": \"Oyster Omelette (Add Oyster) - $12\"}}, {\"added\": {\"name\": \"Menu Item\", \"object\": \"Oyster Egg (No Flour) - $10\"}}, {\"changed\": {\"name\": \"Menu Item\", \"object\": \"Oyster Omelette - $6.00\", \"fields\": [\"Dish price\"]}}]',7,2),(459,'2025-12-02 13:58:24.287262','39','R&B Express',2,'[{\"changed\": {\"fields\": [\"Cuisine types\"]}}]',7,2),(460,'2025-12-02 14:01:43.927307','37','Heng 興',2,'[{\"changed\": {\"fields\": [\"Business name\", \"Description\", \"Address\", \"Opening hours\", \"Website\", \"Cuisine types\"]}}, {\"added\": {\"name\": \"Menu Item\", \"object\": \"Oyster Eggs - $6\"}}, {\"changed\": {\"name\": \"Menu Item\", \"object\": \"Carrot Cake (Black) - $4\", \"fields\": [\"Dish price\"]}}, {\"changed\": {\"name\": \"Menu Item\", \"object\": \"Carrot Cake (White) - $4\", \"fields\": [\"Dish price\"]}}, {\"changed\": {\"name\": \"Menu Item\", \"object\": \"Oyster Omelette - $8\", \"fields\": [\"Dish price\"]}}]',7,2),(461,'2025-12-02 14:03:32.450313','37','Heng 興',2,'[{\"changed\": {\"fields\": [\"Business pix\"]}}]',7,2),(462,'2025-12-02 14:10:16.817696','38','Kwee Heng',2,'[{\"changed\": {\"fields\": [\"Description\", \"Business pix\", \"Address\", \"Opening hours\", \"Website\"]}}, {\"changed\": {\"name\": \"Menu Item\", \"object\": \"Boneless Duck Rice - $4\", \"fields\": [\"Dish name\", \"Dish price\"]}}, {\"changed\": {\"name\": \"Menu Item\", \"object\": \"Braised Duck Rice - $4\", \"fields\": [\"Dish price\"]}}, {\"changed\": {\"name\": \"Menu Item\", \"object\": \"Char Siew Roasted Pork Rice - $4\", \"fields\": [\"Dish price\"]}}, {\"changed\": {\"name\": \"Menu Item\", \"object\": \"Hainanese Chicken Rice - $4\", \"fields\": [\"Dish price\"]}}]',7,2),(463,'2025-12-03 05:01:39.679741','188','Choco Glazed Doffin - $2.90',2,'[{\"changed\": {\"fields\": [\"Dish description\", \"Dish pix\"]}}]',12,2),(464,'2025-12-03 05:05:48.662974','188','Choco Glazed Doffin - $2.90',2,'[{\"changed\": {\"fields\": [\"Dish pix\"]}}]',12,2),(465,'2025-12-03 05:07:35.262273','191','Strawberry Bloom Doffin - $3.20',2,'[{\"changed\": {\"fields\": [\"Dish name\", \"Dish description\", \"Dish pix\"]}}]',12,2),(466,'2025-12-03 05:10:05.053682','189','Hokkaido Koibito Doffin - $3.20',2,'[{\"changed\": {\"fields\": [\"Dish name\", \"Dish description\", \"Dish pix\", \"Dish price\"]}}]',12,2),(467,'2025-12-03 05:13:36.103722','190','Original Egg Tart - $2.90',2,'[{\"changed\": {\"fields\": [\"Dish name\", \"Dish description\", \"Dish pix\"]}}]',12,2),(468,'2025-12-03 05:14:33.954069','192','Salted Egg Lava Tart - $2.90',2,'[{\"changed\": {\"fields\": [\"Dish name\", \"Dish description\", \"Dish pix\"]}}]',12,2),(469,'2025-12-03 05:40:37.878718','10','Best Satay No 7 & 8',2,'[{\"changed\": {\"name\": \"Menu Item\", \"object\": \"Beef / Chicken / Mutton Satay per stick - $0.90\", \"fields\": [\"Dish pix\"]}}, {\"changed\": {\"name\": \"Menu Item\", \"object\": \"Prawn Satay per stick - $2.20\", \"fields\": [\"Dish pix\"]}}, {\"changed\": {\"name\": \"Menu Item\", \"object\": \"Sotong Satay per stick - $6.50\", \"fields\": [\"Dish pix\"]}}]',7,2),(470,'2025-12-03 05:42:54.213793','68','Dual Fish Soup - $7.00',2,'[{\"changed\": {\"fields\": [\"Dish description\"]}}]',12,2),(471,'2025-12-03 06:05:08.711556','16','Kwang Kee Teochew Fish Porridge',2,'[{\"changed\": {\"fields\": [\"Cuisine types\"]}}, {\"changed\": {\"name\": \"Menu Item\", \"object\": \"Dual Fish Soup - $7.00\", \"fields\": [\"Dish pix\"]}}, {\"changed\": {\"name\": \"Menu Item\", \"object\": \"Fish Head Soup - $6.00\", \"fields\": [\"Dish pix\"]}}, {\"changed\": {\"name\": \"Menu Item\", \"object\": \"Fried Fish Soup - $6.00\", \"fields\": [\"Dish pix\"]}}, {\"changed\": {\"name\": \"Menu Item\", \"object\": \"Mee Sua - $0.50\", \"fields\": [\"Dish pix\"]}}, {\"changed\": {\"name\": \"Menu Item\", \"object\": \"Rice - $0.50\", \"fields\": [\"Dish pix\"]}}, {\"changed\": {\"name\": \"Menu Item\", \"object\": \"Thick Bee Hoon - $0.50\", \"fields\": [\"Dish pix\"]}}, {\"changed\": {\"name\": \"Menu Item\", \"object\": \"Yee Mee - $0.50\", \"fields\": [\"Dish pix\"]}}]',7,2),(472,'2025-12-03 06:08:50.243244','196','Beef / Chicken / Mutton Satay per stick - $0.90',2,'[{\"changed\": {\"fields\": [\"Dish description\"]}}]',12,2),(473,'2025-12-03 06:10:12.450400','197','Prawn Satay per stick - $2.20',2,'[{\"changed\": {\"fields\": [\"Dish description\"]}}]',12,2),(474,'2025-12-03 06:12:12.000073','198','Sotong Satay per stick - $6.50',2,'[{\"changed\": {\"fields\": [\"Dish description\"]}}]',12,2),(475,'2025-12-03 06:15:18.006483','10','Best Satay No 7 & 8',2,'[{\"changed\": {\"name\": \"Menu Item\", \"object\": \"Beef / Chicken / Mutton Satay per stick - $0.90\", \"fields\": [\"Dish pix\"]}}, {\"changed\": {\"name\": \"Menu Item\", \"object\": \"Satay Set A - $26.00\", \"fields\": [\"Dish pix\"]}}, {\"changed\": {\"name\": \"Menu Item\", \"object\": \"Satay Set B - $41.00\", \"fields\": [\"Dish pix\"]}}, {\"changed\": {\"name\": \"Menu Item\", \"object\": \"Satay Set C - $65.00\", \"fields\": [\"Dish pix\"]}}, {\"changed\": {\"name\": \"Menu Item\", \"object\": \"Satay Set D - $96.00\", \"fields\": [\"Dish pix\"]}}, {\"changed\": {\"name\": \"Menu Item\", \"object\": \"Satay Set E - $130.00\", \"fields\": [\"Dish pix\"]}}]',7,2),(476,'2025-12-04 08:27:57.562628','184','Basil Chicken w/ Egg Set - $8.80',2,'[{\"changed\": {\"fields\": [\"Dish description\", \"Dish pix\"]}}]',12,2),(477,'2025-12-04 08:30:10.708052','186','Basil Chicken w/ Egg Set + Vegetables - $9.80',2,'[{\"changed\": {\"fields\": [\"Dish description\", \"Dish pix\"]}}]',12,2),(478,'2025-12-04 08:32:23.790330','187','Basil Sambal Chicken / Sotong / Prawn with Egg Set - $10.50',2,'[{\"changed\": {\"fields\": [\"Dish description\", \"Dish pix\"]}}]',12,2),(479,'2025-12-04 08:34:38.155747','183','Chickpea Thunder Tea - $7.90',2,'[{\"changed\": {\"fields\": [\"Dish description\", \"Dish pix\"]}}]',12,2),(480,'2025-12-04 08:36:14.227731','185','Chinese Chives Vermicelli - $8.50',2,'[{\"changed\": {\"fields\": [\"Dish description\", \"Dish pix\"]}}]',12,2),(481,'2025-12-04 08:58:12.213151','54','Thunder Tea Special - $9.90',2,'[{\"changed\": {\"fields\": [\"Dish description\", \"Dish pix\"]}}]',12,2),(482,'2025-12-04 09:00:43.206888','67','Fish Head Soup - $6.00',2,'[{\"changed\": {\"fields\": [\"Dish description\"]}}]',12,2),(483,'2025-12-04 09:01:31.254371','66','Fried Fish Soup - $6.00',2,'[{\"changed\": {\"fields\": [\"Dish description\"]}}]',12,2),(484,'2025-12-04 09:04:04.263095','72','Mee Sua - $0.50',2,'[{\"changed\": {\"fields\": [\"Dish description\"]}}]',12,2),(485,'2025-12-04 09:05:18.349223','70','Yee Mee - $0.50',2,'[{\"changed\": {\"fields\": [\"Dish description\"]}}]',12,2),(486,'2025-12-04 09:06:24.815807','69','Rice - $0.50',2,'[{\"changed\": {\"fields\": [\"Dish description\"]}}]',12,2),(487,'2025-12-05 07:57:04.088612','35','Newton Old Signboard 25',2,'[{\"changed\": {\"fields\": [\"Description\", \"Business pix\", \"Phone\"]}}, {\"added\": {\"name\": \"Menu Item\", \"object\": \"Fried Kway Tiao - $6\"}}, {\"changed\": {\"name\": \"Menu Item\", \"object\": \"Fried Hokkien Lala Noodle - $8.00\", \"fields\": [\"Dish pix\"]}}, {\"changed\": {\"name\": \"Menu Item\", \"object\": \"Fried Hokkien Oyster Noodle - $8.00\", \"fields\": [\"Dish pix\"]}}, {\"changed\": {\"name\": \"Menu Item\", \"object\": \"Fried Hokkien Prawn Noodle - $6.00\", \"fields\": [\"Dish pix\"]}}]',7,2),(488,'2025-12-05 07:59:46.311310','207','Fried Hokkien Prawn Noodle - $6.00',2,'[{\"changed\": {\"fields\": [\"Dish description\", \"Dish pix\"]}}]',12,2),(489,'2025-12-05 08:00:52.880934','208','Fried Hokkien Lala Noodle - $8.00',2,'[{\"changed\": {\"fields\": [\"Dish description\"]}}]',12,2),(490,'2025-12-05 08:02:13.455542','209','Fried Hokkien Oyster Noodle - $8.00',2,'[{\"changed\": {\"fields\": [\"Dish description\"]}}]',12,2),(491,'2025-12-05 08:02:57.639316','229','Fried Kway Tiao - $6.00',2,'[{\"changed\": {\"fields\": [\"Dish description\"]}}]',12,2),(492,'2025-12-05 08:06:31.557404','211','Carrot Cake (Black) - $4.00',2,'[{\"changed\": {\"fields\": [\"Dish description\", \"Dish pix\"]}}]',12,2),(493,'2025-12-05 08:08:54.541898','212','Carrot Cake (White) - $4.00',2,'[{\"changed\": {\"fields\": [\"Dish description\", \"Dish pix\"]}}]',12,2),(494,'2025-12-05 08:11:05.109235','228','Oyster Eggs - $6.00',2,'[{\"changed\": {\"fields\": [\"Dish description\", \"Dish pix\"]}}]',12,2),(495,'2025-12-05 08:12:34.739393','213','Oyster Omelette - $8.00',2,'[{\"changed\": {\"fields\": [\"Dish description\", \"Dish pix\"]}}]',12,2),(496,'2025-12-05 08:19:52.306235','217','Boneless Duck Rice - $4.00',2,'[{\"changed\": {\"fields\": [\"Dish description\", \"Dish pix\"]}}]',12,2),(497,'2025-12-05 08:21:23.412687','215','Braised Duck Noodles - $5.00',2,'[{\"changed\": {\"fields\": [\"Dish description\", \"Dish pix\"]}}]',12,2),(498,'2025-12-05 08:24:01.624451','216','Braised Duck Porridge - $5.00',2,'[{\"changed\": {\"fields\": [\"Dish description\", \"Dish pix\"]}}]',12,2),(499,'2025-12-05 08:26:07.432806','214','Braised Duck Rice - $6.00',2,'[{\"changed\": {\"fields\": [\"Dish description\", \"Dish pix\", \"Dish price\"]}}]',12,2),(500,'2025-12-05 08:28:27.331171','219','Char Siew Roasted Pork Rice - $4.00',2,'[{\"changed\": {\"fields\": [\"Dish description\", \"Dish pix\"]}}]',12,2),(501,'2025-12-05 08:30:11.420469','218','Hainanese Chicken Rice - $4.00',2,'[{\"changed\": {\"fields\": [\"Dish description\", \"Dish pix\"]}}]',12,2),(502,'2025-12-05 08:31:01.813585','38','Kwee Heng',2,'[{\"changed\": {\"fields\": [\"Cuisine types\"]}}]',7,2),(503,'2025-12-05 09:45:50.722926','61','Gochujang Burger - $12.90',2,'[{\"changed\": {\"fields\": [\"Dish name\", \"Dish description\", \"Dish pix\"]}}]',12,2),(504,'2025-12-05 09:48:16.631511','193','Gourmet Bundle - $19.90',2,'[{\"changed\": {\"fields\": [\"Dish description\", \"Dish pix\"]}}]',12,2),(505,'2025-12-05 09:48:51.066054','56','Chai Tow Kway (Black) - $5.50',2,'[{\"changed\": {\"fields\": [\"Dish pix\"]}}]',12,2),(506,'2025-12-05 09:49:15.081961','58','Chai Tow Kway (White) - $5.50',2,'[{\"changed\": {\"fields\": [\"Dish pix\"]}}]',12,2),(507,'2025-12-05 09:51:51.316490','194','Korean Corndog - $5.90',2,'[{\"changed\": {\"fields\": [\"Dish description\", \"Dish pix\"]}}]',12,2),(508,'2025-12-05 09:53:32.461644','62','Mentaiko Fries - $4.90',2,'[{\"changed\": {\"fields\": [\"Dish description\", \"Dish pix\"]}}]',12,2),(509,'2025-12-05 09:55:54.949887','60','Tteokbokki Burger - $13.90',2,'[{\"changed\": {\"fields\": [\"Dish description\", \"Dish pix\"]}}]',12,2),(510,'2025-12-05 09:59:33.330619','200','Beansprouts - $6.00',2,'[{\"changed\": {\"fields\": [\"Dish description\", \"Dish pix\"]}}]',12,2),(511,'2025-12-05 10:01:18.592953','63','Chicken Rice Set - $7.50',2,'[{\"changed\": {\"fields\": [\"Dish description\", \"Dish pix\"]}}]',12,2),(512,'2025-12-05 10:03:09.806890','64','Ipoh Curry Chicken Noodles - $5.90',2,'[{\"changed\": {\"fields\": [\"Dish description\", \"Dish pix\"]}}]',12,2),(513,'2025-12-05 10:06:30.705554','199','Oyster Sauce with Vegetables - $6.00',2,'[{\"changed\": {\"fields\": [\"Dish description\", \"Dish pix\"]}}]',12,2),(514,'2025-12-05 10:08:43.588240','65','Shredded Chicken Prawn Ipoh Hor Fun - $5.50',2,'[{\"changed\": {\"fields\": [\"Dish description\", \"Dish pix\"]}}]',12,2),(515,'2025-12-05 10:10:08.525727','56','Chai Tow Kway (Black) - $5.50',2,'[{\"changed\": {\"fields\": [\"Dish description\"]}}]',12,2),(516,'2025-12-05 10:11:11.865261','58','Chai Tow Kway (White) - $5.50',2,'[{\"changed\": {\"fields\": [\"Dish description\"]}}]',12,2),(517,'2025-12-05 10:14:25.434802','195','Chai Tow Kway (Yin/Yang) - $7.00',2,'[{\"changed\": {\"fields\": [\"Dish description\", \"Dish pix\"]}}]',12,2),(518,'2025-12-05 10:16:22.167484','57','Char Kway Teow - $7.50',2,'[{\"changed\": {\"fields\": [\"Dish description\", \"Dish pix\"]}}]',12,2),(519,'2025-12-05 10:17:54.766293','55','Hokkien Mee - $7.50',2,'[{\"changed\": {\"fields\": [\"Dish description\", \"Dish pix\"]}}]',12,2),(520,'2025-12-05 10:19:09.872291','59','Oyster Omelette - $9.50',2,'[{\"changed\": {\"fields\": [\"Dish description\", \"Dish pix\"]}}]',12,2),(521,'2025-12-05 10:22:26.846018','210','Oyster Omelette - $6.00',2,'[{\"changed\": {\"fields\": [\"Dish description\", \"Dish pix\"]}}]',12,2),(522,'2025-12-05 10:23:40.865260','227','Oyster Egg (No Flour) - $10.00',2,'[{\"changed\": {\"fields\": [\"Dish description\", \"Dish pix\"]}}]',12,2),(523,'2025-12-05 10:24:42.779992','226','Oyster Omelette (Add Oyster) - $12.00',2,'[{\"changed\": {\"fields\": [\"Dish description\", \"Dish pix\"]}}]',12,2),(524,'2025-12-05 10:38:12.881537','9','Toa Payoh Neighbourhood Tour (Heartland Tour)',2,'[{\"added\": {\"name\": \"Tour Itinerary\", \"object\": \"1. No vendor\"}}, {\"added\": {\"name\": \"Tour Itinerary\", \"object\": \"2. No vendor\"}}, {\"added\": {\"name\": \"Tour Itinerary\", \"object\": \"3. No vendor\"}}, {\"added\": {\"name\": \"Tour Itinerary\", \"object\": \"4. No vendor\"}}, {\"added\": {\"name\": \"Tour Itinerary\", \"object\": \"5. No vendor\"}}, {\"added\": {\"name\": \"Tour Itinerary\", \"object\": \"6. No vendor\"}}]',8,2),(525,'2025-12-05 10:48:56.795607','3','Signature Chinatown Walk – Free Walking Tour',2,'[{\"added\": {\"name\": \"Tour Itinerary\", \"object\": \"1. No vendor\"}}, {\"added\": {\"name\": \"Tour Itinerary\", \"object\": \"2. No vendor\"}}, {\"added\": {\"name\": \"Tour Itinerary\", \"object\": \"3. No vendor\"}}, {\"added\": {\"name\": \"Tour Itinerary\", \"object\": \"4. No vendor\"}}, {\"added\": {\"name\": \"Tour Itinerary\", \"object\": \"5. No vendor\"}}, {\"added\": {\"name\": \"Tour Itinerary\", \"object\": \"6. No vendor\"}}, {\"added\": {\"name\": \"Tour Itinerary\", \"object\": \"7. No vendor\"}}, {\"added\": {\"name\": \"Tour Itinerary\", \"object\": \"8. No vendor\"}}]',8,2),(526,'2025-12-05 11:04:00.909770','8','Private Michelin Premium Food Tour (Chinatown)',2,'[{\"added\": {\"name\": \"Tour Itinerary\", \"object\": \"1. No vendor\"}}, {\"added\": {\"name\": \"Tour Itinerary\", \"object\": \"2. No vendor\"}}, {\"added\": {\"name\": \"Tour Itinerary\", \"object\": \"3. No vendor\"}}, {\"added\": {\"name\": \"Tour Itinerary\", \"object\": \"4. No vendor\"}}, {\"added\": {\"name\": \"Tour Itinerary\", \"object\": \"5. No vendor\"}}, {\"added\": {\"name\": \"Tour Itinerary\", \"object\": \"6. No vendor\"}}, {\"added\": {\"name\": \"Tour Itinerary\", \"object\": \"7. No vendor\"}}]',8,2),(527,'2025-12-05 11:43:56.738297','4','Hush: Night Food Tour through Geylang',2,'[{\"added\": {\"name\": \"Tour Itinerary\", \"object\": \"1. No vendor\"}}, {\"added\": {\"name\": \"Tour Itinerary\", \"object\": \"2. No vendor\"}}, {\"added\": {\"name\": \"Tour Itinerary\", \"object\": \"3. No vendor\"}}, {\"added\": {\"name\": \"Tour Itinerary\", \"object\": \"4. No vendor\"}}, {\"added\": {\"name\": \"Tour Itinerary\", \"object\": \"5. No vendor\"}}, {\"added\": {\"name\": \"Tour Itinerary\", \"object\": \"6. No vendor\"}}, {\"added\": {\"name\": \"Tour Itinerary\", \"object\": \"7. No vendor\"}}]',8,2),(528,'2025-12-06 12:39:09.002327','1','Michelin Guide 2025 Update: Maxwell Food Centre Takes the Spotlight',2,'[{\"changed\": {\"fields\": [\"Title\"]}}]',17,2),(529,'2025-12-06 13:43:43.171806','39','R&B Express',2,'[{\"changed\": {\"fields\": [\"Latitude\", \"Longitude\"]}}]',7,2),(530,'2025-12-06 13:44:06.345317','38','Kwee Heng',2,'[{\"changed\": {\"fields\": [\"Latitude\", \"Longitude\"]}}]',7,2),(531,'2025-12-06 13:44:28.229136','37','Heng 興',2,'[{\"changed\": {\"fields\": [\"Latitude\", \"Longitude\"]}}]',7,2),(532,'2025-12-06 13:45:01.549316','36','Hup Kee Fried Oyster Omelette',2,'[{\"changed\": {\"fields\": [\"Latitude\", \"Longitude\"]}}]',7,2),(533,'2025-12-06 13:45:27.309025','35','Newton Old Signboard 25',2,'[{\"changed\": {\"fields\": [\"Latitude\", \"Longitude\"]}}]',7,2),(534,'2025-12-06 13:46:04.311183','34','Guan Kee Grilled Seafood',2,'[{\"changed\": {\"fields\": [\"Latitude\", \"Longitude\"]}}]',7,2),(535,'2025-12-06 13:46:34.159193','16','Kwang Kee Teochew Fish Porridge',2,'[{\"changed\": {\"fields\": [\"Latitude\", \"Longitude\"]}}]',7,2),(536,'2025-12-06 13:50:08.027440','31','Muthu\'s Curry',2,'[{\"changed\": {\"fields\": [\"Address\", \"Latitude\", \"Longitude\", \"Phone\", \"Booking System URL(s)\"]}}]',7,2),(537,'2025-12-06 13:51:43.302297','26','Kampong Glam Café',2,'[{\"changed\": {\"fields\": [\"Latitude\", \"Longitude\"]}}]',7,2),(538,'2025-12-06 13:53:49.292549','28','Roland Restaurant',2,'[{\"changed\": {\"fields\": [\"Latitude\", \"Longitude\"]}}]',7,2),(539,'2025-12-06 13:55:17.324625','25','Coffee House By Old Chang Kee at Rex',2,'[{\"changed\": {\"fields\": [\"Latitude\", \"Longitude\"]}}]',7,2),(540,'2025-12-06 13:56:43.295806','23','Hjh Maimunah Restaurant',2,'[{\"changed\": {\"fields\": [\"Latitude\", \"Longitude\"]}}]',7,2),(541,'2025-12-06 13:58:02.490361','22','Cafe Colbar',2,'[{\"changed\": {\"fields\": [\"Latitude\", \"Longitude\"]}}]',7,2),(542,'2025-12-10 09:53:50.575829','56','ll1@lll.com',1,'[{\"added\": {}}]',6,2),(543,'2025-12-10 09:54:43.319207','57','ll2@lll.com',1,'[{\"added\": {}}]',6,2),(544,'2025-12-10 09:55:51.452465','57','ll2@lll.com',2,'[{\"changed\": {\"fields\": [\"Date of Birth\", \"About Me\"]}}]',6,2),(545,'2025-12-10 09:56:46.276156','58','ll3@lll.com',1,'[{\"added\": {}}]',6,2),(546,'2025-12-10 09:57:29.818034','59','ll4@lll.com',1,'[{\"added\": {}}]',6,2),(547,'2025-12-10 09:58:15.668523','60','uu1@uuu.com',1,'[{\"added\": {}}]',6,2),(548,'2025-12-10 09:59:06.307733','61','uu2@uuu.com',1,'[{\"added\": {}}]',6,2),(549,'2025-12-10 09:59:52.145372','62','uu3@uuu.com',1,'[{\"added\": {}}]',6,2),(550,'2025-12-10 10:00:44.109534','63','uu4@uuu.com',1,'[{\"added\": {}}]',6,2);
/*!40000 ALTER TABLE `django_admin_log` ENABLE KEYS */;
UNLOCK TABLES;

--
-- Table structure for table `django_content_type`
--

DROP TABLE IF EXISTS `django_content_type`;
/*!40101 SET @saved_cs_client     = @@character_set_client */;
/*!50503 SET character_set_client = utf8mb4 */;
CREATE TABLE `django_content_type` (
  `id` int NOT NULL AUTO_INCREMENT,
  `app_label` varchar(100) NOT NULL,
  `model` varchar(100) NOT NULL,
  PRIMARY KEY (`id`),
  UNIQUE KEY `django_content_type_app_label_model_76bd3d3b_uniq` (`app_label`,`model`)
) ENGINE=InnoDB AUTO_INCREMENT=23 DEFAULT CHARSET=utf8mb4 COLLATE=utf8mb4_0900_ai_ci;
/*!40101 SET character_set_client = @saved_cs_client */;

--
-- Dumping data for table `django_content_type`
--

LOCK TABLES `django_content_type` WRITE;
/*!40000 ALTER TABLE `django_content_type` DISABLE KEYS */;
INSERT INTO `django_content_type` VALUES (1,'admin','logentry'),(3,'auth','group'),(2,'auth','permission'),(4,'contenttypes','contenttype'),(22,'proposal','proposal'),(21,'proposal','proposalhistory'),(5,'sessions','session'),(8,'tours','tour'),(9,'tours','touritinerary'),(10,'tours','touroperator'),(6,'users','customuser'),(20,'users','itinerarynote'),(11,'vendors','cuisinetype'),(13,'vendors','event'),(12,'vendors','menuitem'),(7,'vendors','vendor'),(17,'webapp','article'),(15,'webapp','articleimage'),(14,'webapp','articlekeyword'),(16,'webapp','keyword'),(18,'webapp','vendorrating'),(19,'webapp','vendorreview');
/*!40000 ALTER TABLE `django_content_type` ENABLE KEYS */;
UNLOCK TABLES;

--
-- Table structure for table `django_migrations`
--

DROP TABLE IF EXISTS `django_migrations`;
/*!40101 SET @saved_cs_client     = @@character_set_client */;
/*!50503 SET character_set_client = utf8mb4 */;
CREATE TABLE `django_migrations` (
  `id` bigint NOT NULL AUTO_INCREMENT,
  `app` varchar(255) NOT NULL,
  `name` varchar(255) NOT NULL,
  `applied` datetime(6) NOT NULL,
  PRIMARY KEY (`id`)
) ENGINE=InnoDB AUTO_INCREMENT=50 DEFAULT CHARSET=utf8mb4 COLLATE=utf8mb4_0900_ai_ci;
/*!40101 SET character_set_client = @saved_cs_client */;

--
-- Dumping data for table `django_migrations`
--

LOCK TABLES `django_migrations` WRITE;
/*!40000 ALTER TABLE `django_migrations` DISABLE KEYS */;
INSERT INTO `django_migrations` VALUES (1,'contenttypes','0001_initial','2025-11-11 14:34:56.863838'),(2,'contenttypes','0002_remove_content_type_name','2025-11-11 14:34:56.975558'),(3,'auth','0001_initial','2025-11-11 14:34:57.283624'),(4,'auth','0002_alter_permission_name_max_length','2025-11-11 14:34:57.365118'),(5,'auth','0003_alter_user_email_max_length','2025-11-11 14:34:57.374679'),(6,'auth','0004_alter_user_username_opts','2025-11-11 14:34:57.382580'),(7,'auth','0005_alter_user_last_login_null','2025-11-11 14:34:57.396718'),(8,'auth','0006_require_contenttypes_0002','2025-11-11 14:34:57.400334'),(9,'auth','0007_alter_validators_add_error_messages','2025-11-11 14:34:57.413433'),(10,'auth','0008_alter_user_username_max_length','2025-11-11 14:34:57.420916'),(11,'auth','0009_alter_user_last_name_max_length','2025-11-11 14:34:57.430204'),(12,'auth','0010_alter_group_name_max_length','2025-11-11 14:34:57.449219'),(13,'auth','0011_update_proxy_permissions','2025-11-11 14:34:57.462619'),(14,'auth','0012_alter_user_first_name_max_length','2025-11-11 14:34:57.469146'),(15,'users','0001_initial','2025-11-11 14:34:57.835247'),(16,'admin','0001_initial','2025-11-11 14:34:57.983993'),(17,'admin','0002_logentry_remove_auto_add','2025-11-11 14:34:57.993653'),(18,'admin','0003_logentry_add_action_flag_choices','2025-11-11 14:34:58.001139'),(19,'sessions','0001_initial','2025-11-11 14:34:58.049137'),(20,'vendors','0001_initial','2025-11-11 14:34:58.170719'),(21,'tours','0001_initial','2025-11-11 14:34:58.233021'),(22,'tours','0002_initial','2025-11-11 14:34:58.561914'),(23,'users','0002_alter_customuser_options_and_more','2025-11-11 18:06:44.410430'),(24,'users','0003_alter_customuser_user_type','2025-11-11 18:29:09.003680'),(25,'vendors','0002_cuisinetype_remove_vendor_cuisine_type_and_more','2025-11-11 21:45:56.603282'),(26,'vendors','0003_vendor_opening_hours','2025-11-11 23:23:52.969088'),(27,'vendors','0004_menuitem_is_market_price_alter_menuitem_dish_price','2025-11-14 22:51:38.689359'),(28,'vendors','0005_alter_vendor_address_alter_vendor_book_reservation_and_more','2025-11-16 14:33:28.150937'),(29,'vendors','0006_remove_vendor_book_reservation_and_more','2025-11-16 15:00:54.160722'),(30,'tours','0003_alter_tour_options_alter_touritinerary_options_and_more','2025-11-17 00:42:36.692868'),(31,'vendors','0007_remove_menuitem_is_halal_remove_vendor_halal_and_more','2025-11-24 05:37:13.911576'),(32,'vendors','0008_alter_event_options_event_event_end_time_and_more','2025-11-24 11:22:47.367867'),(33,'vendors','0009_event_event_cuisine_event_event_type','2025-11-25 08:05:59.173100'),(34,'tours','0004_alter_touritinerary_vendor','2025-11-25 11:38:11.170836'),(35,'webapp','0001_initial','2025-11-26 05:47:28.569056'),(36,'webapp','0002_alter_article_date_published_and_more','2025-11-26 09:39:17.051269'),(37,'webapp','0003_article_keywords','2025-11-26 09:53:56.485132'),(38,'webapp','0004_alter_article_options_remove_article_date_published_and_more','2025-11-26 10:04:05.556990'),(39,'webapp','0005_vendorrating_vendorreview','2025-11-26 11:11:01.342115'),(40,'users','0004_itinerarynote','2025-11-26 13:49:03.622735'),(41,'users','0005_alter_itinerarynote_options_itinerarynote_order','2025-11-26 14:05:07.940106'),(42,'webapp','0006_remove_vendorrating_review_text_delete_vendorreview','2025-11-27 02:11:46.877309'),(43,'vendors','0010_vendor_accept_tour_partnership_and_more','2025-11-27 15:16:36.142129'),(44,'tours','0005_alter_touritinerary_duration_minutes','2025-11-29 08:36:13.304987'),(45,'tours','0006_touroperator_booking_tourists_medium_and_more','2025-11-29 13:29:08.769098'),(46,'proposal','0001_initial','2025-11-30 14:34:43.142685'),(47,'proposal','0002_alter_proposal_receiver_duties','2025-12-01 02:25:42.822581'),(48,'tours','0007_alter_tour_options_tour_tour_pic_and_more','2025-12-01 09:44:41.903339'),(49,'vendors','0011_alter_event_event_type','2025-12-10 02:11:36.351493');
/*!40000 ALTER TABLE `django_migrations` ENABLE KEYS */;
UNLOCK TABLES;

--
-- Table structure for table `django_session`
--

DROP TABLE IF EXISTS `django_session`;
/*!40101 SET @saved_cs_client     = @@character_set_client */;
/*!50503 SET character_set_client = utf8mb4 */;
CREATE TABLE `django_session` (
  `session_key` varchar(40) NOT NULL,
  `session_data` longtext NOT NULL,
  `expire_date` datetime(6) NOT NULL,
  PRIMARY KEY (`session_key`),
  KEY `django_session_expire_date_a5c62663` (`expire_date`)
) ENGINE=InnoDB DEFAULT CHARSET=utf8mb4 COLLATE=utf8mb4_0900_ai_ci;
/*!40101 SET character_set_client = @saved_cs_client */;

--
-- Dumping data for table `django_session`
--

LOCK TABLES `django_session` WRITE;
/*!40000 ALTER TABLE `django_session` DISABLE KEYS */;
INSERT INTO `django_session` VALUES ('16metoplnhcllwt5j4ydmiepuqvh5w4f','.eJxVjMsOwiAQRf-FtSEDFMq4dO83kGGYStWUpI-V8d-1SRe6veec-1KJtrWmbZE5jUWdlVWn3y0TP2TaQbnTdGua27TOY9a7og-66Gsr8rwc7t9BpaV-a0LsKKMEodh3vbXRohEohJHRGEQLwAQQgoneeSc9O-Y8QInYeT-o9wfKLDcj:1vQ441:ePi-qM0xAHEnFi_b3_boXJSUuoYMeOqEUk7g7onxhfY','2025-12-15 13:35:37.635818'),('2qk8dy5ncasfj6c96r9sojytkgggibnl','.eJxVjDsOwjAQBe_iGln-bBZDSc8ZrLV3jQPIkeKkQtwdIqWA9s3Me6lI61Lj2mWOI6uzcl4dfsdE-SFtI3yndpt0ntoyj0lvit5p19eJ5XnZ3b-DSr1-awtsyTNRSgMICmf0xQ4BLZQApjgsQEaCMHjyDskmJCfoj4YDnIx6fwAdhjgg:1vKxiv:7zbV492mJs7XahwEO5VC7be3Bb-mac79FUAipItTD1Y','2025-12-01 11:48:45.758736'),('b2bzqcjtalqktxb3x15jkzscqe9j1a6b','.eJxVjDsOwjAQRO_iGln-ZrOU9DmD5fUHB5AtxUmFuDuJlALKmfdm3sz5bS1u62lxc2RXZgd2-S3Jh2eqB4kPX--Nh1bXZSZ-KPyknU8tptftdP8Oiu9lX5NV2iJJAIVDSjAaQyStUQJFgEhaR0IT8uj3kIEQpFbCG4SYMinLPl_0Rzfn:1vTNhc:FwBBpAB3OzkfLboF7lMeRhY1m2ckcMfampkbStQYIX8','2025-12-24 17:10:12.589076'),('kwwbx853gq1o7rqb4n1dklxcobdcctls','.eJxVjDsOwjAQBe_iGln-bBZDSc8ZrLV3jQPIkeKkQtwdIqWA9s3Me6lI61Lj2mWOI6uzcl4dfsdE-SFtI3yndpt0ntoyj0lvit5p19eJ5XnZ3b-DSr1-awtsyTNRSgMICmf0xQ4BLZQApjgsQEaCMHjyDskmJCfoj4YDnIx6fwAdhjgg:1vNiqE:-_oF5q-7wtYxq81gbWqHhBwnLAbO2gnHTO0BTgUFQdE','2025-12-09 02:31:42.986936'),('u7on0cs1fjotr198u5fcyl6a4fcr8dme','.eJwtyjEOgCAMAMC_dDZ9AKO7b2gKrYpiSShMxr8bE-e7G4hH32m4NoqcTjWBAHKwbRVTtd5yxK_gr45LFS3zfyfITixXNnJ1z9UgrFxcnxcdYyIP:1vKnb4:oD0B8_dIf2m7kvl2K7Yo4dKzb7GBcG5FdZADYidb-dM','2025-12-01 00:59:58.592572'),('xbo9l92yfb193rnmtzvjn2vln0bjsadc','.eJxVjMsOwiAQRf-FtSEDFMq4dO83kGGYStWUpI-V8d-1SRe6veec-1KJtrWmbZE5jUWdlVWn3y0TP2TaQbnTdGua27TOY9a7og-66Gsr8rwc7t9BpaV-a0LsKKMEodh3vbXRohEohJHRGEQLwAQQgoneeSc9O-Y8QInYeT-o9wfKLDcj:1vRrYY:rvXd4hUeswkoJoyPHz3ehwUovh1vuMXAqatDLCIibGA','2025-12-20 12:38:34.292582');
/*!40000 ALTER TABLE `django_session` ENABLE KEYS */;
UNLOCK TABLES;

--
-- Table structure for table `menu_items`
--

DROP TABLE IF EXISTS `menu_items`;
/*!40101 SET @saved_cs_client     = @@character_set_client */;
/*!50503 SET character_set_client = utf8mb4 */;
CREATE TABLE `menu_items` (
  `id` bigint NOT NULL AUTO_INCREMENT,
  `dish_name` varchar(100) NOT NULL,
  `dish_price` decimal(8,2) DEFAULT NULL,
  `dish_description` longtext NOT NULL,
  `dish_pix` varchar(100) DEFAULT NULL,
  `is_vegetarian` tinyint(1) NOT NULL,
  `is_vegan` tinyint(1) NOT NULL,
  `created_at` datetime(6) NOT NULL,
  `updated_at` datetime(6) NOT NULL,
  `vendor_id` bigint NOT NULL,
  `is_market_price` tinyint(1) NOT NULL,
  PRIMARY KEY (`id`),
  KEY `menu_items_vendor_id_a11535bc_fk_vendors_id` (`vendor_id`),
  CONSTRAINT `menu_items_vendor_id_a11535bc_fk_vendors_id` FOREIGN KEY (`vendor_id`) REFERENCES `vendors` (`id`)
) ENGINE=InnoDB AUTO_INCREMENT=230 DEFAULT CHARSET=utf8mb4 COLLATE=utf8mb4_0900_ai_ci;
/*!40101 SET character_set_client = @saved_cs_client */;

--
-- Dumping data for table `menu_items`
--

LOCK TABLES `menu_items` WRITE;
/*!40000 ALTER TABLE `menu_items` DISABLE KEYS */;
INSERT INTO `menu_items` VALUES (1,'Fuzhou Oyster Cake',2.50,'Fuzhou Oyster Cake is a savory, deep-fried snack with a crispy exterior and soft, moist interior, consisting of a rice-based batter filled with minced pork, oysters, and other ingredients like prawns, cilantro, and peanuts.','menu_items/oyster_2.png',0,0,'2025-11-11 22:07:00.433811','2025-11-22 04:18:43.720600',1,0),(2,'Sweet Red Bean Hum Jin Pang',1.00,'Sweet red bean hum jin pang is a deep-fried, soft, and chewy pastry filled with a smooth red bean paste, often dusted with powdered sugar. It has a crispy exterior from frying and a chewy texture, with sesame seeds often sprinkled on top for added fragrance.','menu_items/hjp2.png',0,0,'2025-11-11 22:38:03.929278','2025-11-22 04:20:13.914506',2,0),(3,'Five Spice Powder Hum Jin Pang',1.00,'Five Spice Hum Jin Pang is a savoury, deep-fried doughnut made with a seasoned dough that has a five-spice powder and salt mixture for flavour. It\'s a Chinese pastry that is crispy on the outside, chewy on the inside, and has a distinct savoury and aromatic taste from the five-spice blend, which typically includes star anise, cloves, cinnamon, and other spices.','menu_items/hjp3.png',0,0,'2025-11-11 22:38:03.941204','2025-11-22 04:19:38.491977',2,0),(4,'Beansprouts',2.00,'Side dish of bean sprouts served with shallots and a dash of chicken oil.','menu_items/tg_XZcKPOo.png',0,0,'2025-11-13 03:27:08.375562','2025-11-13 21:13:36.735009',3,0),(5,'Steamed Chicken Drumstick Rice',4.20,'Tien Tien\'s signature steamed chicken rice with a larger chicken drumstick.','menu_items/cr-med.png',0,0,'2025-11-13 03:29:49.365252','2025-11-13 21:13:36.750260',3,0),(6,'Beansprouts with Cuttlefish',4.00,'Side dish of bean sprouts & cuttlefish served with shallots and a dash of chicken oil.','menu_items/ttcrcf.jpg',0,0,'2025-11-13 03:33:33.908704','2025-11-13 21:13:36.745957',3,0),(7,'Steam Whole Chicken',32.00,'A whole Tien Tien signature steamed chicken which serves 4-6 Pax.','menu_items/cr-whole.png',0,0,'2025-11-13 03:36:17.004055','2025-11-13 21:13:36.749263',3,0),(8,'Steamed Chicken Rice',3.50,'Tien Tien\'s signature steamed chicken rice in regular portions.','menu_items/cr-small.png',0,0,'2025-11-13 03:42:04.762301','2025-11-13 21:13:36.752459',3,0),(9,'Oyster Sauce with Vegetables',2.00,'Side dish of blanched xiao bai cai with oyster sauce.','menu_items/bc.png',0,0,'2025-11-13 03:47:53.627723','2025-11-13 21:13:36.753458',3,0),(10,'Green Chilli Chicken Rice',7.50,'Fried chicken drumstick, served with sayur lodeh and rice.','menu_items/indo.png',0,0,'2025-11-13 08:43:56.647028','2025-11-13 08:43:56.647028',4,0),(11,'Nasi Ikan Bakari',8.00,'','menu_items/indo2.png',0,0,'2025-11-13 08:43:56.662240','2025-11-13 08:43:56.662240',4,0),(12,'Nasi Ayam Pangang',6.00,'','menu_items/indo3.png',0,0,'2025-11-13 08:43:56.677642','2025-11-13 08:43:56.677642',4,0),(13,'Big Prawn Lala Noodle',5.00,'','menu_items/indo4.png',0,0,'2025-11-13 08:43:56.689309','2025-11-13 08:43:56.689309',4,0),(14,'Otak Otak',1.00,'','menu_items/indo5.png',0,0,'2025-11-13 08:43:56.699852','2025-11-13 08:43:56.699852',4,0),(15,'Poached Chicken Rice',4.00,'Poached chicken rice served with garnish of cucumber.','menu_items/cr2.png',0,0,'2025-11-13 08:56:38.800181','2025-11-13 21:48:09.515427',5,0),(16,'Poached Chicken Rice Set',10.90,'Poached chicken rice served with side of oyster sauce vegetables, and braised egg','menu_items/atcr2.png',0,0,'2025-11-13 08:56:38.812959','2025-11-13 21:49:14.075667',5,0),(17,'Beansprouts',5.50,'Side dish of bean sprouts served with shallots and a dash of chicken oil.','menu_items/atcr3.png',0,0,'2025-11-13 08:56:38.825485','2025-11-13 21:48:09.510106',5,0),(18,'Whole Poached Chicken',49.50,'A whole poached chicken which serves 4-6 Pax.','menu_items/crhalf.png',0,0,'2025-11-13 08:56:38.836799','2025-11-13 21:48:09.499559',5,0),(19,'Chicken Visceral',3.00,'Side dish of chicken gizzard & liver.','menu_items/crp.png',0,0,'2025-11-13 08:56:38.849383','2025-11-13 21:18:51.721907',5,0),(20,'Rojak (S)',3.00,'Local salad that features pineapple, yam bean, cucumber and fried dough stick dressed in a sweet, tangy and spicy sauce.','menu_items/rjk.png',0,0,'2025-11-13 09:11:37.047615','2025-11-13 15:57:27.680373',6,0),(21,'Rojak (S) with Century Egg',4.00,'Local salad that features pineapple, yam bean, cucumber and fried dough stick dressed in a sweet, tangy and spicy sauce with a sliced century egg & pickled ginger on the side.','menu_items/rce.png',0,0,'2025-11-13 09:11:37.060378','2025-11-13 15:57:27.682950',6,0),(22,'Rojak (S) with Cuttlefish',5.00,'Local salad that features pineapple, yam bean, cucumber and fried dough stick dressed in a sweet, tangy and spicy sauce served with grilled cuttlefish.','menu_items/rcf.png',0,0,'2025-11-13 09:11:37.071250','2025-11-13 15:57:27.682950',6,0),(23,'Pohpiah',1.50,'Soft spring roll made from a paper-thin wheat flour crepe filled with a mix of cooked vegetables, often including shredded turnips, carrots, and bean sprouts, along with other ingredients like shredded egg, Chinese sausage, peanuts, and fried shallots.','menu_items/pph.png',0,0,'2025-11-13 09:11:37.079784','2025-11-13 16:04:13.786293',6,0),(24,'Pohpiah (Pair)',2.80,'Soft spring roll made from a paper-thin wheat flour crepe filled with a mix of cooked vegetables, often including shredded turnips, carrots, and bean sprouts, along with other ingredients like shredded egg, Chinese sausage, peanuts, and fried shallots. Served in a pair','menu_items/ppp.png',0,0,'2025-11-13 09:11:37.089220','2025-11-13 16:04:13.786293',6,0),(25,'Cockles (s)',4.00,'Local cockles blanched and served with a spicy dipping of sambal belacan and lime.','menu_items/coc.png',0,0,'2025-11-13 09:11:37.099913','2025-11-13 16:40:20.358786',6,0),(28,'Tomato scrambled egg rice bowl',4.50,'Tomatos & scrambled eggs on a bowl of rice.','menu_items/dl1.png',0,0,'2025-11-13 09:19:05.191060','2025-11-14 00:28:04.026551',7,0),(29,'Luncheon meat scrambled egg rice bowl',5.00,'Luncheon meat & scrambled eggs on a bowl of rice.','menu_items/dl2_DdzLnhp.png',0,0,'2025-11-13 09:19:05.197179','2025-11-14 00:28:04.024303',7,0),(30,'Chicken cutlet scrambled egg rice bowl',6.00,'Chicken cutlet & scrambled eggs on a bowl of rice.','menu_items/dl3.png',0,0,'2025-11-13 09:30:15.642501','2025-11-14 00:28:04.023299',7,0),(31,'Char siew scrambled egg rice bowl',6.00,'Char siew & scrambled eggs on a bowl of rice.','menu_items/dl4.png',0,0,'2025-11-13 09:30:15.653241','2025-11-14 00:28:04.021237',7,0),(32,'Prawn scrambled egg rice bowl',7.00,'Prawns & scrambled eggs on a bowl of rice.','menu_items/dl5.png',0,0,'2025-11-13 09:30:15.663140','2025-11-14 00:28:04.026551',7,0),(33,'Gizzard / liver',3.00,'Side dish of chicken gizzard & liver.','menu_items/gl.png',0,0,'2025-11-13 21:13:36.759032','2025-11-13 21:13:36.759032',3,0),(34,'Traditional Banh Mi',6.50,'The traditional Banh Mi is a Vietnamese sandwich made with a crispy, light French-style baguette filled with a combination of savoury meats like grilled pork and cold cuts, pâté, and a variety of fresh and pickled vegetables, herbs, and spicy sauces.','menu_items/bg1.png',0,0,'2025-11-14 11:59:02.980204','2025-11-22 04:24:03.650255',8,0),(35,'Chicken Noodle Soup (Phở Gà)',7.00,'Chicken pho is a Vietnamese noodle soup, also known as Phở Gà, featuring a clear, aromatic chicken broth, rice noodles, and tender chicken. It is seasoned with a unique blend of spices like star anise and cinnamon, charred onion, and ginger, and is traditionally served with a variety of fresh garnishes such as bean sprouts, herbs, and lime wedges that allow for customization.','menu_items/bg6.png',0,0,'2025-11-14 11:59:02.981348','2025-11-22 05:00:18.764777',8,0),(36,'Grilled Pork Rolls Banh Mi',6.00,'Grilled Pork Rolls Banh Mi is a popular Vietnamese sandwich featuring savoury, caramelized grilled pork, often marinated with lemongrass, garlic, and fish sauce, served in a light and crispy French-style baguette.','menu_items/bg7.png',0,0,'2025-11-14 11:59:02.982354','2025-11-22 05:03:37.750448',8,0),(37,'Vegan Spring Rolls',6.00,'This Vietnamese vegan spring roll is a fresh or fried appetizer wrapped in delicate rice paper (known as bánh tráng). The filling typically consists of a vibrant mix of fresh herbs, crisp vegetables, and a protein substitute like tofu, and is served with a flavourful dipping sauce.','menu_items/bg5_h72ucti.png',1,1,'2025-11-14 11:59:02.983366','2025-11-22 04:49:52.955340',8,0),(38,'Stir-Fried Chicken Banh Mi',7.00,'Stir-Fried Chicken Banh Mi is a Vietnamese sandwich on a crispy-yet-airy baguette, featuring seasoned, stir-fried chicken paired with a classic array of fresh and pickled vegetables, herbs, and creamy condiments. It offers a vibrant fusion of flavours and textures in every bite, combining savoury, spicy, tangy, and fresh elements.','menu_items/bg4.png',0,0,'2025-11-14 11:59:02.984375','2025-11-22 04:41:22.614722',8,0),(39,'Grilled Pork Vermicelli with Spring Rolls',7.00,'Known in Vietnamese as Bún Thịt Nướng Chả Giò, this dish offers a harmony of flavours and textures: the savoury, smoky taste of the grilled pork; the crispy crunch of the spring rolls; the freshness of the cool noodles and raw vegetables; the sweet and tangy notes of the pickles and nước chấm sauce; and an overall aromatic quality from the herbs and lemongrass marinade.','menu_items/bg3.png',0,0,'2025-11-14 11:59:02.985387','2025-11-22 04:38:25.133756',8,0),(40,'Beef Noodle Soup (Phở Bò)',7.50,'Vietnam\'s iconic national dish, consisting of a savoury, aromatic beef broth, flat rice noodles, and thinly sliced beef, served with a plate of fresh herbs and garnishes.','menu_items/bg2.png',0,0,'2025-11-14 11:59:02.986895','2025-11-22 04:33:56.688304',8,0),(41,'Vegan Ham Banh Mi',6.50,'A Vegan Ham Banh Mi is a plant-based interpretation of the classic Vietnamese sandwich, replacing traditional meat and pâté with vegan alternatives while maintaining the signature fusion of French and Vietnamese flavours and textures. The sandwich is known as bánh mì chay in Vietnamese.','menu_items/bg5.png',1,1,'2025-11-14 11:59:02.986895','2025-11-22 04:50:08.731705',8,0),(42,'Beef Boat Noodle',14.70,'Beef noodles served in an intense dark broth infused with aromatic spices and a touch of chili, offering a satisfying mix of savoury, sour, and spicy flavours.','menu_items/bn1.png',0,0,'2025-11-14 12:06:01.113089','2025-11-14 12:27:29.088920',9,0),(43,'Pork Boat Noodle',13.00,'Beef noodles served in an intense dark broth infused with aromatic spices and a touch of chili, offering a satisfying mix of savoury, sour, and spicy flavours.','menu_items/bn2.png',0,0,'2025-11-14 12:06:01.118383','2025-11-14 12:27:29.098791',9,0),(44,'Tom Yum Seafood',25.30,'Tom Yum Seafood, known in Thai as Tom Yum Talay, is a classic Thai hot and sour soup featuring a mix of seafood.','menu_items/bn7.png',0,0,'2025-11-14 12:06:01.119383','2025-11-14 12:27:29.106681',9,0),(45,'Creamy Crab Omelette with Rice',17.30,'Creamy Omelette Crab Rice combines the best of both worlds: the rich, savory flavors of crab and the comforting simplicity of jasmine rice.','menu_items/bn4.png',0,0,'2025-11-14 12:06:01.120382','2025-11-14 12:27:29.091088',9,0),(46,'Green Curry Chicken Rice',13.30,'Classic Thai green curry, known for its fragrant and spicy profile, served with steamed jasmine rice.','menu_items/bn3.png',0,0,'2025-11-14 12:06:01.121386','2025-11-14 12:27:29.095627',9,0),(47,'Basil Mince Pork Rice',12.50,'Basil Mince Pork Rice, known in Thai as Pad Kra Pao Moo Saap (ผัดกะเพราหมู) is a popular, spicy, and fragrant Thai street food dish. It typically features minced pork stir-fried with Thai holy basil, garlic, and chilies, served over steamed jasmine rice, and often topped with a crispy fried egg.','menu_items/bn5.png',0,0,'2025-11-14 12:06:01.122441','2025-11-14 12:27:29.086098',9,0),(48,'Pork Stir Fried Red Curry with Rice',13.30,'Pork Stir Fried Red Curry with Rice, known in Thai as Pad Prik Gaeng Moo, is a popular, fragrant, and quick Thai dish that is typically served over steamed jasmine rice.','menu_items/bn6.png',0,0,'2025-11-14 12:06:01.122441','2025-11-14 12:27:29.103101',9,0),(49,'Satay Set A',26.00,'10 sticks of Chicken Satay, 10 sticks of Beef or Mutton Satay, 6 sticks of Prawn Satay','menu_items/rp26_fM0lbdS.png',0,0,'2025-11-14 20:36:21.372268','2025-12-03 06:15:17.990459',10,0),(50,'Satay Set B',41.00,'15 sticks of Chicken Satay, 15 sticks of Beef or Mutton Satay, 10 sticks of Prawn Satay','menu_items/rp26_CEnsdpa.png',0,0,'2025-11-14 20:36:21.390691','2025-12-03 06:15:17.993553',10,0),(51,'Satay Set C',65.00,'25 sticks of Chicken Satay, 25 sticks of Beef or Mutton Satay, 15 sticks of Prawn Satay','menu_items/rp26_gIpSNEo.png',0,0,'2025-11-14 20:36:21.406038','2025-12-03 06:15:17.999058',10,0),(52,'Satay Set D',96.00,'40 sticks of Chicken Satay, 40 sticks of Beef or Mutton Satay, 20 sticks of Prawn Satay','menu_items/rp26_QgKlqAO.png',0,0,'2025-11-14 20:36:21.428822','2025-12-03 06:15:18.002059',10,0),(53,'Satay Set E',130.00,'50 sticks of Chicken Satay, 50 sticks of Beef or Mutton Satay, 30 sticks of Prawn Satay','menu_items/rp26_cb7ToAb.png',0,0,'2025-11-14 20:36:21.442049','2025-12-03 06:15:18.005449',10,0),(54,'Thunder Tea Special',9.90,'Thunder Tea Special, or Lei Cha, is a traditional Hakka dish consisting of rice served with an assortment of toppings like vegetables, peanuts, and tofu, all bathed in a distinct, milky emerald-green \"thunder tea\" soup. The unique soup is made by grinding a mixture of green tea, basil, mint, and other herbs into a thick paste, which is then diluted with hot water or broth to create a flavorful, aromatic broth','menu_items/rp32.png',0,0,'2025-11-14 20:40:49.435823','2025-12-04 08:58:12.191505',11,0),(55,'Hokkien Mee',7.50,'Golden Shoe Hokkien Mee (now at Lau Pa Sat) is a popular wet-style Hokkien Mee known for its rich, flavorful gravy from a pork bone, prawn, and squid broth, loaded with thick yellow noodles, fresh prawns, squid, and crispy pork lard, served with potent sambal chili for a tangy, spicy kick, offering a comforting, classic taste despite some debate on its wok hei and stock depth compared to its past or other stalls.','menu_items/rp60.png',0,0,'2025-11-14 20:47:23.604369','2025-12-05 10:17:54.763294',13,0),(56,'Chai Tow Kway (Black)',5.50,'Golden Shoe\'s Chai Tow Kway (Black) (Fried Radish Cake) offers soft, savory radish cubes stir-fried with eggs, preserved radish, and garlic, distinguished by a rich, sweet dark soy sauce that coats it in a dark, flavorful glaze, providing a delightful mix of textures (crispy bits, soft cake) and a complex sweet-savory taste, a classic Singaporean hawker delight with a signature dark, caramelized depth.','menu_items/rp39_e7dXT88.png',0,0,'2025-11-14 20:47:23.608397','2025-12-05 10:10:08.523185',13,0),(57,'Char Kway Teow',7.50,'Golden Shoe Hokkien Mee\'s Char Kway Teow uses flat rice noodles, dark soy sauce, cockles, bean sprouts, Chinese sausage, and eggs for a smoky, savoury-sweet, and sometimes salty taste, emphasizing wok hei.','menu_items/rp59.png',0,0,'2025-11-14 20:47:23.612416','2025-12-05 10:16:22.165053',13,0),(58,'Chai Tow Kway (White)',5.50,'Golden Shoe Hokkien Mee\'s Chai Tow Kway (White) (Fried Radish Cake) is a classic Teochew dish of soft, steamed radish cake chunks stir-fried with preserved radish (chai poh), eggs, and sometimes spring onions for a delightful sweet-savory, slightly crispy exterior with a fluffy interior, focusing on pure flavor without dark soy sauce.','menu_items/rp39_k2X5JBt.png',0,0,'2025-11-14 20:47:23.614426','2025-12-05 10:11:11.859873',13,0),(59,'Oyster Omelette',9.50,'Golden Shoe Hokkien Mee\'s Oyster Omelette (Orh Luak/Orh Jian) is known for its delightful textural contrast: plump, juicy, briny oysters nestled in a gooey yet crispy bed of sweet potato starch and fluffy egg, often fried with pork lard for richness, served with a zesty, tangy chilli sauce that cuts through the savory richness, creating a balanced, flavourful experience.','menu_items/rp41_3fqgGtf.png',0,0,'2025-11-14 20:47:23.620427','2025-12-05 10:19:09.869733',13,0),(60,'Tteokbokki Burger',13.90,'ROKUS a.g.b.\'s Tteokbokki Burger is a unique Korean-Western fusion creation featuring a juicy Australian grass-fed beef patty, soft brioche bun, and a generous helping of chewy tteokbokki (Korean rice cakes) coated in sweet, spicy tteokbokki sauce, offering a delightful textural contrast and bold flavors that blend savory beef with classic Korean street food spice.','menu_items/rp52.png',0,0,'2025-11-14 20:50:04.834584','2025-12-05 09:55:54.948873',14,0),(61,'Gochujang Burger',12.90,'ROKUS a.g.b.\'s Gochujang Burger is a Korean-Western fusion delight featuring a juicy Australian beef patty, sweet & spicy gochujang sauce, soft brioche bun, fresh veggies, and often chewy rice cakes (tteokbokki), offering a flavourful, handcrafted experience with a distinctive Korean kick, served with artisanal hand-cut fries at their popular Lau Pa Sat stall in Singapore.','menu_items/rp48.png',0,0,'2025-11-14 20:50:04.836596','2025-12-05 09:45:50.704212',14,0),(62,'Mentaiko Fries',4.90,'ROKUS a.g.b.\'s Mentaiko Fries are artisanal, hand-cut fries smothered in a rich, umami-packed, creamy mentaiko (spicy cod roe) sauce, offering a delicious Japanese-Western fusion that balances crispy potato texture with savory, slightly spicy, ocean-kissed flavor, making them a popular, addictive upgrade to standard fries, perfect for sharing or enjoying with their gourmet burgers.','menu_items/rp51.png',0,0,'2025-11-14 20:50:04.838540','2025-12-05 09:53:32.456638',14,0),(63,'Chicken Rice Set',7.50,'Ipoh Hainanese Chicken Rice at Lau Pa Sat (Stall 14) offers classic chicken rice sets with fragrant rice, tender poached (or roasted) chicken, chili, soy sauce, and a bowl of soup, a beloved hawker staple in Singapore.','menu_items/rp54.png',0,0,'2025-11-14 20:55:23.720080','2025-12-05 10:01:18.591399',15,0),(64,'Ipoh Curry Chicken Noodles',5.90,'At Lau Pa Sat\'s Ipoh Hainanese Chicken Rice stall (Stall 14), you\'ll find classic, tender poached or roasted chicken with fragrant rice, but their popular Ipoh Curry Chicken Noodles feature succulent chicken, soft taupok (fried tofu puffs), noodles, and a unique, flavourful, drinkable curry gravy inspired by Ipoh, Malaysia, offering a rich, savoury, comfort-food experience alongside their famed chicken rice.','menu_items/rp55.png',0,0,'2025-11-14 20:55:23.722156','2025-12-05 10:03:09.805385',15,0),(65,'Shredded Chicken Prawn Ipoh Hor Fun',5.50,'The \"Ipoh Shredded Chicken Prawn Hor Fun\" is flat, silky rice noodles (hor fun) swimming in a rich, flavorful broth made from prawns and chicken, topped with tender shredded chicken, often some prawns, and sometimes greens/mushrooms, offering a lighter yet deeply savory, authentic taste of Ipoh\'s noodle culture within Singapore\'s iconic hawker center.','menu_items/rp57.png',0,0,'2025-11-14 20:55:23.724168','2025-12-05 10:08:43.586052',15,0),(66,'Fried Fish Soup',6.00,'Kwang Kee Teochew Fish Porridge is a Michelin-recommended hawker stall known for its fresh fish soup, featuring a clear, flavorful broth made from fish bones simmered for hours without pork or lard. Key features include the use of batang fish (Spanish mackerel) slices and a topping of powdered fried fish (tee poh) to deepen the umami flavor, creating a clean-tasting and mildly sweet soup.','menu_items/rp22_DnqDkGQ.png',0,0,'2025-11-14 22:23:23.530181','2025-12-04 09:01:31.251860',16,0),(67,'Fish Head Soup',6.00,'Kwang Kee Teochew Fish Porridge is a Michelin-recognized hawker stall known for its rich, clear broth and fresh fish soup. The soup is made by simmering fish bones for hours, resulting in a savory but clean flavor that is enhanced with solefish powder and cabbage. Fish head is served with this version of the dish.','menu_items/rp22.png',0,0,'2025-11-14 22:23:23.538409','2025-12-04 09:00:43.204890',16,0),(68,'Dual Fish Soup',7.00,'Dual Fish Soup, also known as \"Double Fish Soup,\" is a Singaporean dish that combines two types of fish in a single savory broth, often featuring a mix of fried and fresh fish slices. The soup is a popular and hearty meal, frequently served with vegetables like Chinese cabbage or lettuce, tomatoes, and often a garnish of fried egg shreds.','menu_items/rp21.png',0,0,'2025-11-14 22:23:23.538409','2025-12-03 06:05:08.653268',16,0),(69,'Rice',0.50,'A bowl of white rice that can be ordered to accompany Kwang Kee\'s fish soups.','menu_items/rp22_Hv4RR7n.png',0,0,'2025-11-14 22:23:23.542391','2025-12-04 09:06:24.809940',16,0),(70,'Yee Mee',0.50,'Yee mee is a deep-fried, pre-cooked Cantonese egg noodles that have a crunchy texture and can be stored for a long time. It can be added to Kwang Kee\'s fish soups.','menu_items/rp25.png',0,0,'2025-11-14 22:23:23.542391','2025-12-04 09:05:18.347224',16,0),(71,'Thick Bee Hoon',0.50,'','menu_items/rp24.png',0,0,'2025-11-14 22:23:23.542391','2025-12-03 06:05:08.701039',16,0),(72,'Mee Sua',0.50,'Mee sua, also known as wheat vermicelli, is a type of thin, salted Chinese noodle that can be added to Kwang Kee\'s fish soups.','menu_items/rp23.png',0,0,'2025-11-14 22:23:23.548001','2025-12-04 09:04:04.259423',16,0),(73,'Achari Salmon Tikka',60.00,'Tandoori grilled salmon kebab marinated with spices','menu_items/Achari-Salmon-Tikka-and-Zafrani-Murgh-Malai-270x270.jpg',0,0,'2025-11-21 13:12:43.932854','2025-11-21 13:14:35.194008',17,0),(74,'Zafrani Murgh Malai',44.00,'Tandoor-cooked boneless chicken leg marinated with cheese, saffron, cardamom powder and spices.','menu_items/Achari-Salmon-Tikka-and-Zafrani-Murgh-Malai-270x270_NL23koI.jpg',0,0,'2025-11-21 13:12:43.933852','2025-11-22 03:42:16.962098',17,0),(75,'Laal Maas',52.00,'Traditional Rajasthani lamb curry with yogurt, garlic, tomato and spices.','menu_items/Laal-Maas-and-Nalli-Roganjosh-270x270.jpg',0,0,'2025-11-21 13:12:43.935355','2025-11-22 03:36:08.008183',17,0),(76,'Nalli Roganjosh',54.00,'Lamb shank curry with cinnamon, Kashmiri red chillis and spices.','menu_items/Laal-Maas-and-Nalli-Roganjosh-270x270_tWmeJCU.jpg',0,0,'2025-11-21 13:12:43.935355','2025-11-22 03:37:16.886892',17,0),(77,'Jhinga Biryani',60.00,'Flavoured Indian basmati rice with medley of vegetables, makhana salan gravy and raita.','menu_items/Jhinga-Biryani.jpg',0,0,'2025-11-21 13:12:43.936359','2025-11-22 03:34:16.198150',17,0),(78,'Mango Kulfi Falooda',24.00,'Homemade mango ice-cream with rose syrup and mixed nuts.','menu_items/Mango-Kulfi-Falooda-and-Shahi-Tukra-270x270.jpg',1,0,'2025-11-21 13:12:43.936359','2025-11-22 03:39:19.644123',17,0),(79,'Shahi Tukra',22.00,'Deep-fried brioche with simmered thickened milk.','menu_items/Mango-Kulfi-Falooda-and-Shahi-Tukra-270x270_dmy6dL8.jpg',1,0,'2025-11-21 13:12:43.937361','2025-11-22 03:40:26.423842',17,0),(80,'Siu Mai (烧卖)',5.70,'Popular steamed dim sum dumpling made with a filling of ground pork, chopped shrimp, and shiitake mushrooms, wrapped in a thin, yellow wheat-flour wrapper.','menu_items/rs1.png',0,0,'2025-11-22 04:03:41.844175','2025-11-22 04:13:39.387489',18,0),(81,'Har Gao (蝦餃) Shrimp Dumpling',5.70,'Traditional Cantonese shrimp dumpling and a staple of dim sum cuisine, often called crystal shrimp dumplings due to its distinctive translucent wrapper.','menu_items/rs1.png',0,0,'2025-11-22 04:03:41.845253','2025-11-22 04:08:50.783033',18,0),(82,'Xiao Long Bao (小籠包)',5.70,'Xiao Long Bao originated in Changzhou, Jiangsu province, created by Wan Hua Tea House during the reign of the Daoguang Emperor (1820–1850). They are delicate steamed dumplings, also known as \"soup dumplings,\" that contain a savoury meat filling and a hot, flavourful broth inside.','menu_items/rs1_kNjsLgL.png',0,0,'2025-11-22 04:03:41.846257','2025-11-22 04:18:08.749809',18,0),(83,'Wu Kok (芋角) Deep-Fried Yam Puff',5.70,'Wu kok are a classic dim sum item. They are small, individual dumplings with a light, airy, and flaky exterior that puffs up into a delicate \"honeycomb\" crust when deep-fried. The interior is a soft layer of mashed taro, surrounding a savory filling of minced pork, shrimp, and mushrooms.','menu_items/rs2.png',0,0,'2025-11-22 04:03:41.846257','2025-11-22 04:08:23.774839',18,0),(84,'Sugar Cane Prawn (蔗蝦)',5.90,'Adopted from the Vietnamese dish Chạo Tôm, seasoned shrimp paste wrapped around a piece of sugar cane and fried.','menu_items/rs3_Hu5OTGV.png',0,0,'2025-11-22 04:03:41.846257','2025-11-22 04:13:14.114014',18,0),(85,'Yam Pot with Prawns and Cashew Nuts 佛钵腰果虾仁',33.00,'Also known as a yam basket or prosperity basket, this popular dish is known for its crispy exterior and creamy interior and is a staple at many restaurants in Singapore and Malaysia, particularly during celebrations. This Yam ring is a deep-fried, crispy ring of mashed taro that is filled with a savoury stir-fry of Prawns and Cashew Nuts.','menu_items/lw1.png',0,0,'2025-11-22 05:32:26.001596','2025-11-22 05:39:46.892919',19,0),(86,'Yam pot with sweet and sour pork 法钵咕咾肉',36.00,'Also known as a yam basket or prosperity basket, this popular dish is known for its crispy exterior and creamy interior and is a staple at many restaurants in Singapore and Malaysia, particularly during celebrations. This Yam ring is a deep-fried, crispy ring of mashed taro that is filled with a savoury stir-fry of sweet and sour pork.','menu_items/lw2.png',0,0,'2025-11-22 05:32:26.002403','2025-11-22 05:40:22.656118',19,0),(87,'Yam ring with pork shreds and bean sprouts 法钵飘香',33.00,'Also known as a yam basket or prosperity basket, this popular dish is known for its crispy exterior and creamy interior and is a staple at many restaurants in Singapore and Malaysia, particularly during celebrations. This Yam ring is a deep-fried, crispy ring of mashed taro that is filled with a savoury stir-fry of pork shreds and bean sprouts.','menu_items/lw3.png',0,0,'2025-11-22 05:32:26.002403','2025-11-22 05:41:01.648057',19,0),(88,'Medium Yu Sheng (魚生) (5-7 pax)',43.00,'Yu Sheng, or \"Lo Hei,\" is a vibrant raw fish salad commonly served during Chinese New Year. It consists of shredded vegetables, raw fish (often salmon), and various condiments like peanuts, sesame seeds, and a sweet and tangy sauce. The dish is famous for the ritual of \"lo hei\" where diners toss the ingredients high into the air while shouting auspicious phrases for good luck, prosperity, and abundance in the coming year.','menu_items/lw4.png',0,0,'2025-11-22 05:32:26.003407','2025-11-22 05:36:39.615071',19,0),(89,'Large Yu Sheng (魚生) (8 - 10 pax)',80.00,'Yu Sheng, or \"Lo Hei,\" is a vibrant raw fish salad commonly served during Chinese New Year. It consists of shredded vegetables, raw fish (often salmon), and various condiments like peanuts, sesame seeds, and a sweet and tangy sauce. The dish is famous for the ritual of \"lo hei\" where diners toss the ingredients high into the air while shouting auspicious phrases for good luck, prosperity, and abundance in the coming year.','menu_items/lw5.png',0,0,'2025-11-22 05:32:26.003407','2025-11-22 05:35:38.989373',19,0),(90,'Soup Tulang Merah (4 pcs)',10.00,'Sup Tulang Merah (Malay for \"Red Bone Soup\") is an iconic and hearty Singaporean dish known for its vibrant, crimson-red gravy and is considered a local innovation, originating from the Indian-Muslim community in the 1950s. It is highly prized not just for the meat, but primarily for the rich and flavourful bone marrow contained within the bones.','menu_items/hk1.png',0,0,'2025-11-22 06:28:30.315965','2025-11-22 07:07:47.963221',20,0),(91,'Mee Goreng Puteh (Ikan Bilis)',7.50,'Mee Goreng Putih Ikan Bilis is a simple and flavourful Southeast Asian fried noodle dish, distinct from its darker counterparts due to the absence of dark sweet soy sauce & food colourings. This results in a \"white\" appearance, and its signature characteristic is the prominent use of crispy fried anchovies (ikan bilis), which provide a unique and intense umami flavour profile.','menu_items/hk3.png',0,0,'2025-11-22 06:35:17.637031','2025-11-22 06:47:14.002230',20,0),(92,'Roti John (Chicken)',6.00,'Roti John Chicken is essentially an omelette sandwich on a French loaf with a spiced filling of egg mixed with minced chicken.','menu_items/hk6.png',0,0,'2025-11-22 06:35:17.637973','2025-11-22 07:06:21.308098',20,0),(93,'Prata Kosong',1.50,'Prata kosong is a popular Singaporean and Malaysian dish of Indian origin, consisting of a simple, plain fried flatbread that is known for its distinctive texture: crispy and flaky on the outside, yet soft and fluffy on the inside. The name \"kosong\" means \"empty\" or \"plain\" in Malay, referring to the absence of fillings.','menu_items/hk4.png',0,0,'2025-11-22 06:35:17.638973','2025-11-22 06:37:01.238955',20,0),(94,'Mutton Chop',8.00,'Mutton Chop is a popular Singaporean-Indian fusion dish that combines Western-style presentation with robust Indian and Malay spices. It is known for its distinctive, rich, and slightly sweet red gravy and is a staple at Mamak (Indian-Muslim) stalls.','menu_items/hk7.png',0,0,'2025-11-22 06:41:08.382967','2025-11-22 07:02:41.539845',20,0),(95,'Murtabak Stik Beef',13.00,'Murtabak is a popular street food and snack found throughout Southeast Asia (Malaysia, Singapore, Indonesia) and the Arabian Peninsula. This version uses a filling made from minced beef seasoned with spices, often including curry powder, onions, garlic, and sometimes potatoes and an egg mixture.','menu_items/hk8.png',0,0,'2025-11-22 06:41:08.383975','2025-11-22 06:53:59.859431',20,0),(96,'Fish Curry',4.50,'Mamak fish curry is a beloved and iconic dish in both Malaysia and Singapore, representing a proud example of local culinary fusion. It is a hearty and satisfying meal, enjoyed in casual Mamak stalls and restaurants alike.','menu_items/hk5.png',0,0,'2025-11-22 06:41:08.384968','2025-11-22 06:42:50.384769',20,0),(97,'Mutton Briyani',8.00,'Mutton Biryani is a revered and aromatic layered rice dish, considered a celebration on a plate in South Asian cuisine. It features tender, spiced mutton pieces (often goat or lamb meat) cooked with fragrant, long-grain basmati rice, creating a rich and flavorful culinary experience.','menu_items/hk2.png',0,0,'2025-11-22 07:10:12.417064','2025-11-22 07:11:10.127211',20,0),(98,'Mutton Soup',6.00,'Mutton Soup (known locally as Sup Kambing) is a rich, aromatic, and hearty spiced broth that originated from the Indian-Muslim (Mamak) community in Singapore and Malaysia. It is a beloved street food, often enjoyed late into the night, known for its deep flavours and tender mutton pieces.','menu_items/hk9.png',0,0,'2025-11-22 07:13:58.594290','2025-11-22 07:16:02.610843',20,0),(99,'Mandarin Chicken Rice (Individual Set)',25.00,'Served boneless, with a side of fragrant, broth-cooked jasmine rice, and warm soup nourished with the pure essence of chicken and aromatics. What completes this comforting sensorial journey is the accompanying trio of homemade signature chilli sauce, ginger puree and dark soya sauce.','menu_items/cb2.png',0,0,'2025-11-22 07:39:26.200385','2025-11-22 07:44:27.330250',21,0),(100,'Chatterbox Rojak',15.00,'Refreshing, and tangy, this salad started out with humble beginnings as a pushcart hawker dish. It is a nostalgic toss-up of fruits and vegetables in a sweet prawn paste, finished with ground peanuts and deep-fried cucur dang (prawn fritters) - a fun medley of flavours awaits!','menu_items/cb4.png',0,0,'2025-11-22 07:39:26.200385','2025-11-22 07:45:44.714948',21,0),(101,'Seafood Hokkien Mee',26.00,'This umami-rich, flavourful stirfry combines fresh, succulent prawns, squid, pork belly, eggs, bean sprouts and chives with bee hoon (rice vermicelli) and yellow noodles. Simmered over high heat in rich, homemade seafood broth, this dish is a seafood-lover’s must-have.','menu_items/cb5.png',0,0,'2025-11-22 07:39:26.201384','2025-11-22 07:42:53.099362',21,0),(102,'“Hokkien Style” Bak Kut Teh',26.00,'A bowl that nourishes both belly and soul, our Bak Kut Teh is stewed low and slow in a heady herbal broth with Sakura pork ribs and served with deep-fried dough fritters.','menu_items/cb1.png',0,0,'2025-11-22 07:39:26.201384','2025-11-22 07:46:36.800672',21,0),(103,'Sweet Platter',13.00,'Crafted daily in-store with cherished recipes handed down through generations, Chatterbox presents our first series of Singaporean Sweets – Peranakan Kuehs that are love letters to our local roots.\r\nKueh Kosui | Sago Bandung | Kueh Salat | Kueh Bengka\r\nThese confections delight as treats that showcase the melting pot culture of Singapore’s heritage cuisine.','menu_items/cb3.png',0,0,'2025-11-22 07:39:26.201384','2025-11-22 07:41:33.464436',21,0),(104,'Pork Cutlet and Mushroom',13.00,'Fried breaded pork cutlets served with a side of potato chips and mushrooms.','menu_items/cc1.png',0,0,'2025-11-22 09:46:01.839300','2025-11-22 09:55:09.762546',22,0),(105,'Chicken Curry Rice',11.00,'Singaporean chicken curry rice is a dish of steamed white rice served with a whole chicken drumstick cooked in curry.','menu_items/cc2.png',0,0,'2025-11-22 09:46:01.847857','2025-11-22 09:50:37.498559',22,0),(106,'Cheesy Omelette & Chips',11.00,'British comfort food dish consisting of an egg omelette filled or topped with melted cheese and a side of potato chips.','menu_items/cc3.png',0,0,'2025-11-22 09:46:01.847857','2025-11-22 09:48:03.698505',22,0),(107,'Sirloin Steak Egg Chips & Beans',30.00,'Sirloin Steak Egg Chips and Beans is a popular, hearty, and comforting British meal, often served for lunch, dinner, or a substantial breakfast.','menu_items/cc4.png',0,0,'2025-11-22 09:46:01.852022','2025-11-22 09:56:18.405159',22,0),(108,'Fried Fish & Chips',12.00,'Fried fish and chips is a hot dish of battered, deep-fried white fish served with thick-cut, deep-fried potatoes, often called \"chips\" in the UK and other Commonwealth countries. It is considered a staple in British cuisine and is served with lime and chilli sauce.','menu_items/cc5.png',0,0,'2025-11-22 09:46:01.854031','2025-11-22 09:52:37.737857',22,0),(109,'Hainanese Pork Chop',16.00,'Hainanese pork chop is a dish of thin, tender pork that is coated in crushed cream cracker crumbs and deep-fried until golden and crispy. It is served with a savoury, sweet-and-sour sauce that often includes vegetables like green peas, onions, and tomatoes, and is sometimes accompanied by potatoes or rice. The dish is a unique East-meets-West fusion, with roots in the Hainanese community who worked as cooks for British and Peranakan families in Singapore.','menu_items/cc6.png',0,0,'2025-11-22 09:46:01.856039','2025-11-22 09:53:32.570299',22,0),(110,'Goreng Pisang (5 Pcs)',6.00,'Fried sweet bananas','menu_items/hm1.png',0,0,'2025-11-22 23:25:30.645221','2025-11-22 23:27:52.399958',23,0),(111,'Nasi Sambal Goreng Set',10.50,'Steamed White Rice\r\nSambal Sotong Kembang\r\nSambal Goreng Jawa\r\nBegedel\r\nParu\r\nSerunding\r\nSambal Tumis','menu_items/hm2.png',0,0,'2025-11-22 23:25:30.645221','2025-11-22 23:28:15.604853',23,0),(112,'Asam Pedas Fish Set',10.00,'Steamed White Rice\r\nAsam Pedas Fish\r\nBegedel\r\nSambal Goreng Jawa','menu_items/hm3.png',0,0,'2025-11-22 23:25:30.647225','2025-11-22 23:27:02.066858',23,0),(113,'Beef Rendang Set',10.00,'Steamed White Rice\r\nBeef Rendang\r\nEgg Sambal\r\nStir-Fried Vegetables','menu_items/hm4.png',0,0,'2025-11-22 23:25:30.648228','2025-11-22 23:27:28.908443',23,0),(114,'Original Ambeng Platter',41.00,'Rice - 2-3 Pax\r\nAyam Lemak Cili Padi- 2 Pcs\r\nBeef Rendang - 2 Pcs\r\nBegedel - 2 Pcs\r\nSambal Goreng Jawa\r\nUrap\r\nParu Belado\r\nTerung Belado\r\nIkan Bilis Kacang\r\nSambal Belacan\r\nSerunding\r\n*Based on availability, dishes may be changed to another of equivalent value without prior notice','menu_items/hm5.png',0,0,'2025-11-22 23:25:30.648228','2025-11-22 23:28:59.261454',23,0),(115,'Mee Bakso (Yellow Noodle)',7.50,'Beef ball noodles in a savoury broth. Served with a side of sambal kicap.','menu_items/hm6.png',0,0,'2025-11-22 23:38:05.837431','2025-11-22 23:41:43.569852',23,0),(116,'Paru Belado (Large)',14.50,'Fried beef lungs tossed in stir-fried red chilli sambal','menu_items/hm7.png',0,0,'2025-11-22 23:38:05.838433','2025-11-22 23:41:19.551976',23,0),(117,'Bbq Pomfret',16.00,'Charcoal barbequed pomfret marinated with our special signature paste. Served with a side of sambal kicap','menu_items/hm8.png',0,0,'2025-11-22 23:38:05.839438','2025-11-22 23:40:44.845555',23,0),(118,'Ayam Masak Merah (2 Pcs)',10.50,'Chicken smothered in sweet and spicy red sauce','menu_items/hm9.png',0,0,'2025-11-22 23:38:05.839438','2025-11-22 23:40:21.770907',23,0),(119,'Lemak Siput Sedut (Large)',13.00,'Fresh sea snails in a spicy coconut gravy','menu_items/hm10.png',0,0,'2025-11-22 23:38:05.840433','2025-11-22 23:39:57.520648',23,0),(120,'Sayur Lemak Lodeh (Large)',9.50,'Cabbage, carrot, long beans and tofu cooked in a spiced coconut gravy','menu_items/hm11.png',0,0,'2025-11-22 23:38:05.840433','2025-11-22 23:39:19.517192',23,0),(121,'Traditional Malay Kueh (5 Pcs)',8.00,'Assorted and delectable malay cakes.\r\n(Types of Kueh will be based on availability)','menu_items/hm12.png',0,0,'2025-11-22 23:38:05.841433','2025-11-22 23:38:40.475043',23,0),(122,'Laksa 叻沙',7.50,'328 Katong Laksa\'s signature dish. This rich and spicy Singaporean noodle soup known for its thick, coconut-milk-based gravy and a unique preparation method where the noodles are cut into smaller pieces. This allows the entire dish to be eaten with only a spoon, without the need for chopsticks.','menu_items/kl1.png',0,0,'2025-11-23 00:44:17.280141','2025-11-23 00:49:49.573125',24,0),(123,'Otah',2.00,'Otah is a Southeast Asian delicacy made from spiced fish paste, traditionally mixed with ingredients like coconut milk and eggs, then wrapped in a banana leaf and grilled or steamed.','menu_items/kl2.png',0,0,'2025-11-23 00:44:17.285418','2025-11-23 00:52:37.552986',24,0),(124,'Shredded Chicken Laksa',7.00,'This variation of 328 Katong Laksa signature laksa dish replaces the cockles and seafood with shredded chicken.','menu_items/kl3.png',0,0,'2025-11-23 00:44:17.287431','2025-11-23 00:56:12.308071',24,0),(125,'Barbecue Chicken Pau',4.30,'This steamed Chinese bun is filled with chicken prepared in the Cantonese \"char siew\" barbeque style.','menu_items/kl5.png',0,0,'2025-11-23 00:44:17.287431','2025-11-23 00:47:59.884746',24,0),(126,'Loh Mai Kai (糯米雞)',4.00,'Lo Mai Gai is a classic Cantonese dim sum dish of savoury glutinous rice stuffed with ingredients like marinated chicken, Chinese mushrooms, and Chinese sausage, then steamed and often wrapped in a lotus leaf. Also known as \"sticky rice chicken,\" it is a popular dish for dim sum brunches or as a comforting snack.','menu_items/kl4.png',0,0,'2025-11-23 00:44:17.287431','2025-11-23 00:50:58.116802',24,0),(127,'Flower Bread Chicken Curry (2 pax)',13.90,'Flower Bread Chicken Curry is a dish featuring soft, flower-shaped pull-apart bread served with a bowl of spiced chicken curry. Popular in Singapore, this dish is made with a fragrant curry chicken filling containing chicken and potatoes, and the bread is designed to be used for dipping into the curry.','menu_items/ock1.png',0,0,'2025-11-23 03:07:36.095339','2025-11-23 03:21:28.092931',25,0),(128,'Dry Laksa Goreng',8.90,'Dry Laksa Goreng is a unique, stir-fried (goreng) version of the popular Southeast Asian noodle dish, laksa. Unlike the traditional curry laksa, which is a spicy noodle soup with a rich, coconut milk-based broth, this variation is a \"dry\" or slightly moist dish.','menu_items/ock3.png',0,0,'2025-11-23 03:07:36.096259','2025-11-23 03:20:38.196432',25,0),(129,'Chicken Vegetables Soup (ABC Soup) with Rice/Macaroni',8.50,'Chicken Vegetables Soup, widely known as ABC Soup in Southeast Asia, is a simple, nutritious, and comforting clear broth soup. It is served with rice or macaroni.','menu_items/ock4.png',0,0,'2025-11-23 03:07:36.098260','2025-11-23 03:15:46.446519',25,0),(130,'Chilli Softshell Crab Pasta',12.90,'This fusion dish combines Singapore\'s iconic chilli crab flavour with Italian pasta. It typically features a rich, sweet, and savoury chilli crab sauce served over pasta, topped with a crispy soft-shell crab and often includes crab meat mixed into the sauce. This dish offers a spicy, tangy, and sweet flavour profile with creamy and crunchy textures from the sauce and the soft-shell crab.','menu_items/ock5.png',0,0,'2025-11-23 03:07:36.098260','2025-11-23 03:16:53.982538',25,0),(131,'Blue Pea Nasi Lemak with Crispy Chicken Wing & Otah',8.90,'This dish includes soft, coconut-infused rice tinted blue by natural butterfly pea flowers, served alongside a crispy, savory chicken wing, a grilled, smoky otah (fish cake), a sunny side up egg, sweet and spicy sambal chili paste, peanuts, anchovies, and cucumber.','menu_items/ock6.png',0,0,'2025-11-23 03:07:36.099260','2025-11-23 03:11:56.403376',25,0),(132,'Chicken & Century Egg Porridge with Youtiao',5.50,'This dish consists of a smooth, thick, and savory rice porridge (congee) simmered with shredded chicken and pieces of unique century egg, typically served with crispy, deep-fried dough sticks (youtiao) on the side.','menu_items/ock7.png',0,0,'2025-11-23 03:07:36.099260','2025-11-23 03:14:23.567525',25,0),(133,'Tauhu Goreng (2 pcs)',6.50,'Tauhu Goreng is a dish of fried tofu popular in Southeast Asia, especially Malaysia, Singapore, and Indonesia, meaning \"fried tofu\". It features a crispy exterior and soft inside, often garnished with blanched bean sprouts, cucumber, and a sweet, spicy, and tangy peanut sauce or a sweet soy sauce-based dressing. It can be served as a snack or a side dish.','menu_items/ock8.png',0,0,'2025-11-23 03:07:36.100260','2025-11-23 03:22:39.446362',25,0),(134,'Bubur Cha Cha (Hot / Cold)',5.00,'Bubur Cha Cha is a comforting and colourful Asian dessert made with sweet potatoes, yam, and small, chewy tapioca cubes in a sweet, pandan-flavoured coconut milk soup. It can be served either warm or cold and is a popular sweet treat in Singapore and Malaysia.','menu_items/ock9.png',0,0,'2025-11-23 03:07:36.100260','2025-11-23 03:12:48.645809',25,0),(135,'Chendol',4.00,'Chendol is a refreshing Southeast Asian dessert made with shaved ice, coconut milk, palm sugar syrup (gula melaka), and green jelly noodles. The green jelly, the dessert\'s namesake, is made from rice flour and pandan juice, giving it a chewy texture.','menu_items/ock9_Dj00Ubk.png',0,0,'2025-11-23 03:07:36.100260','2025-11-23 03:13:28.918211',25,0),(136,'Kaya & Butter Toast Set',4.50,'This set is served with two soft boiled eggs, kaya, butter, toast and hot kopi or teh.','menu_items/ock10.png',0,0,'2025-11-23 03:07:36.101260','2025-11-23 03:25:52.823767',25,0),(137,'Curry Puff (Chicken or Sardines)',2.00,'A curry puff is a deep-fried or baked pastry, typically semi-circular, filled with a savoury, curried mixture of ingredients like chicken or sardines and potatoes. The pastry is often flaky, and the filling is thick to prevent it from leaking out. Curry puffs are a popular snack with origins influenced by British, Indian, and Portuguese cuisines.','menu_items/ock2.png',0,0,'2025-11-23 03:23:19.382441','2025-11-23 03:27:38.148017',25,0),(138,'Signature Starter Platter with Lobster',182.00,'Lai Wah\'s Signature Starter Platter with Lobster includes homemade crispy crab-meat balls, crispy beancurd rolls with seafood, crispy spring rolls, fried sharks\' fins with scrambled eggs, & 500g of Australian lobster','menu_items/lw6.png',0,0,'2025-11-23 03:33:47.799479','2025-11-23 03:51:17.893558',19,0),(139,'Singapore Chilli Crab (600g)',50.20,'This is Lai Wah\'s take on the famous Singapore Chilli Crab, featuring mud crabs stir-fried in a thick, savoury, and sweet sauce made from tomatoes, chili, and eggs.','menu_items/lw9.png',0,0,'2025-11-23 03:33:47.800479','2025-11-23 03:43:40.416473',19,0),(140,'Mandarin Stewed Chicken (京都镡子鸡)',37.00,'This is one of Lai Wah\'s signature dishes: slow-braised, savoury dish featuring tender chicken in a rich, aromatic broth.','menu_items/lw8.png',0,0,'2025-11-23 03:35:49.713999','2025-11-23 03:40:32.451001',19,0),(141,'Signature Starter Platter',82.00,'Lai Wah\'s Signature Starter Platter includes homemade crispy crab-meat balls, crispy beancurd rolls with seafood, crispy spring rolls, fried sharks\' fins with scrambled eggs & salad prawns.','menu_items/lw7.png',0,0,'2025-11-23 03:35:49.715010','2025-11-23 03:51:56.601969',19,0),(142,'Nasi Goreng Pattaya with Chicken',8.00,'Nasi Goreng Pattaya with chicken is a Southeast Asian fried rice dish where the chicken-filled fried rice is completely wrapped in a thin, fluffy omelette. The name is a reference to the Thai city of Pattaya, but the dish is believed to have originated in Malaysia and is popular in Singapore and Indonesia as well. It is served with tomato and chili sauce.','menu_items/kgc1.png',0,0,'2025-11-23 04:07:43.643832','2025-11-23 05:06:16.197765',26,0),(143,'Cheese Wedges',6.00,'Deep fried irregular wedge-shaped slices of potato served with a topping of cheese sauce.','menu_items/kgc2.png',0,0,'2025-11-23 04:07:43.643832','2025-11-23 04:41:01.136577',26,0),(144,'Nasi Goreng Ayam (Chicken)',6.50,'Nasi Goreng Ayam is a popular Malay or Indonesian dish of chicken fried rice, distinguished by its sweet and savoury flavour profile from sweet soy sauce (kecap manis). It\'s made with leftover rice stir-fried with chicken, shallots, garlic, and spices, and often topped with a fried egg, fried shallots, and served with sides like cucumber slices and prawn crackers.','menu_items/kgc5.png',0,0,'2025-11-23 04:07:43.644831','2025-11-23 05:04:14.666260',26,0),(145,'Nasi Goreng Ikan Masin (Salted Fish)',6.50,'Nasi Goreng Ikan Masin, or Salted Fish Fried Rice, is a savoury and popular Malay and Indonesian dish where cooked rice is stir-fried with salted fish, garlic, shallots, and chili, often including other ingredients like eggs and vegetables.','menu_items/kgc6.png',0,0,'2025-11-23 04:07:43.644831','2025-11-23 05:20:06.318970',26,0),(146,'Kuey Teow Goreng Seafood',7.00,'Kuey Teow Goreng Seafood is the Malay or Indonesian variant of the popular Southeast Asian stir-fried flat rice noodle dish that is rich in flavour and typically contains a variety of seafood, vegetables, and savoury sauces.','menu_items/kgc4.png',0,0,'2025-11-23 04:07:43.644831','2025-11-23 05:01:00.284900',26,0),(147,'Kuey Teow Bandung',8.50,'A noodle dish originating from Muar, Johor, featuring a spicy, reddish-orange soup made from a blend of chili, onion, spices, and shrimp paste. It is made with Kuey Teow (Cantonese flat rice noodles) and served with toppings like shrimp, fish cakes, and eggs.','menu_items/kgc3.png',0,0,'2025-11-23 04:07:43.645833','2025-11-23 04:56:43.774252',26,0),(148,'Crab Ala Singapura',NULL,'Juicy Sri Lankan crab charcoal grilled with melted mozzarella, aged parmesan cheese, creamy french butter, salt and pepper','menu_items/pb1.png',0,0,'2025-11-23 05:50:43.878353','2025-11-23 06:04:38.131843',27,1),(149,'Palm Beach Signature Chilli Crab',NULL,'Live crab cooked in the Chef’s secret blend of chilli and tomato sauce, drizzled with egg white; garnished with fresh coriander.\r\nThis recipe has been perfected over 6 decades; an iconic dish that is not to be missed.','menu_items/pb2.png',0,0,'2025-11-23 05:50:43.879367','2025-11-23 06:07:27.368661',27,1),(150,'Palm Beach Signature Black Pepper Crab',NULL,'Live crab stir fried with french butter on high heat and coated with fragrant black pepper','menu_items/pb3.png',0,0,'2025-11-23 05:50:43.879367','2025-11-23 06:06:45.758117',27,1),(151,'Creamy Crab',NULL,'Live crab cooked with french butter, curry leaves and chilli padi','menu_items/pb4.png',0,0,'2025-11-23 05:50:43.880353','2025-11-23 06:06:03.655353',27,1),(152,'Drunken Herbal Prawns',36.00,'Live sea prawn simmered with aged ‘Hua Tiao’ wine, Chinese angelica, codonopsis root, wolfberries, red dates, solomon\'s seal\r\n(A minimum order of 400 grams is required)','menu_items/pb5.png',0,0,'2025-11-23 06:02:50.818384','2025-11-23 06:10:26.817932',27,0),(153,'Honey Tangy Barramundi',19.80,'With dried cuttlesh strips, tossed with honey tangy sauce, ginger pickles, kafr lime zest and baby shallots.\r\n(Served individually with a minimum order of 2 pieces required)','menu_items/pb6.png',0,0,'2025-11-23 06:02:50.819436','2025-11-23 06:09:36.972998',27,0),(154,'Pomfret Vermicelli',NULL,'Fresh pomfret, steamed with tomato, beancurd, salted vegetables, salted plum, sliced green chili, carrot, celery, rice vermicelli; garnished with sping onion.','menu_items/pb7.png',0,0,'2025-11-23 06:02:50.819436','2025-11-23 06:08:33.441163',27,1),(155,'Lobster Coco Lobo',NULL,'Choice of live blue lobster or Australian spiny lobster, cooked in superior broth.','menu_items/pb8.png',0,0,'2025-11-23 06:02:50.820383','2025-11-23 06:03:53.237909',27,1),(156,'Roland Chilli Crab 东皇辣椒螃蟹',88.00,'Roland chilli crab is a famous dish from Roland Restaurant, made with fresh Sri Lankan crabs in a secret, traditional sauce. The sauce is a rich, tangy, sweet, and spicy tomato-based gravy that enhances the natural sweetness of the crab, often incorporating sambal, tomato, and egg.','menu_items/rr6.png',0,0,'2025-11-23 06:39:46.866332','2025-11-23 07:12:05.967460',28,0),(157,'Black Sauce Prawns (S) 黑酱油虾碌',33.00,'Pan fried prawns with stir-fried with soy sauce aromatics like minced garlic and ginger.','menu_items/rr3.png',0,0,'2025-11-23 06:39:46.867338','2025-11-23 07:02:51.018692',28,0),(158,'Mini Buddha Jump Over The Wall 迷你佛跳墙',18.80,'A smaller portion of the classic Chinese delicacy, a rich and savoury stew containing a variety of high-quality ingredients like abalone, sea cucumber, and dried scallops, slow-cooked in a flavourful broth. The name implies the dish is so aromatic and delicious that even a strictly vegetarian Buddhist monk would be tempted to jump over a wall to try it.','menu_items/rr4.png',0,0,'2025-11-23 06:39:46.868339','2025-11-23 07:06:16.640179',28,0),(159,'Crispy Baby Squids (S) 密汁苏東仔',16.00,'The dish typically consists of small, tender squid (baby squid) that have been stir-fried or deep-fried and then coated in a sweet, savoury, and sometimes slightly spicy honey-based sauce.','menu_items/rr2.png',0,0,'2025-11-23 06:39:46.868339','2025-11-23 06:48:14.378473',28,0),(160,'Crispy Crullers (S) 花枝油条',16.00,'Chinese You Tiao is stuffed with squid paste, then filled with the squid paste and deep-fried or air-fried until the exterior is crisp and the filling is cooked through.  It is served with mayonnaise as a dipping sauce.','menu_items/rr1.png',0,0,'2025-11-23 06:39:46.869333','2025-11-23 06:48:54.107346',28,0),(161,'Roasted Spring Chicken 童子烧鸡',22.00,'Chinese style of roasted whole spring chicken','menu_items/rr5.png',0,0,'2025-11-23 06:39:46.869333','2025-11-23 07:09:28.714641',28,0),(162,'House Specialty Mee Goreng (S) 东皇马来炒麵',16.00,'Roland Restaurant\'s speciality stir-fired noodles in Malay style.','menu_items/rr7.png',0,0,'2025-11-23 06:39:46.870334','2025-11-23 07:14:57.173038',28,0),(163,'The Original & Best Black Pepper Crab 首创驰名最好的黑胡椒',NULL,'Long Beach Seafood\'s \"The Original & Best Black Pepper Crab\" is a signature dish featuring live crab stir-fried in a bold, aromatic, and spicy black pepper sauce. The dish is known for its succulent, meaty crab and is a must-try for its unique flavour, which is different from a saucy chilli crab dish. The preparation is designed to be hands-on and messy, with diners encouraged to get involved in cracking the shells to enjoy the tender meat.','menu_items/lb5.png',0,0,'2025-11-23 07:35:09.261410','2025-11-23 07:56:55.579881',29,1),(164,'Famous Chilli Crab 著名辣椒',NULL,'Long Beach\'s famous chilli crab is a sweet, slightly tangy, and rich dish with a thick, eggy gravy that coats fresh mud crabs, best mopped up with fried or steamed buns called mantou.','menu_items/lb1.png',0,0,'2025-11-23 07:35:09.262411','2025-11-23 07:44:39.095171',29,1),(165,'House Specialty Live Prawn 盖世霸王活虾',28.00,'The House Specialty Live Prawn at Long Beach Seafood is a dish of fresh, live prawns that are wok-fried and tossed in a fragrant blend of crispy garlic and spices, creating a savoury dish with an addictive crunchy texture. The prawns are characterized as juicy and succulent, with rich aromas and flavours from being wok-fried to golden perfection.','menu_items/lb3.png',0,0,'2025-11-23 07:35:09.263413','2025-11-23 07:51:31.034893',29,0),(166,'Live Drunken Prawn with Herbal Soup 游水药材醉虾',32.00,'Long Beach Seafood\'s Live Drunken Prawn with Herbal Soup features live prawns cooked in a bubbling, aromatic broth infused with Chinese wine and herbs. The dish is served piping hot, with the natural sweetness of the live prawns enhanced by the rich and warming herbal flavours.','menu_items/lb6.png',0,0,'2025-11-23 07:35:09.263413','2025-11-23 07:58:59.679191',29,0),(167,'Geoduck Sashimi with Superior Stock Steamboat 刺身及上汤火锅',NULL,'Long Beach Seafood\'s Geoduck Sashimi with Superior Stock Steamboat features a live geoduck clam served two ways: as fresh sashimi, enjoyed with wasabi and soy sauce, or quickly blanched in a rich, superior stock to enhance its natural sweetness and crunchy texture. This dish allows diners to experience the geoduck\'s delicate, sweet, and oceanic flavour in both raw and lightly cooked forms, showcasing it as a premium seafood delicacy.','menu_items/lb4.png',0,0,'2025-11-23 07:35:09.264411','2025-11-23 07:53:34.965567',29,1),(168,'Renowned Crispy Duck 著名香酥鸭',98.00,'Long Beach Seafood\'s Renowned Crispy Duck is an iconic dish characterized by its shatteringly crisp, deep-fried skin and tender, succulent meat infused with premium spices. It is often served deep-fried for a satisfying crunch and can be accompanied by other elements like noodles.','menu_items/lb7.png',0,0,'2025-11-23 07:35:09.264411','2025-11-23 08:00:53.155537',29,0),(169,'Irish Roast Duck 爱尔兰烤鸭',79.00,'Long Beach\'s Irish Roast Duck is a signature dish known for its succulent, juicy meat and crispy, golden-brown skin. It is slow-roasted to create a rich, flavourful duck, sometimes with subtle Chinese herbal notes, and is often considered a high-quality dish that stands up well against their famous seafood.','menu_items/lb2.png',0,0,'2025-11-23 07:35:09.265410','2025-11-23 07:48:59.362684',29,0),(170,'Kaya Toast with Butter Set',5.60,'Ya Kun\'s Kaya Toast with Butter Set is a classic Singaporean breakfast that includes two slices of toasted bread with a spread of sweet, creamy kaya (coconut jam) and cold butter, served with two soft-boiled eggs and a choice of coffee or tea.','menu_items/yk2.png',0,0,'2025-11-23 09:38:21.878449','2025-11-23 09:44:22.533526',30,0),(171,'Tuna Mayo Toastwich',4.20,'Thick and lusciously creamy, our Tuna Mayo Toastwich is hugely popular with the young and old, and is a perfect meal for any time of the day.','menu_items/yk5.png',0,0,'2025-11-23 09:40:30.080439','2025-11-23 09:49:49.352629',30,0),(172,'Kaya Balls',3.20,'Ya Kun\'s Kaya balls are a sweet, chewy snack filled with the company\'s signature fragrant kaya jam (a traditional Singaporean coconut and pandan custard).','menu_items/yk3.png',0,0,'2025-11-23 09:40:30.088581','2025-11-23 09:46:35.403353',30,0),(173,'Signature Kaya Pandan Muffin',2.30,'Ya Kun\'s Signature Kaya Pandan Muffin is a pastry that features Ya Kun\'s traditional kaya flavour, a mix of sweet and fragrant pandan, and is described by some as being a bit dry but having a strong pandan taste.','menu_items/yk4.png',0,0,'2025-11-23 09:40:30.088581','2025-11-23 09:48:17.509322',30,0),(174,'Chicken Char Siew Toastwich',4.20,'Chicken Char Siew Toastwich is a savory and sweet sandwich featuring tender chicken marinated in a char siew (Chinese barbecue) sauce, served in crispy bread.','menu_items/yk1.png',0,0,'2025-11-23 09:40:30.088581','2025-11-23 09:45:14.319706',30,0),(175,'Fish Head Curry',41.42,'Strongly recommended for all food lovers! Our award winning Fish Head Curry presents an array of tastes that titillate the tastebuds. Served with juicy okra and pineapple chunks in a rich gravy blend with aromatic spices, it\'s a potent concoction that also has a touch of tamarind that\'s filled with the spicy tastes that are unique to Muthu\'s (Angoli-Sea Bream)','menu_items/mc1.png',0,0,'2025-11-23 15:09:56.636400','2025-11-23 15:12:57.961520',31,0),(176,'Masala Prawns (2 Pcs)',19.62,'Tiger prawns cooked with chilli, tomato and an array of spices','menu_items/mc2.png',0,0,'2025-11-23 15:09:56.638399','2025-11-23 15:55:06.222201',31,0),(177,'Tandoori Chicken (Half)',22.35,'Tender chicken marinated in yogurt and traditional spices','menu_items/mc6.png',0,0,'2025-11-23 15:09:56.640400','2025-11-23 15:26:20.656501',31,0),(178,'Chicken Masala (Half)',19.62,'A hearty dish of chicken cooked in a thick and spicy sauce','menu_items/mc3.png',0,0,'2025-11-23 15:09:56.641399','2025-11-23 15:18:12.455316',31,0),(179,'Muthu\'s Mutton Biryani',20.71,'Long grained Basmati rice with boneless pieces of juicy mutton A must try for Biryani lovers!','menu_items/mc7.png',0,0,'2025-11-23 15:09:56.641399','2025-11-23 15:56:30.242481',31,0),(180,'Nandu Masala',20.71,'The flower crab cooked in our authentic, fresh ground pepper and home-made chilli paste that will leave you wanting for more.','menu_items/mc5.png',0,0,'2025-11-23 15:09:56.642400','2025-11-23 15:24:08.665121',31,0),(181,'Muthu\'s Chicken Chukka Varuval',20.71,'Stir Fry boneless chicken cooked with onions and seasoned with our chef\'s spicy chilli paste','menu_items/mc4.png',0,0,'2025-11-23 15:09:56.642400','2025-11-23 15:22:02.266423',31,0),(182,'Muthu\'s Veg Briyani',16.35,'Vegetables with the added wellness of Basmati is sure to surprise you. We love this vegetarian Biryani and so will you.','menu_items/mc8.png',1,0,'2025-11-23 15:57:21.802231','2025-11-23 15:59:09.474106',31,0),(183,'Chickpea Thunder Tea',7.90,'Chickpea Thunder Tea is a healthy Hakka dish where chickpeas are used instead of or in addition to steamed rice. It features a savory, herbal green tea paste made from ingredients like tea leaves, basil, and peanuts, mixed with hot water or broth, and served over a base of chickpeas. The meal is topped with a variety of vegetables, nuts, and preserved radish.','menu_items/rp30.png',0,0,'2025-11-30 10:32:04.846948','2025-12-04 08:34:38.151205',11,0),(184,'Basil Chicken w/ Egg Set',8.80,'The \"Basil Chicken w/ Egg Set\" from Thunder Tea Rice combines a flavorful, savory basil chicken dish with a fried egg, served over a bed of the restaurant\'s signature tea rice. It is a variation on their traditional thunder tea rice, which is a Hakka dish of rice topped with vegetables, peanuts, and a herb-based green tea soup. The basil chicken is a popular, more familiar alternative to the traditional tea rice for those who want a savory, aromatic, and sometimes spicy main course.','menu_items/rp27.png',0,0,'2025-11-30 10:32:04.850959','2025-12-04 08:27:57.529241',11,0),(185,'Chinese Chives Vermicelli',8.50,'Chinese chives vermicelli from thunder tea rice is a Hakka dish where a bowl of rice vermicelli is topped with various vegetables and nuts, and served with a unique emerald-green tea soup made from ground herbs, nuts, and tea leaves. Instead of the usual rice, this version uses vermicelli noodles, but keeps the characteristic toppings and flavourful, nutritious soup that can have a slightly bitter, savory, and nutty profile.','menu_items/rp31.png',0,0,'2025-11-30 10:32:04.852465','2025-12-04 08:36:14.222185',11,0),(186,'Basil Chicken w/ Egg Set + Vegetables',9.80,'A Basil Chicken w/ Egg set from a thunder tea rice stall typically features stir-fried basil chicken, a sunny-side-up egg, and an assortment of finely-chopped stir-fried vegetables served over rice, often accompanied by the signature green herbal tea soup.','menu_items/rp28.png',0,0,'2025-11-30 10:32:04.854464','2025-12-04 08:30:10.695388',11,0),(187,'Basil Sambal Chicken / Sotong / Prawn with Egg Set',10.50,'The Basil Sambal Chicken / Sotong / Prawn with Egg Set from Thunder Tea Rice is a flavourful and spicy meal that offers an alternative to the traditional Hakka thunder tea rice. A main protein (chicken, squid/sotong, or prawns) stir-fried in a spicy basil sambal sauce is added to the thunder tea rice.','menu_items/rp29.png',0,0,'2025-11-30 10:32:04.855464','2025-12-04 08:32:23.785282',11,0),(188,'Choco Glazed Doffin',2.90,'A Choco Glazed Doffin is a \"donut muffin,\" a hybrid pastry that combines the soft, cakey texture of a muffin with the shape and rich chocolate glaze of a donut. These creations are a signature item from the popular Singapore-based Butter & Cream Bakery.','menu_items/rp16_oNwgx7y.png',0,0,'2025-11-30 10:34:56.976250','2025-12-03 05:05:48.656912',12,0),(189,'Hokkaido Koibito Doffin',3.20,'The Hokkaido Koibito Doffin is a unique pastry offered by the Singapore-based Butter & Cream Bakery. It is a hybrid dessert, combining the texture and shape of a donut and a muffin, with a flavour profile inspired by the famous Japanese \"Shiroi Koibito\" white chocolate cookies from Hokkaido.','menu_items/rp17.png',0,0,'2025-11-30 10:34:56.979255','2025-12-03 05:10:05.048682',12,0),(190,'Original Egg Tart',2.90,'Butter & Cream\'s Original Egg Tart has a silky-smooth filling with a creamy, slightly milky texture. It’s on the sweeter side, but not overpoweringly so.','menu_items/rp18.png',0,0,'2025-11-30 10:34:56.982770','2025-12-03 05:13:36.095637',12,0),(191,'Strawberry Bloom Doffin',3.20,'A Strawberry Bloom Doffin is a \"donut muffin,\" a hybrid pastry that combines the soft, cakey texture of a muffin with the shape of a donut, topped with cream and strawberries. These creations are a signature item from the popular Singapore-based Butter & Cream Bakery.','menu_items/rp16_KcrvRCJ.png',0,0,'2025-11-30 10:34:56.984775','2025-12-03 05:07:35.252734',12,0),(192,'Salted Egg Lava Tart',2.90,'This tart has a buttery, crumbly crust that holds up so well with the savoury, molten filling inside. It’s got that salty-sweet combo, plus the filling is extra creamy with a hint of that signature salted egg richness.','menu_items/rp18_jnUQBUE.png',0,0,'2025-11-30 10:34:56.986777','2025-12-03 05:14:33.950061',12,0),(193,'Gourmet Bundle',19.90,'ROKUS a.g.b. is famous for its unique Korean-fusion gourmet burgers, featuring Australian grass-fed beef, homemade kimchi, Korean sauces (like gochujang), chewy tteokbokki (rice cakes), and artisanal brioche buns, served with hand-cut fries; their \"Gourmet Bundle\" likely refers to their signature burgers and sides that blend Western burger culture with bold Korean flavors for a sweet, savory, and spicy taste experience.','menu_items/rp49.png',0,0,'2025-11-30 10:37:21.880655','2025-12-05 09:48:16.623790',14,0),(194,'Korean Corndog',5.90,'ROKUS a.g.b. Korean Corn Dogs feature a crispy, often potato-cubed or panko-coated exterior, a fluffy yeast batter, and a satisfying filling of a juicy sausage and a melty mozzarella cheese pull, topped with sugary crusts, savory sauces (like spicy mayo), and a mix of sweet, salty, and crunchy textures that are a far cry from traditional corn dogs.','menu_items/rp50.png',0,0,'2025-11-30 10:37:21.882660','2025-12-05 09:51:51.313352',14,0),(195,'Chai Tow Kway (Yin/Yang)',7.00,'\"Chai Tow Kway (Yin/Yang)\" refers to a single serving plate of the popular Singaporean/Malaysian hawker dish that combines both the white and black (dark sauce) versions of the dish. It is a fusion of the two distinct preparation styles, offering a mix of both savory and sweet flavors in one serving.','menu_items/rp58.png',0,0,'2025-11-30 10:53:29.703046','2025-12-05 10:14:25.432819',13,0),(196,'Beef / Chicken / Mutton Satay per stick',0.90,'Ala carte satay priced by per stick','menu_items/rp26.png',0,0,'2025-11-30 10:55:21.449257','2025-12-03 06:15:17.982946',10,0),(197,'Prawn Satay per stick',2.20,'Prawn or shrimp satay is a popular variation of satay (grilled skewers) common in Southeast Asian cuisine, especially in places like Singapore and Thailand. It is typically seasoned, skewered, grilled, and served with a peanut dipping sauce and condiments like cucumber and onion.','menu_items/rp19.png',0,0,'2025-11-30 10:55:21.453249','2025-12-03 06:10:12.448396',10,0),(198,'Sotong Satay per stick',6.50,'A large cuttlefish replaces the meat in normal satay. Is skewered and grilled over charcoal and severed ith peanut sauce, cucumber & onions.','menu_items/rp20.png',0,0,'2025-11-30 10:55:21.456313','2025-12-03 06:12:11.999071',10,0),(199,'Oyster Sauce with Vegetables',6.00,'A classic and simple side dish to pair with chicken rice is Chinese greens (like bok choy or gai lan) blanched or stir-fried and drizzled with a savory oyster sauce.','menu_items/rp56.png',0,0,'2025-11-30 10:56:40.455419','2025-12-05 10:06:30.704471',15,0),(200,'Beansprouts',6.00,'Ipoh Hainanese Chicken Rice is famous for its plump, crunchy, and slightly sweet bean sprouts, served as a side dish with their chicken rice.','menu_items/rp53.png',0,0,'2025-11-30 10:56:40.456947','2025-12-05 09:59:33.328620',15,0),(201,'Sambal Stingray',12.00,'Guan Kee stingray is a well-known BBQ sambal stingray from Singapore, famous for its fresh, tender fish and spicy-sweet sambal sauce. It is typically served on a banana leaf with a slice of lime for squeezing over the dish to enhance the flavor. The dish is praised for having a smoky flavor from the BBQ, a spicy kick from the chili, and a subtle sweetness, with the sambal clinging perfectly to the moist, flaky fish.','menu_items/gk1.png',0,0,'2025-12-01 14:07:29.068649','2025-12-01 14:26:01.651248',34,0),(202,'Lala',12.00,'Guan Kee\'s lala (clams) are known for being fresh and plump and is one of their highly rated dishes.','menu_items/gk2.png',0,0,'2025-12-01 14:07:29.072272','2025-12-01 14:22:09.082577',34,0),(203,'Curry Fish Head',25.00,'Guan Kee\'s Curry Fish Head is known for a fresh, tender red snapper fish head stewed in a thick, tangy, and aromatic curry gravy with a balanced mix of spices. It is served piping hot in a claypot with vegetables like eggplant, okra, long beans, cabbage, and tau pok. The dish is praised for its savory, spicy-tangy flavor profile, which pairs well with rice or fried bee hoon.','menu_items/gk4.png',0,0,'2025-12-01 14:12:36.880521','2025-12-01 14:18:26.851340',34,0),(204,'Chilli Crab',NULL,'Guan Kee Chilli Crab is a classic example of the iconic Singaporean dish served by Guan Kee Seafood, a local \"zi char\" (cookhouse) stall. The dish features fresh, meaty mud crab coated in a thick, rich sauce that is a harmonious blend of sweet, spicy, and savory flavors, typically served with deep-fried mantou buns for dipping','menu_items/gk3.png',0,0,'2025-12-01 14:12:36.881510','2025-12-01 14:16:25.585186',34,1),(205,'Deep Fried Baby Squid',15.00,'Guan Kee Seafood (Stall 53) at Newton Food Centre is known for its Crispy Baby Squid, which is a popular signature dish.','menu_items/gk5.png',0,0,'2025-12-01 14:12:36.882510','2025-12-01 14:20:27.298950',34,0),(206,'Gong Gong',12.00,'Gong Gong (Sea Snails): This seafood is known by the Malay name \"gonggong\". They have smooth, shimmering shells and are prized for their fresh, succulent, and tender meat. To eat them, the diner usually uses a small fork or toothpick to extract the snail from its shell.','menu_items/gk6.png',0,0,'2025-12-01 14:12:36.882510','2025-12-01 14:25:22.369320',34,0),(207,'Fried Hokkien Prawn Noodle',6.00,'Newton Old Signboard 25 Fried Hokkien Mee serves a well-balanced, \"wet-style\" plate of noodles highly regarded for its distinct wok hei (smoky aroma) and savory, umami-rich prawn broth. The dish achieves a balance of moisture that is neither too soupy nor too dry.','menu_items/rp34.png',0,0,'2025-12-01 14:58:20.917950','2025-12-05 07:59:46.298548',35,0),(208,'Fried Hokkien Lala Noodle',8.00,'The Fried Hokkien Lala Noodle from Newton Old Signboard 25 is their signature Hokkien Mee dish with the addition of fresh lala clams, providing an extra burst of seafood flavor and a distinct textural element.','menu_items/rp35.png',0,0,'2025-12-01 14:58:20.922280','2025-12-05 08:00:52.872921',35,0),(209,'Fried Hokkien Oyster Noodle',8.00,'The Fried Hokkien Oyster Noodle at Newton Old Signboard 25 takes their classic, smoky Hokkien Mee and enhances it with generous servings of fresh, briny oysters. This variation intensifies the overall seafood experience of the dish.','menu_items/rp36.png',0,0,'2025-12-01 14:58:20.923291','2025-12-05 08:02:13.442191',35,0),(210,'Oyster Omelette',6.00,'Hup Kee\'s Oyster Omelette is famous for its signature crispy, charred edges with a slightly gooey, starchy interior, loaded with generous, plump, and juicy oysters that are fried separately to retain flavor, all served with a tangy, piquant chili sauce, creating a delicious balance of textures and tastes.','menu_items/rp61.png',0,0,'2025-12-01 15:00:41.788859','2025-12-05 10:22:26.843649',36,0),(211,'Carrot Cake (Black)',4.00,'Heng Carrot Cake at Newton Food Centre is a Michelin Bib Gourmand-awarded stall famous for making its own radish cake in-house. The \"black\" version of the carrot cake is a popular choice, known for its distinct sweet and savory flavor profile and prominent wok hei (smoky aroma).','menu_items/rp38.png',0,0,'2025-12-01 15:41:55.232031','2025-12-05 08:06:31.549194',37,0),(212,'Carrot Cake (White)',4.00,'Heng Carrot Cake\'s \"white\" version (known locally as Chai Tow Kway) is highly regarded for its fluffy texture, golden-brown crispy edges, and savory flavor profile. Unlike the black version which uses sweet dark soy sauce, the white version highlights the natural flavors of the radish cake itself.','menu_items/rp39.png',0,0,'2025-12-01 15:41:55.242045','2025-12-05 08:08:54.536480',37,0),(213,'Oyster Omelette',8.00,'Heng Carrot Cake\'s Oyster Omelette (known locally as Orh Luak or Orh Jian) is a popular dish at Newton Food Centre, known for its superb execution and fresh ingredients. The stall has earned a Michelin Bib Gourmand award, partly due to the quality of this dish.','menu_items/rp41.png',0,0,'2025-12-01 15:41:55.247604','2025-12-05 08:12:34.738075',37,0),(214,'Braised Duck Rice',6.00,'Kwee Heng offers a Braised Duck Rice set that provides a complete meal featuring their signature boneless duck meat accompanied by several traditional Teochew side dishes. The set offers a variety of textures and flavors in one plate.','menu_items/rp45.png',0,0,'2025-12-01 15:44:28.423586','2025-12-05 08:26:07.424596',38,0),(215,'Braised Duck Noodles',5.00,'Kwee Heng\'s Braised Duck Noodles offer a flavorful alternative to their signature duck rice, providing a different texture and mouthfeel while using the same high-quality ingredients and traditional Teochew-style preparation.','menu_items/rp43.png',0,0,'2025-12-01 15:44:28.429120','2025-12-05 08:21:23.409050',38,0),(216,'Braised Duck Porridge',5.00,'The Braised Duck Porridge from Kwee Heng at Newton Food Centre is a comforting, traditional Teochew-style dish that provides a lighter alternative to the rice or noodle options, while still featuring their signature braised duck.','menu_items/rp44.png',0,0,'2025-12-01 15:44:28.432120','2025-12-05 08:24:01.620721',38,0),(217,'Boneless Duck Rice',4.00,'The Boneless Duck Rice is centered around thickly sliced, deboned duck meat that is exceptionally tender and succulent. The duck has been slow-braised in a savory, dark gravy with a subtle, balanced herbal essence, avoiding the overly medicinal taste sometimes found in other stalls.','menu_items/rp42.png',0,0,'2025-12-01 15:44:28.436648','2025-12-05 08:19:52.299778',38,0),(218,'Hainanese Chicken Rice',4.00,'Kwee Heng\'s Hainanese Chicken Rice is a staple offering alongside its signature duck dishes, providing a classic and comforting version of Singapore\'s unofficial national dish. The dish focuses on simple, well-executed flavors and quality ingredients.','menu_items/rp47.png',0,0,'2025-12-01 15:44:28.439648','2025-12-05 08:30:11.402689',38,0),(219,'Char Siew Roasted Pork Rice',4.00,'The dish combines two types of classic Cantonese-style roasted meats served over rice. Char Siew (BBQ Pork): The char siew is known for being tender and having a beautiful caramelized glaze. It typically features a good balance of lean meat and fat, sometimes with slightly charred edges, providing a mix of savory and sweet flavors.  Roasted Pork (Siew Yoke): The roasted pork is characterized by its crispy, crackling skin and moist, tender meat with balanced layers of fat. The skin provides an audible crunch (\"cruck cruck\") that is highly satisfying.','menu_items/rp46.png',0,0,'2025-12-01 15:44:28.444174','2025-12-05 08:28:27.331171',38,0),(220,'BBQ Chicken Wing',1.40,'R&B Express chicken wings are charcoal-grilled, crispy on the outside, juicy on the inside, and moderately flavorful, with a spicy sauce option. They are noted for being evenly grilled to a golden-brown color and often served with a tangy chilli sauce that complements the meat.','menu_items/rp8.png',0,0,'2025-12-01 15:48:54.955755','2025-12-02 13:41:57.766144',39,0),(221,'Beef Satay (per stick)',0.70,'R&B Express beef satay is a dish of marinated, skewered beef grilled on a charcoal grill and served with a peanut sauce. It features cubes of beef, typically cooked until slightly charred, and is a popular street food, especially in places like Singapore, often served as an appetizer or a main course.','menu_items/rp9.png',0,0,'2025-12-01 15:48:54.960831','2025-12-02 13:44:14.798351',39,0),(222,'Chicken Satay (per stick)',0.70,'R&B Express beef satay is a dish of marinated, skewered chicken grilled on a charcoal grill and served with a peanut sauce. It features cubes of beef, typically cooked until slightly charred, and is a popular street food, especially in places like Singapore, often served as an appetizer or a main course.','menu_items/rp10.png',0,0,'2025-12-02 13:39:58.487528','2025-12-02 13:45:28.389809',39,0),(223,'Pork Satay (per stick)',0.70,'Pork satay is a Chinese variation of the satay. Cubed pork is skewered on a stick and grilled over a charcoal fire, which imparts a distinct, smoky flavor.','menu_items/rp11.png',0,0,'2025-12-02 13:39:58.491565','2025-12-02 13:49:22.116733',39,0),(224,'Pohpiah',2.00,'R&B Express\'s popiah is a savory, soft-rolled snack with a filling of various ingredients including turnip, peanuts, egg, and vegetables, topped with sweet chili sauce.','menu_items/rp12.png',0,0,'2025-12-02 13:39:58.495090','2025-12-02 13:51:12.258025',39,0),(225,'Kueh Pie Tee',4.00,'R&B Express\'s \"Kueh Pie Tee\" is a Peranakan snack featuring a crispy, fried pastry shell filled with a savory mixture of shredded jicama (or yambean) and other vegetables, often garnished with sweet chili sauce or other condiments. Also known as \"top hats,\" this delicate, one-bite appetizer is a popular and beloved dish in Singapore and Malaysia.','menu_items/rp13.png',0,0,'2025-12-02 13:39:58.496100','2025-12-02 13:53:07.541622',39,0),(226,'Oyster Omelette (Add Oyster)',12.00,'Hup Kee\'s Oyster Omelette (Orh Luak) with added oysters is famous for its crispy, golden-brown exterior with soft, eggy interiors, packed with plump, fresh, juicy oysters, often fried separately for flavor, and served with a distinctive tangy, piquant chili sauce, offering a delicious contrast of textures and savory-sweet-spicy notes.','menu_items/rp61_yiUOuxS.png',0,0,'2025-12-02 13:58:07.310385','2025-12-05 10:24:42.775239',36,0),(227,'Oyster Egg (No Flour)',10.00,'Hup Kee\'s \"no flour\" oyster omelette (Orh Luak) is known for its eggy, crispy-edged, fluffy texture with fresh, plump oysters, offering a less gooey, more savory experience compared to the starchy versions, highlighted by its distinct Teochew flavor, aromatic depth, and tangy chili sauce that balances the rich, eggy taste without being overly oily.','menu_items/rp61_ylctfTU.png',0,0,'2025-12-02 13:58:07.311458','2025-12-05 10:23:40.862452',36,0),(228,'Oyster Eggs',6.00,'Heng Carrot Cake at Newton Food Centre (#01-28) also offers a very popular Oyster Omelette (known locally as Orh Luak or Orh Jian), which has earned its own fan base and contributes to the stall\'s Michelin Bib Gourmand status.','menu_items/rp40.png',0,0,'2025-12-02 14:01:43.927307','2025-12-05 08:11:05.099515',37,0),(229,'Fried Kway Tiao',6.00,'The Fried Kway Teow at Newton Old Signboard 25 is a popular dish known for its strong wok hei (smoky fragrance) and savory, slightly dark appearance. It is one of the stall\'s two main offerings, alongside their signature Hokkien Mee.','menu_items/rp37.png',0,0,'2025-12-05 07:57:04.078499','2025-12-05 08:02:57.637227',35,0);
/*!40000 ALTER TABLE `menu_items` ENABLE KEYS */;
UNLOCK TABLES;

--
-- Table structure for table `proposal_proposal`
--

DROP TABLE IF EXISTS `proposal_proposal`;
/*!40101 SET @saved_cs_client     = @@character_set_client */;
/*!50503 SET character_set_client = utf8mb4 */;
CREATE TABLE `proposal_proposal` (
  `id` bigint NOT NULL AUTO_INCREMENT,
  `status` varchar(1) NOT NULL,
  `sender_duties` longtext NOT NULL,
  `receiver_duties` longtext NOT NULL,
  `created_at` datetime(6) NOT NULL,
  `updated_at` datetime(6) NOT NULL,
  `receiver_id` bigint NOT NULL,
  `sender_id` bigint NOT NULL,
  PRIMARY KEY (`id`),
  KEY `proposal_proposal_receiver_id_cbd5a337_fk_users_customuser_id` (`receiver_id`),
  KEY `proposal_proposal_sender_id_282bcf61_fk_users_customuser_id` (`sender_id`),
  CONSTRAINT `proposal_proposal_receiver_id_cbd5a337_fk_users_customuser_id` FOREIGN KEY (`receiver_id`) REFERENCES `users_customuser` (`id`),
  CONSTRAINT `proposal_proposal_sender_id_282bcf61_fk_users_customuser_id` FOREIGN KEY (`sender_id`) REFERENCES `users_customuser` (`id`)
) ENGINE=InnoDB AUTO_INCREMENT=7 DEFAULT CHARSET=utf8mb4 COLLATE=utf8mb4_0900_ai_ci;
/*!40101 SET character_set_client = @saved_cs_client */;

--
-- Dumping data for table `proposal_proposal`
--

LOCK TABLES `proposal_proposal` WRITE;
/*!40000 ALTER TABLE `proposal_proposal` DISABLE KEYS */;
INSERT INTO `proposal_proposal` VALUES (1,'S','We require a restaurant for 18-20 tourists on 18 Dec lunch 1130 to 1230. Our budget is $1260 - $1400. If booking is possible, please furnish us with a menu.','','2025-11-30 16:35:02.745163','2025-11-30 16:35:02.829263',37,43),(2,'S','We require a restaurant for 18-20 tourists on 18 Dec lunch 1130 to 1230. Our budget is $1260 - $1400. If booking is possible, please furnish us with a menu.','','2025-12-01 01:00:20.960589','2025-12-01 01:00:21.102676',37,43),(3,'S','We require a restaurant for 18-20 tourists on 18 Dec lunch 1130 to 1230. Our budget is $1260 - $1400. If booking is possible, please furnish us with a menu.','','2025-12-01 01:00:25.801893','2025-12-01 01:00:25.824038',37,43),(4,'S','We require a restaurant for 18-20 tourists on 18 Dec lunch 1130 to 1230. Our budget is $1260 - $1400. If booking is possible, please furnish us with a menu.','','2025-12-01 02:25:53.858379','2025-12-01 02:25:53.898054',37,43),(5,'R','We are looking to book a restaurant for a 18-20 tour group on 18 Dec, Thu, 1130 - 1230 lunch. Out budget is up to $60 per person. If booking date is possible, pls furnish us with menu choices,','','2025-12-01 02:30:01.029284','2025-12-01 06:09:46.640159',36,43),(6,'S','I doing christmas table sales $500 per table for month of december','','2025-12-01 12:39:49.131815','2025-12-01 12:39:49.174815',43,36);
/*!40000 ALTER TABLE `proposal_proposal` ENABLE KEYS */;
UNLOCK TABLES;

--
-- Table structure for table `proposal_proposalhistory`
--

DROP TABLE IF EXISTS `proposal_proposalhistory`;
/*!40101 SET @saved_cs_client     = @@character_set_client */;
/*!50503 SET character_set_client = utf8mb4 */;
CREATE TABLE `proposal_proposalhistory` (
  `id` bigint NOT NULL AUTO_INCREMENT,
  `sender_duties` longtext NOT NULL,
  `receiver_duties` longtext NOT NULL,
  `created_at` datetime(6) NOT NULL,
  `proposal_id` bigint NOT NULL,
  PRIMARY KEY (`id`),
  KEY `proposal_proposalhis_proposal_id_0ca8e51c_fk_proposal_` (`proposal_id`),
  CONSTRAINT `proposal_proposalhis_proposal_id_0ca8e51c_fk_proposal_` FOREIGN KEY (`proposal_id`) REFERENCES `proposal_proposal` (`id`)
) ENGINE=InnoDB DEFAULT CHARSET=utf8mb4 COLLATE=utf8mb4_0900_ai_ci;
/*!40101 SET character_set_client = @saved_cs_client */;

--
-- Dumping data for table `proposal_proposalhistory`
--

LOCK TABLES `proposal_proposalhistory` WRITE;
/*!40000 ALTER TABLE `proposal_proposalhistory` DISABLE KEYS */;
/*!40000 ALTER TABLE `proposal_proposalhistory` ENABLE KEYS */;
UNLOCK TABLES;

--
-- Table structure for table `tours_tour`
--

DROP TABLE IF EXISTS `tours_tour`;
/*!40101 SET @saved_cs_client     = @@character_set_client */;
/*!50503 SET character_set_client = utf8mb4 */;
CREATE TABLE `tours_tour` (
  `id` bigint NOT NULL AUTO_INCREMENT,
  `name` varchar(200) NOT NULL,
  `tour_type` varchar(20) NOT NULL,
  `description` longtext NOT NULL,
  `duration_minutes` int NOT NULL,
  `max_participants` int NOT NULL,
  `price` decimal(8,2) NOT NULL,
  `is_active` tinyint(1) NOT NULL,
  `is_featured` tinyint(1) NOT NULL,
  `created_at` datetime(6) NOT NULL,
  `updated_at` datetime(6) NOT NULL,
  `tour_operator_id` bigint NOT NULL,
  `tour_pic` varchar(100) DEFAULT NULL,
  PRIMARY KEY (`id`),
  KEY `tours_tour_tour_operator_id_8a23c603_fk_tours_touroperator_id` (`tour_operator_id`),
  CONSTRAINT `tours_tour_tour_operator_id_8a23c603_fk_tours_touroperator_id` FOREIGN KEY (`tour_operator_id`) REFERENCES `tours_touroperator` (`id`)
) ENGINE=InnoDB AUTO_INCREMENT=11 DEFAULT CHARSET=utf8mb4 COLLATE=utf8mb4_0900_ai_ci;
/*!40101 SET character_set_client = @saved_cs_client */;

--
-- Dumping data for table `tours_tour`
--

LOCK TABLES `tours_tour` WRITE;
/*!40000 ALTER TABLE `tours_tour` DISABLE KEYS */;
INSERT INTO `tours_tour` VALUES (1,'Street Art & Street Food Tour','walking','In this trail, we will discover the diversity of food of the main ethnic groups in Singapore. And while any foodie tour can take you on a hawker trail, we’ll let you in on the secrets behind the best stalls. \r\n\r\nThe private group is intentionally kept intimate as our food stops are small businesses specially handpicked to reflect artisanal techniques – not the ones typically visited by commercial tours. \r\n\r\nMore than tasting, you will also get a full palate education on the herbs & spices that are used in the traditional culinary kitchens of this region. In between eating stops, we take a breath to explore some terrific street art and walk through atmospheric alleys. This is the ultimate feast for the stomach and eyes!',210,10,599.00,1,0,'2025-11-25 10:02:07.523427','2025-12-02 13:28:06.328971',1,'tour_pics/rp5.png'),(2,'Feasting (off the Grid) at the Old Port','walking','Explore a lesser-known Singapore neighbourhood, featuring heritage shops, markets, street food and village-style dining experiences.\r\nHungry for an alternative Singapore? Join this food tour to spend 1/2 a day eating your way through a lesser-explored neighbourhood. We’ll dig into old-school shops, markets, UNESCO listed street food culture, and inside kampung (village)-style restaurants.',210,10,599.00,1,0,'2025-11-25 10:07:51.051505','2025-12-01 13:28:17.236615',1,'tour_pics/sm.png'),(3,'Signature Chinatown Walk – Free Walking Tour','walking','The one that started it all! Our first and signature tour. Join us for a 3 Hour Walk through the heart of Singapore.\r\n\r\nYou’ll be introduced to the City in a Garden and sneak a peek at how the locals live, play and eat.\r\n\r\nWe will bring you into Chinatown – a tourist attraction, but at the same time, also a local living area. Over the period of the tour, we hope that you will see how our unique blend of culture/religion/perspective has shaped Singapore to the city that it is today.\r\n\r\nThe walking tour aims to go deeper than just introducing the sites: we’ll stray off the beaten path and delve into the city’s amazing history. While we are at it, we will also show you some of our favorite eating spots!\r\n\r\nOf course, we’ll also try to provide you with an insider’s take on what you can do during your stay in Singapore.',180,25,0.00,1,0,'2025-11-25 10:38:21.294585','2025-12-05 10:48:56.789002',2,'tour_pics/rp4.png'),(4,'Hush: Night Food Tour through Geylang','walking','Geylang is one of our most unusual districts, and it truly comes alive at night with some of the tastiest supper places in Singapore.\r\n\r\nJoin us on a tantalizing food tour through the vibrant and colorful red light district. Discover the hidden culinary gems of this misunderstood neighborhood, as we venture into the bustling beer gardens and hole-in-the-wall food stalls. Savour the mouth-watering delights of traditional Singaporean cuisine, and wash it all down with a refreshing local beer (or fresh coconut juice).\r\n\r\nBut that’s not all, dear foodies – this tour also uncovers the secrets and stories of Geylang’s intriguing history and culture. Don’t miss out on this one-of-a-kind experience. Book your spot now and let’s embark on this tasty adventure together.',180,12,95.00,1,0,'2025-11-25 10:40:03.946714','2025-12-05 11:43:56.709492',2,'tour_pics/gy.png'),(5,'Market To Table Culinary Experience','cooking','Explore one of Singapore’s wet markets and learn how to bargain and buy ingredients like our locals do! After that, head back to the studio to whip up local favourites such as Chicken Rice, Hokkien Prawn Noodles, Kueh Dadar and more!',180,10,129.00,1,0,'2025-11-25 10:44:05.792847','2025-12-01 13:40:34.621979',3,'tour_pics/lgt2.png'),(6,'Let’s Go Cook – Discover Hokkien','cooking','The Hokkiens make up the largest Chinese dialect group in Singapore but what comes to mind when you think of Hokkien dishes? Not really sure? Come join us to learn more about Singapore’s local Hokkien culture and cuisine under the guidance of our local chef in this fun Singapore Cooking Class and Walking Tour!',180,10,129.00,1,0,'2025-11-25 10:45:28.794557','2025-12-01 13:37:31.121971',3,'tour_pics/lgt1.png'),(7,'Ang Mo Kio Neighbourhood Tour','vehicle','Our Ang Mo Kio Tour is one of our best selling tour that brings our guests to a local neighbourhood to see the places where local Singapore live, eat and play. Singaporeans originated from different countries and cultures, and this ‘rojak’ beginning is what gave us our unique identity today. This tour will take you beyond the city, to a place that can’t be found in travel guides and is unseen by tourists!\r\n\r\nIn this AMK tour, we start at the heartland location of Ang Mo Kio, where we will introduce you to a little know hobby that transcended the kampong era: birds singing. Brighten your morning with melodious chirps, and a visit to a ‘Kopitiam’ for coffee and toast like a true local. We will also visit a local wet market and a hawker centre.',120,10,65.00,1,0,'2025-11-25 10:56:13.080935','2025-12-01 13:26:21.605802',4,'tour_pics/ott1.png'),(8,'Private Michelin Premium Food Tour (Chinatown)','market','For the food lover, Singapore is a gastronomic paradise. Singapore may be a small dot on the map, but it has many more culinary delights to offer than many other countries that are much bigger.\r\n\r\nIf you’re a food lover, there are so many more food places for you to explore in Singapore. Join us on this mouth-watering Private Michelin Premium Food Tour adventure. Our team of food lovers has specially selected the restaurants and the food that we will be presenting to you. Our Singapore food tour includes two different Michelin Rated Restaurants and two other equally famous food/dessert stalls!\r\n\r\nIn this Singapore food tour, we do not only bring you good food, but we also bring you the BEST food!\r\n\r\nOur English speaking guides, who are also food lovers, will be conducting this guide.',210,10,105.00,1,0,'2025-11-25 11:00:48.638729','2025-12-05 11:04:00.904766',4,'tour_pics/rp3.png'),(9,'Toa Payoh Neighbourhood Tour (Heartland Tour)','market','Want to know how Singaporeans live?\r\n\r\nToa Payoh is the place to start. From squatters’ land to Singapore’s heartland—it was once an extensive and notorious squatter district, with many of its inhabitants engaging in farming and pig-rearing. Today, this housing estate is self-sufficient and has a town centre buzzing with shopping and entertainment. During its transformation, industrial developments were all within the town to provide residents with jobs close to their homes, and schools were built around the neighbourhood.\r\n\r\nIn this authentic Singapore tour, we’ll also bring you to visit Singapore’s iconic HDB Flat - more than 80% of Singaporeans live in one - and design your very own.',120,10,65.00,1,0,'2025-11-25 11:02:13.207373','2025-12-05 10:38:12.866360',4,'tour_pics/rp6.png'),(10,'Pulau Ubin Island Boat Tour + Kelong Visit','vehicle','Escape the concrete jungle, it’s time for an adventure! Cruise out to sea on our fine catamaran and discover the Northeastern waters of Singapore on this 3 hour Singapore Kelong Boat Tour.\r\n\r\nThe waters around the Northeastern islands are buzzing with a different kind of charm – seamen fishing, an abundance of nature, mangrove swamps and the idyllic life of residents who live in Kelongs (floating fish farms). All these are sights that normal city dwellers do not get to experience. We will also take you up-close to Pulau Ubin (the only inhabited island out of Singapore’s 63 islands) and explore it from the sea. Along the way, discover how Sustainable Fish Farming works in Singapore and learn about its struggles. Topping off the intriguing boat tour would be a visit to a kelong restaurant, where you get to experience life on a floating fish farm.\r\n\r\nSoak in the sun, let your hair down in the wind and just breathe in the salty sea air. It will be an unforgettable Singapore Boat Tour experience!',210,10,135.00,1,0,'2025-11-25 11:04:42.269525','2025-12-01 13:42:14.214315',3,'tour_pics/lgt3.png');
/*!40000 ALTER TABLE `tours_tour` ENABLE KEYS */;
UNLOCK TABLES;

--
-- Table structure for table `tours_touritinerary`
--

DROP TABLE IF EXISTS `tours_touritinerary`;
/*!40101 SET @saved_cs_client     = @@character_set_client */;
/*!50503 SET character_set_client = utf8mb4 */;
CREATE TABLE `tours_touritinerary` (
  `id` bigint NOT NULL AUTO_INCREMENT,
  `stop_order` int NOT NULL,
  `duration_minutes` int DEFAULT NULL,
  `description` longtext NOT NULL,
  `tour_id` bigint NOT NULL,
  `vendor_id` bigint DEFAULT NULL,
  PRIMARY KEY (`id`),
  UNIQUE KEY `tours_touritinerary_tour_id_stop_order_4bcb1565_uniq` (`tour_id`,`stop_order`),
  KEY `tours_touritinerary_vendor_id_8fdab321_fk_vendors_id` (`vendor_id`),
  CONSTRAINT `tours_touritinerary_tour_id_878a1f16_fk_tours_tour_id` FOREIGN KEY (`tour_id`) REFERENCES `tours_tour` (`id`),
  CONSTRAINT `tours_touritinerary_vendor_id_8fdab321_fk_vendors_id` FOREIGN KEY (`vendor_id`) REFERENCES `vendors` (`id`)
) ENGINE=InnoDB AUTO_INCREMENT=64 DEFAULT CHARSET=utf8mb4 COLLATE=utf8mb4_0900_ai_ci;
/*!40101 SET character_set_client = @saved_cs_client */;

--
-- Dumping data for table `tours_touritinerary`
--

LOCK TABLES `tours_touritinerary` WRITE;
/*!40000 ALTER TABLE `tours_touritinerary` DISABLE KEYS */;
INSERT INTO `tours_touritinerary` VALUES (1,1,0,'Meet at SAF Yacht Club, 43 Admiralty Rd W, Singapore 759962',10,NULL),(2,2,20,'Explore Sembawang Beach & Sembawang Shipyard by sea.',10,NULL),(3,3,20,'Explore Seletar Island & Pasir Gudang by sea.',10,NULL),(4,4,20,'Explore Pulau Ubin and the surrounding islands by sea.',10,NULL),(5,5,30,'Kelong fish farm visit',10,NULL),(6,6,60,'Dine at Kelong Restaurant',10,NULL),(7,7,30,'Return to SAF Yacht Club',10,NULL),(8,1,NULL,'Meet and depart from Lavender MRT Station',2,NULL),(9,2,15,'Walk to Goldeen Mile Food Center',2,NULL),(10,3,30,'Food Sampling at Golden Mile Food Center',2,NULL),(11,4,30,'Tour of Masjid Hajjah Fatimah',2,NULL),(12,5,20,'Walk to Malabar Mosque & external tour.',2,NULL),(13,6,20,'Explore historical shop house district along North Bridge Road',2,NULL),(14,7,30,'Enjoy Malay cuisine at Hjh Maimunah',2,23),(15,8,20,'Explore the area around Malay Heritage Centre and Sultan Mosque',2,NULL),(16,9,30,'Explore Bussorah Street and Muscat Street textiles, view the Haji Road street murals and shop at Arab Street.',2,NULL),(17,10,15,'Gather for drinks and refreshments at Kampong Glam Café for the end of tour debrief',2,26),(18,1,NULL,'Meet and depart from Little India MRT station',1,NULL),(19,2,40,'Street food tasting and market shopping at Tekka Centre',1,NULL),(20,3,40,'Tour of the Indian Heritage Centre & shopping at Little India Arcade & Campbell Lane,',1,NULL),(21,4,20,'House of Tan Teng Niah',1,NULL),(22,5,20,'Siddh Peeth Shree Lakshminarayan Temple',1,NULL),(23,6,30,'Sri Veeramakaliamman Temple',1,NULL),(24,7,15,'Walk along Serangoon Road',1,NULL),(25,8,45,'Meal at Muthu\'s Curry',1,NULL),(26,1,0,'Yio Chu Kang MRT Station',7,NULL),(27,2,10,'Photo taking at the Dragon Playground',7,NULL),(28,3,40,'Breakfast and tour of Chong Boon Market & Food Centre',7,NULL),(29,4,20,'Hear the birds at Kebun Baru Birdsinging Club',7,NULL),(30,5,30,'Walkabout Bishan-Ang Mo Kio Park',7,NULL),(31,6,20,'Tour Debriefing at Ang Mo Kio Central Market & Food Centre',7,NULL),(32,1,40,'Shopping for ingredients - Market Tour',6,NULL),(33,2,140,'Cooking session in our cooking studio',6,NULL),(34,1,40,'Shopping for ingredients - Market Tour',5,NULL),(35,2,140,'Cooking session in our kitchen studio.',5,NULL),(36,1,0,'Meet at Toa Payoh MRT Station Exit C, Outside \"Old Chang Kee\" Stall',9,NULL),(37,2,30,'Explore the sights Toa Payoh Town Park',9,NULL),(38,3,20,'Photo taking at Dragon Playground',9,NULL),(39,4,30,'Market tour at Toa Payoh Vista Market',9,NULL),(40,5,20,'Quick bite at Mr. Grumpy Nasi Ayam',9,NULL),(41,6,20,'Walk through Toa Payoh Central',9,NULL),(42,1,0,'Meet at Chinatown MRT Station (OUTSIDE Exit A)',3,NULL),(43,2,30,'Chinatown Heritage Centre, former opium den, and shopping on Pagoda Street.',3,NULL),(44,3,20,'Quick pick me up at Mei Heong Yuen Dessert',3,NULL),(45,4,20,'Visit Sri Mariamman Temple',3,NULL),(46,5,20,'Visit Buddha Tooth Relic Temple',3,NULL),(47,6,30,'Pit stop at Maxwell Food Centre',3,NULL),(48,7,30,'Explore Ann Siang Road & Hill Park',3,NULL),(49,8,30,'Visit Thian Hock Keng Temple',3,NULL),(50,1,0,'Meeting point at Chinatown Point, Chinatown MRT Exit E',8,NULL),(51,2,40,'Hong Lim Market and Food Centre Tour',8,NULL),(52,3,30,'People\'s Park Food Centre Tour',8,NULL),(53,4,20,'Quick meal at Liao Fan Hawker Chan',8,NULL),(54,5,20,'Cool off at Mei Heong Yuen Dessert',8,NULL),(55,6,30,'Chinatown Complex Tour',8,NULL),(56,7,40,'Meal at KOK Sen Restaurant',8,NULL),(57,1,0,'Meet at Aljunied MRT Station',4,NULL),(58,2,15,'Geylang Road Walk & Fruit Stalls',4,NULL),(59,3,45,'Lorong 9 Beef Kway Teow',4,NULL),(60,4,30,'Lorong 17 & 19 Wander',4,NULL),(61,5,30,'Lorong 19 Frog Porridge & Claypot Delights',4,NULL),(62,6,30,'Supper & Sugar Rush - Tian Tian Lai at Lorong 27 for Cheng Tng or Grass Jelly',4,NULL),(63,7,30,'Explore the Red Light District & People-Watching',4,NULL);
/*!40000 ALTER TABLE `tours_touritinerary` ENABLE KEYS */;
UNLOCK TABLES;

--
-- Table structure for table `tours_touroperator`
--

DROP TABLE IF EXISTS `tours_touroperator`;
/*!40101 SET @saved_cs_client     = @@character_set_client */;
/*!50503 SET character_set_client = utf8mb4 */;
CREATE TABLE `tours_touroperator` (
  `id` bigint NOT NULL AUTO_INCREMENT,
  `company_name` varchar(200) NOT NULL,
  `description` longtext NOT NULL,
  `is_verified` tinyint(1) NOT NULL,
  `created_at` datetime(6) NOT NULL,
  `updated_at` datetime(6) NOT NULL,
  `user_id` bigint NOT NULL,
  `business_email` varchar(254) NOT NULL,
  `business_phone` varchar(20) NOT NULL,
  `has_insurance` tinyint(1) NOT NULL,
  `natas_member` tinyint(1) NOT NULL,
  `natas_membership_number` varchar(50) NOT NULL,
  `singapore_license_number` varchar(50) NOT NULL,
  `website` varchar(200) NOT NULL,
  `booking_tourists_medium` tinyint(1) NOT NULL,
  `booking_tourists_small` tinyint(1) NOT NULL,
  `catering_tourists` tinyint(1) NOT NULL,
  `chef_lessons` tinyint(1) NOT NULL,
  `kitchen_tour` tinyint(1) NOT NULL,
  `operator_pic` varchar(100) DEFAULT NULL,
  PRIMARY KEY (`id`),
  UNIQUE KEY `user_id` (`user_id`),
  CONSTRAINT `tours_touroperator_user_id_cfbaf828_fk_users_customuser_id` FOREIGN KEY (`user_id`) REFERENCES `users_customuser` (`id`)
) ENGINE=InnoDB AUTO_INCREMENT=6 DEFAULT CHARSET=utf8mb4 COLLATE=utf8mb4_0900_ai_ci;
/*!40101 SET character_set_client = @saved_cs_client */;

--
-- Dumping data for table `tours_touroperator`
--

LOCK TABLES `tours_touroperator` WRITE;
/*!40000 ALTER TABLE `tours_touroperator` DISABLE KEYS */;
INSERT INTO `tours_touroperator` VALUES (1,'Everyday Tour Company','We skip the “attractions” and take you to a hidden Singapore that might otherwise take you months or years to understand. We share with you the things we learned and discovered through the many years of living in Singapore. We know the city at the back of our hands and will indulge your curiosity for whatever question you might have – society, culture, food, arts, history, politics.\r\nMore importantly, we do what we do because we love our city and get a real kick out of sharing with people. That’s the whole game plan, really, to show you things and places that you wouldn’t have found on your own!',1,'2025-11-17 04:12:19.005394','2025-11-29 15:25:44.778912',23,'hello@EverydayTourCompany.com','(+65)8749-4007',0,0,'','TA345678','https://everydaytourcompany.com/',0,1,0,0,1,NULL),(2,'Indie Singapore Tours LLP','Looking for the best way to experience Singapore? Our tours are designed and run by locals, combining hidden gems and food culture with a deeper knowledge of the city.\r\n\r\nTraveling with us means you will get to see and experience Singapore’s multi-cultural tapestry of people and food. We take you off the beaten path and share with you what makes Singapore unique. Our itinerary gives a better taste of Singapore’s multicultural fare and local experiences through our introduction to the culture and traditions of different ethnic groups like the Chinese, Malays, Indians, Eurasians, and Peranakans.',1,'2025-11-25 10:17:59.742371','2025-11-25 10:17:59.742371',40,'info@indiesingapore.com','(+65) 96430989',0,0,'','TA03178N','https://indiesingapore.com/',0,0,0,0,0,NULL),(3,'Lets Go Tour','\"Let\'s Go Tour\" is an award-winning Singapore-based tour operator founded in 2013, offering a variety of unique experiences that go beyond typical sightseeing.',1,'2025-11-25 10:42:35.849366','2025-12-01 13:32:34.058229',41,'bookings@letsgotoursingapore.com','+65 9001 4266',0,0,'','TA11223344','https://www.letsgotoursingapore.com/',0,0,0,1,0,'tour_operator_pics/lgt.png'),(4,'Oriental Travel and Tours Pte Ltd','We Offer Unique & Immersive Local Experiences\r\nWelcome to Oriental Travel & Tours, the best DMC and tour agency to experience an authentic Singaporean Tour.',1,'2025-11-25 10:52:13.984777','2025-12-01 13:10:41.332773',42,'sales@orientaltours.com.sg','+65 8262 6266',1,0,'','TA03599','https://www.orientaltours.com.sg',0,0,0,0,1,'tour_operator_pics/ott.png'),(5,'Chan Brothers Travel (Pte) Limited','Experience expertly curated, highly acclaimed tour packages that keep travellers returning for more with Singapore\'s leading travel agency & tour operator.',1,'2025-11-26 03:49:37.963310','2025-11-26 03:49:37.963310',43,'inquiry@chanbrothers.com.sg','+65 6438 8880',1,1,'','TA00109','https://www.chanbrothers.com/',1,1,1,0,0,NULL);
/*!40000 ALTER TABLE `tours_touroperator` ENABLE KEYS */;
UNLOCK TABLES;

--
-- Table structure for table `users_customuser`
--

DROP TABLE IF EXISTS `users_customuser`;
/*!40101 SET @saved_cs_client     = @@character_set_client */;
/*!50503 SET character_set_client = utf8mb4 */;
CREATE TABLE `users_customuser` (
  `id` bigint NOT NULL AUTO_INCREMENT,
  `password` varchar(128) NOT NULL,
  `last_login` datetime(6) DEFAULT NULL,
  `is_superuser` tinyint(1) NOT NULL,
  `username` varchar(150) NOT NULL,
  `first_name` varchar(150) NOT NULL,
  `last_name` varchar(150) NOT NULL,
  `email` varchar(254) NOT NULL,
  `is_staff` tinyint(1) NOT NULL,
  `is_active` tinyint(1) NOT NULL,
  `date_joined` datetime(6) NOT NULL,
  `phone_number` varchar(15) NOT NULL,
  `bio` longtext NOT NULL DEFAULT (_utf8mb4''),
  `date_of_birth` date DEFAULT NULL,
  `nationality` varchar(50) NOT NULL,
  `user_type` varchar(20) NOT NULL,
  PRIMARY KEY (`id`),
  UNIQUE KEY `username` (`username`)
) ENGINE=InnoDB AUTO_INCREMENT=64 DEFAULT CHARSET=utf8mb4 COLLATE=utf8mb4_0900_ai_ci;
/*!40101 SET character_set_client = @saved_cs_client */;

--
-- Dumping data for table `users_customuser`
--

LOCK TABLES `users_customuser` WRITE;
/*!40000 ALTER TABLE `users_customuser` DISABLE KEYS */;
INSERT INTO `users_customuser` VALUES (1,'pbkdf2_sha256$600000$EUsfAlm7yU7IPdZCwtvQPy$odI7ZiWITwKnaj6EEhx2XQ3IN5seKIwxm3OTmgAsLds=','2025-12-09 10:23:14.074722',0,'aaa@aaa.com','Alan','Ale','aaa@aaa.com',0,1,'2025-11-11 14:36:23.165493','82626266','I am the first to register','2006-01-01','canadian','tourist'),(2,'pbkdf2_sha256$600000$uMtuEJSndy7UoVgu845Vhr$p1yhL4Gy1pNI8xGQEzVwUek6JovUnTn371G4N/Fg1tc=','2025-12-09 12:16:54.404450',1,'admin','','','',1,1,'2025-11-11 17:33:59.715414','','',NULL,'singaporean',''),(3,'pbkdf2_sha256$600000$cwG1xg8YFz6X7YfyxHJm3b$PntkiNojvX7x1hi9ir142dOS+YmLpyy/oeAPfzKpqZM=',NULL,0,'bbb','Bob','Black','bbb@bbb.com',0,1,'2025-11-11 21:50:46.192418','','',NULL,'singaporean','vendor'),(4,'pbkdf2_sha256$600000$MYSiWnavVoQT9GBDV7NEao$dgro+b90cP/KAbjeBFS/ta/GX1dHt9uOpuJZOkVAWiA=','2025-11-11 22:20:33.509987',0,'ccc@ccc.com','Cecil','Chan','ccc@ccc.com',0,1,'2025-11-11 22:20:32.237062','','',NULL,'singaporean','tourist'),(5,'pbkdf2_sha256$600000$INfnJzeWevEhbSEEDKNbY1$G0/8l2pqGSddD1bB4/c2NBvshAMIcq99Q0yT7oTrQ14=','2025-11-13 03:11:12.157420',0,'ddd@ddd.com','Daniel','Deng','ddd@ddd.com',0,1,'2025-11-13 03:11:11.375038','','',NULL,'singaporean','tourist'),(6,'pbkdf2_sha256$600000$9adM07bDFnF9p15j7cLhsh$LrZ+S7S+BKGutfrr/iOYT/3FabxL5TQdI55DkhGjwlI=','2025-11-16 17:13:18.194529',0,'eee@eee.com','Emil','Elon','eee@eee.com',0,1,'2025-11-13 08:13:50.218387','','',NULL,'singaporean','vendor'),(7,'pbkdf2_sha256$600000$oZd3BBAf59vGgtJ1dGd19c$bvquQ2hoEcyFRxZWJ9B2SWJ3KubcrGMn/C5scPT0fQk=',NULL,0,'fff@fff.com','Faris','Fahad','fff@fff.com',0,1,'2025-11-13 08:15:03.312148','','',NULL,'singaporean','vendor'),(8,'pbkdf2_sha256$600000$D5gqK2VYrped86mlzB5eIq$s03yqGQW7y+BqX0EVE9E+quW2Zkomb9D/0X6iLQKyO0=',NULL,0,'ggg@ggg.com','Gemil','Guan','ggg@ggg.com',0,1,'2025-11-13 08:16:10.836013','','',NULL,'singaporean','vendor'),(9,'pbkdf2_sha256$600000$Y4NzEP1P8mLGpmxOpWBbAB$bSFp6k9szKwq5kAkVpWp3Zn8j4VLIelpRR9jkCKkOj4=',NULL,0,'hhh@hhh.com','Hani','Harima','hhh@hhh.com',0,1,'2025-11-13 08:16:58.538193','','',NULL,'singaporean','vendor'),(10,'pbkdf2_sha256$600000$N89VNOgVJfjdchwCamvNBw$nMEJl+u6od4vTJ2R6cO74J7ijNp6GdMDtklwVmpcNxo=',NULL,0,'iii@iii.com','Ingrid','Ikan','iii@iii.com',0,1,'2025-11-13 08:17:32.289811','','',NULL,'singaporean','vendor'),(11,'pbkdf2_sha256$600000$UdAYxW6BMQA5HAXBzTfejp$gHGr2AlUGuAOYCCA1pW4mpPZcfrZY4kMfyxy4E5JX8c=',NULL,0,'jjj@jjj.com','Jamu','Jase','jjj@jjj.com',0,1,'2025-11-13 08:19:50.754365','','',NULL,'singaporean','vendor'),(12,'pbkdf2_sha256$600000$FXpW2hYHCQ9wheag6HmMcK$fP5+j4TafPtvSemUDPaC7V1rMrHQ5O35y6Nk02yxft4=','2025-12-09 11:09:31.067994',0,'aa1@aaa.com','Alys','Ang','aa1@aaa.com',0,1,'2025-11-14 20:08:41.656031','','',NULL,'singaporean','vendor'),(13,'pbkdf2_sha256$600000$9asJpxlmU6K8gJcah6xGFR$I06+sM2cLD0kOJ03IJZj025442aWhsdHb1K/ZwXKO/I=',NULL,0,'aa2@aaa.com','Abbas','Anwar','aa2@aaa.com',0,1,'2025-11-14 20:09:37.036969','','',NULL,'singaporean','vendor'),(14,'pbkdf2_sha256$600000$m79DUnFzIrW7DVG9FpOBXi$CzdGmE9hCB9TA0VUjw6FFrs5ISASuOSwczf7c+7Hi8U=',NULL,0,'aa3@aaa.com','Azali','Ahmad','aa3@aaa.com',0,1,'2025-11-14 20:10:29.799963','','',NULL,'singaporean','vendor'),(15,'pbkdf2_sha256$600000$eIbCuzQwD9AjfutDtfyW6m$ECVWTaNBlJa0FwAf2yeuxgnRFh9a2u0eq//kWVsrZBg=','2025-11-30 04:13:18.753254',0,'aa4@aaa.com','Albert','Arawana','aa4@aaa.com',0,1,'2025-11-14 20:11:50.567419','','',NULL,'singaporean','vendor'),(16,'pbkdf2_sha256$600000$KJtpnBiMFU4tLohE0NynCw$AIXkqT4Nq257vXC3WO+NKoJ186HVh+B8VlUe4WgOfSI=',NULL,0,'aa5@aaa.com','Ann','Abomination','aa5@aaa.com',0,1,'2025-11-14 20:12:42.000256','','',NULL,'singaporean','vendor'),(17,'pbkdf2_sha256$600000$HPXeukxMhL37W9CK6Wotku$l3niRk4eb15nDqw4wG1D40XvtPBldkRwtjwaTESQHSM=',NULL,0,'aa6@aaa.com','Amir','Anis','aa6@aaa.com',0,1,'2025-11-14 20:55:02.162495','','',NULL,'singaporean','vendor'),(18,'pbkdf2_sha256$600000$K0U7bOR7wL0iV6iuHsnOXZ$M9xMXcZh65JxAZigbqLsOTB5xReqSs+ibSqwgOLsLm8=',NULL,0,'bb1@bbb.com','Ben','Bo','bb1@bbb.com',0,1,'2025-11-14 22:13:28.777783','','',NULL,'singaporean','vendor'),(19,'pbkdf2_sha256$600000$378ocKkKKsGnFj55NpJ4o9$meZmgzsUgDJq14wylS748MYHwxr26EWsREwi0BNoWw8=',NULL,0,'bb2@bbb.com','Belinda','Bu','bb2@bbb.com',0,1,'2025-11-14 22:14:50.937558','','',NULL,'singaporean','vendor'),(20,'pbkdf2_sha256$600000$oziVPZ39ABVgCOno6n94Vs$O8+HGljThOnm3OFqcdmq5W353tAqjtZk/Dcg3BBkDDM=',NULL,0,'bb3@bbb.com','Basil','Berkan','bb3@bbb.com',0,1,'2025-11-14 22:15:42.575618','','',NULL,'singaporean','vendor'),(21,'pbkdf2_sha256$600000$mMO6sDbA4CSFIOn8DrnfI7$b0GA6dk7A141aOGZt8zRw8FI54tVueXbpzyLCHUDk4I=',NULL,0,'bb4@bbb.com','Bobo','Bon','bb4@bbb.com',0,1,'2025-11-14 22:16:19.729109','','',NULL,'singaporean','vendor'),(22,'pbkdf2_sha256$600000$p3tOI8FCt7vuyAfhL2Cn1u$q++Zlpb/6cF0A8iIq68F67LJwSbmGvdJ94HsMbf9wbM=',NULL,0,'bb5@bbb.com','Bergan','Boz','bb5@bbb.com',0,1,'2025-11-14 22:17:04.653466','','',NULL,'singaporean','vendor'),(23,'pbkdf2_sha256$600000$UfT5DiBkWdiPeQ7W5neBtr$nQshSFTRPnMuGT92J4jYJWxJOvjUwrVRoqNX5EZXRIA=','2025-12-09 11:30:19.642694',0,'ttt@ttt.com','Tony','Tham','ttt@ttt.com',0,1,'2025-11-17 03:50:31.087806','','',NULL,'singaporean','tour_operator'),(24,'pbkdf2_sha256$600000$Lo4PGl9JDAEW0svwYoCLin$G8KJjRw90dru3kl/Btf1SkqjxwJb32dwUHLtehpfbdY=','2025-11-21 12:37:38.071940',0,'cc1@ccc.com','Cindy','Chandra','cc1@ccc.com',0,1,'2025-11-21 11:57:24.050345','','',NULL,'singaporean','vendor'),(25,'pbkdf2_sha256$600000$Zlr4FFvmGcW56qPb7owfGS$2fXPsnm1m31UwGq4WCO2nY+LptHOhLJ7x8mU2T8uAZE=','2025-11-26 11:21:37.893696',0,'cc2@ccc.com','Charlie','Chan','cc2@ccc.com',0,1,'2025-11-21 11:58:29.489662','','',NULL,'singaporean','vendor'),(26,'pbkdf2_sha256$600000$yfsffBmtMiqKPIk26Yr2g1$c1HvSyQtWvckEVHO7R6TYBHbGZo66Gx7AYWZhjLp0Xc=','2025-11-28 18:17:44.343686',0,'cc3@ccc.com','Chales','chong','cc3@ccc.com',0,1,'2025-11-21 11:59:51.133299','','',NULL,'singaporean','vendor'),(27,'pbkdf2_sha256$600000$uvJpNs7Vnplq6DzoNshLVJ$n8i3eVYYOhRZjwAkqZPVwOL9N/rjLPeUmeyhLIBabuQ=',NULL,0,'cc4@ccc.com','Clark','Chan','cc4@ccc.com',0,1,'2025-11-21 12:16:49.189109','','',NULL,'singaporean','vendor'),(28,'pbkdf2_sha256$600000$HYqxV18eTEKykQb3xbOIKV$ihQatKy3rvjLKdSKM4AQwa4es9+M8NBd8m8PxZe65+k=',NULL,0,'cc5@ccc.com','Coco','Chong','cc5@ccc.com',0,1,'2025-11-21 12:17:45.322231','','',NULL,'singaporean','vendor'),(29,'pbkdf2_sha256$600000$NNNhryK1xllfIOLDfwAUWu$2xOkUk6a0QVaJktMmcjmGHe2BadipMlwDyIJYLSu4wg=',NULL,0,'aa7@aaa.com','Amil','Aslan','aa7@aaa.com',0,1,'2025-11-22 05:45:30.172658','','',NULL,'singaporean','vendor'),(30,'pbkdf2_sha256$600000$UK8Yqohw0qqPk1Asmu214h$PIlmjzjGAkoZ8VbV2QUh2TCwyOd02gNO3TGmBOcwjmQ=',NULL,0,'cc6@ccc.com','Charlie','Chow','cc6@ccc.com',0,1,'2025-11-22 09:19:59.354336','','',NULL,'singaporean','vendor'),(31,'pbkdf2_sha256$600000$bxTPDw2YVn4sgqcKQc0UMg$xXSH8UpWuX3rKJWNLOvOJnOyG0LTM61Dl+p3k73LyzI=',NULL,0,'cc7@ccc.com','Cecil','Criss','cc7@ccc.com',0,1,'2025-11-22 09:20:58.913310','','',NULL,'singaporean','vendor'),(32,'pbkdf2_sha256$600000$VogVSyXhHOQzGVX2jmIhW9$VMtnFGHuvfqPIxCqPI1/P3g/j7pUXlx55c0HkoGX1UU=',NULL,0,'cc8@ccc.com','Chun Hock','Carlos','cc8@ccc.com',0,1,'2025-11-22 09:22:03.329456','','',NULL,'singaporean','vendor'),(33,'pbkdf2_sha256$600000$s1pOMe1mZNHYKCwKTLaWwe$4CHgD3qquO0jKqBzd7tesKbBQ3vsaqT/NqOCIbB2Hyw=',NULL,0,'cc9@ccc.com','Chandra','Christiansen','cc9@ccc.com',0,1,'2025-11-22 09:23:14.607144','','',NULL,'singaporean','vendor'),(34,'pbkdf2_sha256$600000$ikI7Pxv7Kmn4yzpif4hwGv$a4GAw0yE+ppbymKqiAtxJW1CIOrbmz7glrz5mOC/sn0=','2025-12-01 13:33:20.950775',0,'cc10@ccc.com','Chochamaru','Canton','cc10@ccc.com',0,1,'2025-11-22 09:24:35.335140','','',NULL,'singaporean','vendor'),(35,'pbkdf2_sha256$600000$OSjN3yWKyZgfC4MdtlLnqW$QHxKKZZG3tQ4zxaCySx00ifbPt38Jxp6Az3repfN17s=',NULL,0,'cc11@ccc.com','Caiyun','Chesterfield','cc11@ccc.com',0,1,'2025-11-23 05:26:09.178065','','',NULL,'singaporean','vendor'),(36,'pbkdf2_sha256$600000$lnMOstb44sQWWKXxjkK7Mj$3xeeEd46tNQ3LxvxM7AJGw+UoV357Dwb5pQHnZGt9Pk=','2025-12-01 12:37:50.632782',0,'cc12@ccc.com','Chandramuti','Cunningham','cc12@ccc.com',0,1,'2025-11-23 05:27:51.586404','','',NULL,'singaporean','vendor'),(37,'pbkdf2_sha256$600000$9jm7RCMX9ppu18VCzvLExo$3P3eL5OvYMAN42iHJr7owQPTrC476qBB6sUg5aDmBgo=',NULL,0,'cc13@ccc.com','Chandragupta','Coles','cc13@ccc.com',0,1,'2025-11-23 05:28:38.145368','','',NULL,'singaporean','vendor'),(38,'pbkdf2_sha256$600000$bHLDSFlTgTnSCzmO9nXGA6$Jj7UVZC9AmPc5+AelbVagnzShl7MQSnTgfMr8jHoKRY=',NULL,0,'cc14@ccc.com','Chingay','Colt','cc14@ccc.com',0,1,'2025-11-23 05:29:15.137357','','',NULL,'singaporean','vendor'),(39,'pbkdf2_sha256$600000$IBUK8w1zHQAPBlxL13j7CH$sbFz9sdrjwpFNbXNbfytVwtGPrM1aGCMvAMGzNo4Jb4=',NULL,0,'cc15@ccc.com','Caocoa','Churchill','cc15@ccc.com',0,1,'2025-11-23 05:30:20.643877','','',NULL,'singaporean','vendor'),(40,'pbkdf2_sha256$600000$TS0WLqshQsi4AoFxaf0bhy$LZKGqGTPoYsnB1sR7VvxxasprjcPcyIV03cSCcrvZSQ=',NULL,0,'tt1@ttt.com','Tian Tang','Thomson','tt1@ttt.com',0,1,'2025-11-25 10:12:06.191541','','',NULL,'singaporean','tour_operator'),(41,'pbkdf2_sha256$600000$DpJ9yphnVltxgFBWzO3M8g$QXVMghYaYbbE8lWu5l4D6orqOlRw5A3H+UryxrM3a4I=',NULL,0,'tt2@ttt.com','Tsingtao','Tessa','tt2@ttt.com',0,1,'2025-11-25 10:12:39.904241','','',NULL,'singaporean','tour_operator'),(42,'pbkdf2_sha256$600000$nyJtKVBOMBPa8HFhd0jSkl$WxRHrgmjJCS/gg5za9vcqeW+MR4FT3rW8gXnBDIjHKM=',NULL,0,'tt4@ttt.com','Tharman','Thule','tt4@ttt.com',0,1,'2025-11-25 10:13:54.662526','','',NULL,'singaporean','tour_operator'),(43,'pbkdf2_sha256$600000$aabMXFq3oiUYEorMxRYwRp$hdcaGL4n2zT7cMDgWWSyWJfaJJWg1W0G40fNPVEgT04=','2025-12-01 11:52:07.206699',0,'tt5@ttt.com','Timura','Thales','tt5@ttt.com',0,1,'2025-11-25 10:15:13.343147','','',NULL,'singaporean','tour_operator'),(44,'pbkdf2_sha256$600000$wIB4mm4nBKVrTPhYR45Uvh$dq3YVFBC72Oeq2Plp0L9TbNOVEetyfAQBMfQJn3Ey58=',NULL,0,'dd1@ddd.com','Dunhuang','Davidson','dd1@ddd.com',0,1,'2025-11-27 14:51:27.692011','','',NULL,'singaporean','vendor'),(45,'pbkdf2_sha256$600000$yMaW1Sqs4XSNPo1Xgro2fM$tD5WKhWdV2hk10bts3ucGm+JtK7r5KyWWTRi9lDcH7A=',NULL,0,'dd2@ddd.com','Danlao','Devito','dd2@ddd.com',0,1,'2025-11-28 13:15:45.391386','','',NULL,'singaporean','vendor'),(46,'pbkdf2_sha256$600000$XEJ7F7IYeebh7CXZrfXC8U$tiAi6V/K59Q8KWjM7kfkPKoE5krWuyZt8uh3jZHjr7Q=',NULL,0,'dd3@ddd.com','Dadi','Dustin','dd3@ddd.com',0,1,'2025-11-28 13:17:02.631955','','',NULL,'singaporean','vendor'),(47,'pbkdf2_sha256$600000$PrfA2rvLKS4ipiX99zX1Q0$KfQIxfNCL50GrocLsxUW4hWBFWtCLHX8kuukMyXYrXY=',NULL,0,'dd4@ddd.com','Dhamballah','Dio','dd4@ddd.com',0,1,'2025-11-28 13:17:56.010240','','',NULL,'singaporean','vendor'),(48,'pbkdf2_sha256$600000$2KNu6eeqNm5ptqIUNFiXe5$yJMWwnCkoReYA2jHW/AC2iwCkDui9N0o0w051fmu6no=',NULL,0,'dd5@ddd.com','Dharman','Dunbridge','dd5@ddd.com',0,1,'2025-11-28 13:18:51.157509','','',NULL,'singaporean','vendor'),(49,'pbkdf2_sha256$600000$GWwXXHXz198Fap8fIul6ty$4wzSWSryF4b/+X5T2GFbOURBZbxEBhkmCa9KlCG5q9o=',NULL,0,'ee1@eee.com','Eugene','Eng','ee1@eee.com',0,1,'2025-12-01 13:53:52.972940','','',NULL,'singaporean','vendor'),(50,'pbkdf2_sha256$600000$ICcp9we4gOUkyekDXs6eL8$BrrhqG0shekwHCLCIS/3kbGDqMIjOe+e2FZnj+Jyk/I=',NULL,0,'ee2@eee.com','Eunice','Egbol','ee2@eee.com',0,1,'2025-12-01 13:54:30.461910','','',NULL,'singaporean','vendor'),(51,'pbkdf2_sha256$600000$ZlKa1cl8JDfKv9L3gO1lNj$6NLZ94Zi0vKajmLQ6KtwpBSEhU84nZEDJoaw5PMMCsU=',NULL,0,'ee3@eee.com','Evelyn','Eos','ee3@eee.com',0,1,'2025-12-01 13:55:05.314465','','',NULL,'singaporean','vendor'),(52,'pbkdf2_sha256$600000$7TlRGncu4EYy8IwRGknHFN$vMxeySvbwgTs1B862roZVOc7hBBIT0DyBHtre5/1uSo=',NULL,0,'ee4@eee.com','Engwah','Englebert','ee4@eee.com',0,1,'2025-12-01 13:56:11.163415','','',NULL,'singaporean','vendor'),(53,'pbkdf2_sha256$600000$xB7ZFr6eZzt4PJ3wuyCIu5$b5jRfgeDM74yZpzzhQMxFaia+a2uq6MBYAAFW6Sjcmc=',NULL,0,'ee5@eee.com','Ebon','Ebola','ee5@eee.com',0,1,'2025-12-01 13:56:41.977971','','',NULL,'singaporean','vendor'),(54,'pbkdf2_sha256$600000$sOL9K8TBFUHqZrpph2w0Td$LJy31hZNa/CpwvPKvF0mbt6A+Qbxuzv29SacyhGOEwg=',NULL,0,'ee6@eee.com','Eunhwa','Englbert','ee6@eee.com',0,1,'2025-12-01 15:46:06.692490','','',NULL,'singaporean','vendor'),(55,'pbkdf2_sha256$600000$f1K5cl23SM8DIwnWLftt5s$ipciR8U6GdCoeDuZF9z9SUmlnVruKpAvH1zIa02KTt4=','2025-12-06 08:17:10.723648',0,'LS08736@learning.lithan.com','Hansen','Chew','LS08736@learning.lithan.com',0,1,'2025-12-06 02:41:40.742102','','',NULL,'singaporean','local'),(56,'pbkdf2_sha256$600000$cg1tuCwQpOFtG4emb8LmXz$FAjzmH+O8gIKKaecAA72HE/C1iJYK2q0MtH7I74a7+A=','2025-12-10 17:10:12.579326',0,'ll1@lll.com','Leslie','LaFaquar','ll1@lll.com',0,1,'2025-12-10 09:53:50.082872','','',NULL,'singaporean','local'),(57,'pbkdf2_sha256$600000$sz3qENimafhmTq8i8aOdTa$zguBkQ2eppWN/GLC1Z1xAE3nZcUcq93B1kvsup9VbeY=',NULL,0,'ll2@lll.com','Longsan','Lemar','ll2@lll.com',0,1,'2025-12-10 09:54:42.862481','','I filled in my bio!','2017-08-14','singaporean','local'),(58,'pbkdf2_sha256$600000$wuBNePsCngSNYcq72gp8k7$cP6CvH9aw8zsUkChqBirSVPhZCi5O7OkbHEoEFn1i9w=',NULL,0,'ll3@lll.com','Laoma','Longines','ll3@lll.com',0,1,'2025-12-10 09:56:45.830160','','',NULL,'singaporean','local'),(59,'pbkdf2_sha256$600000$IHpw2yo3OtCwjvz3xx2flh$KW5gXrzzAOuRS3fN5SWTB+A9ST/Rsvf8b0AXyWbaxyw=',NULL,0,'ll4@lll.com','Linman','Lo','ll4@lll.com',0,1,'2025-12-10 09:57:29.427057','','',NULL,'singaporean','local'),(60,'pbkdf2_sha256$600000$qxspmztCv1j0KFqQPTjtVM$mH2dZAYoK78d1sjhVT8fyCwpEGA2om1Kya1wrXnISAc=','2025-12-10 14:57:44.335322',0,'uu1@uuu.com','Ugh','Ughface','uu1@uuu.com',0,1,'2025-12-10 09:58:15.257049','','',NULL,'korean','tourist'),(61,'pbkdf2_sha256$600000$BoIzhGWLgAElqmox9OOmoi$wGbh4kz9jrIGwjxrOY7Vutxyi/C10J1dX1Si68u15sU=','2025-12-10 14:59:03.224877',0,'uu2@uuu.com','Umama','Uknow','uu2@uuu.com',0,1,'2025-12-10 09:59:05.855638','','',NULL,'australian','tourist'),(62,'pbkdf2_sha256$600000$pvifP2OwCpauG7jsaFvLML$qLveh0qV7XTHivke/DZqpj24u9Tnfje9JvOCYqezsw8=','2025-12-10 14:59:58.851876',0,'uu3@uuu.com','Ubot','Uramiya','uu3@uuu.com',0,1,'2025-12-10 09:59:51.663630','','',NULL,'japanese','tourist'),(63,'pbkdf2_sha256$600000$LRTb0tMGghVCeDULvwzjlw$h7HiAAih36c6LyEy6tO5aR6p5ZB+xesQ/srpTDwbnk4=','2025-12-10 17:08:59.645468',0,'uu4@uuu.com','Uhara','Umagata','uu4@uuu.com',0,1,'2025-12-10 10:00:43.685533','','',NULL,'japanese','tourist');
/*!40000 ALTER TABLE `users_customuser` ENABLE KEYS */;
UNLOCK TABLES;

--
-- Table structure for table `users_customuser_groups`
--

DROP TABLE IF EXISTS `users_customuser_groups`;
/*!40101 SET @saved_cs_client     = @@character_set_client */;
/*!50503 SET character_set_client = utf8mb4 */;
CREATE TABLE `users_customuser_groups` (
  `id` bigint NOT NULL AUTO_INCREMENT,
  `customuser_id` bigint NOT NULL,
  `group_id` int NOT NULL,
  PRIMARY KEY (`id`),
  UNIQUE KEY `users_customuser_groups_customuser_id_group_id_76b619e3_uniq` (`customuser_id`,`group_id`),
  KEY `users_customuser_groups_group_id_01390b14_fk_auth_group_id` (`group_id`),
  CONSTRAINT `users_customuser_gro_customuser_id_958147bf_fk_users_cus` FOREIGN KEY (`customuser_id`) REFERENCES `users_customuser` (`id`),
  CONSTRAINT `users_customuser_groups_group_id_01390b14_fk_auth_group_id` FOREIGN KEY (`group_id`) REFERENCES `auth_group` (`id`)
) ENGINE=InnoDB DEFAULT CHARSET=utf8mb4 COLLATE=utf8mb4_0900_ai_ci;
/*!40101 SET character_set_client = @saved_cs_client */;

--
-- Dumping data for table `users_customuser_groups`
--

LOCK TABLES `users_customuser_groups` WRITE;
/*!40000 ALTER TABLE `users_customuser_groups` DISABLE KEYS */;
/*!40000 ALTER TABLE `users_customuser_groups` ENABLE KEYS */;
UNLOCK TABLES;

--
-- Table structure for table `users_customuser_user_permissions`
--

DROP TABLE IF EXISTS `users_customuser_user_permissions`;
/*!40101 SET @saved_cs_client     = @@character_set_client */;
/*!50503 SET character_set_client = utf8mb4 */;
CREATE TABLE `users_customuser_user_permissions` (
  `id` bigint NOT NULL AUTO_INCREMENT,
  `customuser_id` bigint NOT NULL,
  `permission_id` int NOT NULL,
  PRIMARY KEY (`id`),
  UNIQUE KEY `users_customuser_user_pe_customuser_id_permission_7a7debf6_uniq` (`customuser_id`,`permission_id`),
  KEY `users_customuser_use_permission_id_baaa2f74_fk_auth_perm` (`permission_id`),
  CONSTRAINT `users_customuser_use_customuser_id_5771478b_fk_users_cus` FOREIGN KEY (`customuser_id`) REFERENCES `users_customuser` (`id`),
  CONSTRAINT `users_customuser_use_permission_id_baaa2f74_fk_auth_perm` FOREIGN KEY (`permission_id`) REFERENCES `auth_permission` (`id`)
) ENGINE=InnoDB DEFAULT CHARSET=utf8mb4 COLLATE=utf8mb4_0900_ai_ci;
/*!40101 SET character_set_client = @saved_cs_client */;

--
-- Dumping data for table `users_customuser_user_permissions`
--

LOCK TABLES `users_customuser_user_permissions` WRITE;
/*!40000 ALTER TABLE `users_customuser_user_permissions` DISABLE KEYS */;
/*!40000 ALTER TABLE `users_customuser_user_permissions` ENABLE KEYS */;
UNLOCK TABLES;

--
-- Table structure for table `users_itinerarynote`
--

DROP TABLE IF EXISTS `users_itinerarynote`;
/*!40101 SET @saved_cs_client     = @@character_set_client */;
/*!50503 SET character_set_client = utf8mb4 */;
CREATE TABLE `users_itinerarynote` (
  `id` bigint NOT NULL AUTO_INCREMENT,
  `date` date NOT NULL,
  `title` varchar(200) NOT NULL,
  `content` longtext NOT NULL,
  `created_at` datetime(6) NOT NULL,
  `updated_at` datetime(6) NOT NULL,
  `user_id` bigint NOT NULL,
  `order` int unsigned NOT NULL,
  PRIMARY KEY (`id`),
  UNIQUE KEY `users_itinerarynote_user_id_date_title_bf60b061_uniq` (`user_id`,`date`,`title`),
  CONSTRAINT `users_itinerarynote_user_id_c9a9d378_fk_users_customuser_id` FOREIGN KEY (`user_id`) REFERENCES `users_customuser` (`id`),
  CONSTRAINT `users_itinerarynote_chk_1` CHECK ((`order` >= 0))
) ENGINE=InnoDB AUTO_INCREMENT=14 DEFAULT CHARSET=utf8mb4 COLLATE=utf8mb4_0900_ai_ci;
/*!40101 SET character_set_client = @saved_cs_client */;

--
-- Dumping data for table `users_itinerarynote`
--

LOCK TABLES `users_itinerarynote` WRITE;
/*!40000 ALTER TABLE `users_itinerarynote` DISABLE KEYS */;
INSERT INTO `users_itinerarynote` VALUES (9,'2025-12-11','5pm Dinner','Lau Pa Saat','2025-12-06 01:29:31.373436','2025-12-09 10:28:20.058729',1,3),(12,'2025-12-11','9am Brunch','Tim Sum at Red Star','2025-12-09 10:26:58.907293','2025-12-09 10:27:39.089050',1,2),(13,'2025-12-11','2pm MBS Visit','Hope I win $$$','2025-12-09 10:28:17.439703','2025-12-09 10:28:20.063735',1,3);
/*!40000 ALTER TABLE `users_itinerarynote` ENABLE KEYS */;
UNLOCK TABLES;

--
-- Table structure for table `vendor_events`
--

DROP TABLE IF EXISTS `vendor_events`;
/*!40101 SET @saved_cs_client     = @@character_set_client */;
/*!50503 SET character_set_client = utf8mb4 */;
CREATE TABLE `vendor_events` (
  `id` bigint NOT NULL AUTO_INCREMENT,
  `event_name` varchar(200) NOT NULL,
  `event_description` longtext NOT NULL,
  `event_start_date` date NOT NULL,
  `event_end_date` date NOT NULL,
  `event_address` longtext NOT NULL,
  `event_latitude` decimal(10,8) DEFAULT NULL,
  `event_longitude` decimal(11,8) DEFAULT NULL,
  `is_recurring` tinyint(1) NOT NULL,
  `recurrence_pattern` varchar(100) NOT NULL,
  `event_pix` varchar(100) DEFAULT NULL,
  `is_active` tinyint(1) NOT NULL,
  `created_at` datetime(6) NOT NULL,
  `updated_at` datetime(6) NOT NULL,
  `vendor_id` bigint NOT NULL,
  `event_end_time` time(6) DEFAULT NULL,
  `event_start_time` time(6) DEFAULT NULL,
  `event_website` varchar(200) NOT NULL,
  `event_type` varchar(50) NOT NULL,
  PRIMARY KEY (`id`),
  KEY `vendor_even_event_s_c6f6c2_idx` (`event_start_date`,`event_end_date`),
  KEY `vendor_even_vendor__d6423e_idx` (`vendor_id`,`event_start_date`),
  CONSTRAINT `vendor_events_vendor_id_59b5e66f_fk_vendors_id` FOREIGN KEY (`vendor_id`) REFERENCES `vendors` (`id`)
) ENGINE=InnoDB AUTO_INCREMENT=6 DEFAULT CHARSET=utf8mb4 COLLATE=utf8mb4_0900_ai_ci;
/*!40101 SET character_set_client = @saved_cs_client */;

--
-- Dumping data for table `vendor_events`
--

LOCK TABLES `vendor_events` WRITE;
/*!40000 ALTER TABLE `vendor_events` DISABLE KEYS */;
INSERT INTO `vendor_events` VALUES (1,'Enjoy the finest delicacy of the season: Yangcheng Lake Hairy Crabs','Embrace Autumn with Our Selection of the World Renowned Yangcheng Lake Hairy Crabs. \r\nEnjoy the season with our finest selection of Yangcheng Lake Hairy Crabs:\r\n- Female: Approx. 250g Each: $63++\r\n​- Male: Approx. 300g Each $68++','2025-10-20','2025-12-15','Red Star Restaurant\r\nBlock 54 Chin Swee Rd, #07-23, Singapore 160054',NULL,NULL,0,'','event_images/rs4.png',1,'2025-11-24 11:27:02.483066','2025-11-25 08:20:05.061208',18,NULL,NULL,'https://www.red-star.com.sg/promo','seasonal_promotion'),(2,'Tampines Central 5 Pasar Malam','The final pasar malam of the year will kick off tomorrow 15 Nov 2025, next to Tampines MRT Station!\r\n\r\nThe event will last for a month, consisting of a wide variety of new and popular stalls that will make you be spoilt for choice.','2025-11-15','2025-12-14','20 Tampines Central 1, Singapore 529538',1.35500000,103.94340000,0,'','event_images/pmlm.png',1,'2025-11-28 13:14:09.710205','2025-11-28 15:04:17.564791',32,NULL,NULL,'','food_fair'),(3,'Mayflower Place Pasar Malam','Ang Mo Kio pasar malam is bursting with fun and smiles! ✨ Bring the whole family down for non-stop excitement, yummy treats, and awesome games!? ?✨','2025-11-24','2025-12-23','Blk 162 Ang Mo Kio Avenue 4, Singapore 560162',1.37410000,103.83880000,0,'','event_images/pmlm2.png',1,'2025-11-28 13:14:09.720035','2025-11-28 13:56:01.682250',32,NULL,NULL,'','other'),(4,'Choa Chu Kang Central Pasar Malam','','2025-11-22','2025-12-09','Blk 355 Choa Chu Kang Central, Singapore 680355',1.38450000,103.74570000,0,'','event_images/pmlm1.png',1,'2025-11-28 13:14:09.720035','2025-11-28 13:48:26.472989',32,NULL,NULL,'','other'),(5,'Christmas on a Great Street','From Sat 8 Nov 2025 – Thu 1 Jan 2026, Orchard Road transforms into\r\na festive wonderland with Orchard Road Business Association’s\r\n(ORBA) “Christmas on A Great Street”, presented by Hitachi.\r\n\r\nThis year’s celebration marks SG60 in vibrant style — under a\r\ndazzling tapestry of festoon lights that set the stage for Singapore’s\r\ngreatest Christmas celebration. With a shared spirit of camaraderie,\r\nthe event brings warmth, joy and connection to all who visit.','2025-11-08','2026-01-01','Ngee Ann City Civic Plaza\r\n391A Orchard Road, Singapore 238873',1.29140000,103.83560000,0,'','event_images/img-event-ngee-ann.89f06a6a.jpg',1,'2025-11-28 13:24:45.123780','2025-11-28 15:03:52.506716',33,NULL,NULL,'https://kiztopia.com/christmas-village-2025/','food_fair');
/*!40000 ALTER TABLE `vendor_events` ENABLE KEYS */;
UNLOCK TABLES;

--
-- Table structure for table `vendor_events_event_cuisine`
--

DROP TABLE IF EXISTS `vendor_events_event_cuisine`;
/*!40101 SET @saved_cs_client     = @@character_set_client */;
/*!50503 SET character_set_client = utf8mb4 */;
CREATE TABLE `vendor_events_event_cuisine` (
  `id` bigint NOT NULL AUTO_INCREMENT,
  `event_id` bigint NOT NULL,
  `cuisinetype_id` bigint NOT NULL,
  PRIMARY KEY (`id`),
  UNIQUE KEY `vendor_events_event_cuis_event_id_cuisinetype_id_ddbfe248_uniq` (`event_id`,`cuisinetype_id`),
  KEY `vendor_events_event__cuisinetype_id_5eff1073_fk_cuisine_t` (`cuisinetype_id`),
  CONSTRAINT `vendor_events_event__cuisinetype_id_5eff1073_fk_cuisine_t` FOREIGN KEY (`cuisinetype_id`) REFERENCES `cuisine_types` (`id`),
  CONSTRAINT `vendor_events_event__event_id_6d5f16e1_fk_vendor_ev` FOREIGN KEY (`event_id`) REFERENCES `vendor_events` (`id`)
) ENGINE=InnoDB AUTO_INCREMENT=17 DEFAULT CHARSET=utf8mb4 COLLATE=utf8mb4_0900_ai_ci;
/*!40101 SET character_set_client = @saved_cs_client */;

--
-- Dumping data for table `vendor_events_event_cuisine`
--

LOCK TABLES `vendor_events_event_cuisine` WRITE;
/*!40000 ALTER TABLE `vendor_events_event_cuisine` DISABLE KEYS */;
INSERT INTO `vendor_events_event_cuisine` VALUES (1,1,1),(15,2,1),(14,2,8),(16,2,15),(4,2,18),(10,3,1),(9,3,8),(12,3,15),(11,3,18),(6,4,1),(5,4,8),(8,4,15),(7,4,18),(13,5,12),(3,5,18);
/*!40000 ALTER TABLE `vendor_events_event_cuisine` ENABLE KEYS */;
UNLOCK TABLES;

--
-- Table structure for table `vendors`
--

DROP TABLE IF EXISTS `vendors`;
/*!40101 SET @saved_cs_client     = @@character_set_client */;
/*!50503 SET character_set_client = utf8mb4 */;
CREATE TABLE `vendors` (
  `id` bigint NOT NULL AUTO_INCREMENT,
  `business_name` varchar(200) NOT NULL,
  `vendor_type` varchar(20) NOT NULL,
  `description` longtext NOT NULL,
  `address` longtext,
  `latitude` decimal(10,8) DEFAULT NULL,
  `longitude` decimal(11,8) DEFAULT NULL,
  `phone` varchar(20) NOT NULL,
  `email` varchar(254) NOT NULL,
  `website` varchar(200) NOT NULL,
  `is_verified` tinyint(1) NOT NULL,
  `is_featured` tinyint(1) NOT NULL,
  `is_active` tinyint(1) NOT NULL,
  `created_at` datetime(6) NOT NULL,
  `updated_at` datetime(6) NOT NULL,
  `user_id` bigint NOT NULL,
  `business_pix` varchar(100) DEFAULT NULL,
  `kosher` tinyint(1) NOT NULL,
  `vegetarian` tinyint(1) NOT NULL,
  `opening_hours` longtext NOT NULL DEFAULT (_utf8mb4''),
  `advance_notice_hours` int unsigned NOT NULL,
  `booking_type` varchar(20) NOT NULL,
  `external_booking_link` longtext NOT NULL,
  `max_group_size` int unsigned NOT NULL,
  `reservation_instructions` longtext NOT NULL DEFAULT (_utf8mb4''),
  `halal` tinyint(1) NOT NULL,
  `accept_tour_partnership` tinyint(1) NOT NULL,
  `catering_service` tinyint(1) NOT NULL,
  PRIMARY KEY (`id`),
  UNIQUE KEY `user_id` (`user_id`),
  CONSTRAINT `vendors_user_id_f1608816_fk_users_customuser_id` FOREIGN KEY (`user_id`) REFERENCES `users_customuser` (`id`),
  CONSTRAINT `vendors_chk_1` CHECK ((`advance_notice_hours` >= 0)),
  CONSTRAINT `vendors_chk_2` CHECK ((`max_group_size` >= 0))
) ENGINE=InnoDB AUTO_INCREMENT=40 DEFAULT CHARSET=utf8mb4 COLLATE=utf8mb4_0900_ai_ci;
/*!40101 SET character_set_client = @saved_cs_client */;

--
-- Dumping data for table `vendors`
--

LOCK TABLES `vendors` WRITE;
/*!40000 ALTER TABLE `vendors` DISABLE KEYS */;
INSERT INTO `vendors` VALUES (1,'Maxwell Fuzhou Oyster Cake','stall','Established in 1962 by Madam Pang Siew Ting, the family-run business serving this just one item has also been recently included in the Michelin Guide Singapore.','Maxwell Food Centre #01-05, 1 Kadayanallur St, Singapore 069184',1.28033150,103.84474730,'','','',1,0,1,'2025-11-11 22:07:00.417320','2025-11-11 22:07:19.330537',3,'vendor_business_pix/oyster.png',0,0,'9am – 8pm (Mon – Sat), Closed Sun',24,'walk_in','',0,'',0,0,0),(2,'Hum Jin Pang','stall','Hum Jin Pang might look like a normal hawker stall at Maxwell Food Centre but this is anything but your usual food stall. Loosely translated from Cantonese, hum jin pang means ‘fried dough fritters’.','Maxwell Food Centre #01-28, 1 Kadayanallur St, #01-56 Maxwell Road Food Centre, Singapore 069184',1.28033150,103.84474730,'','','',1,0,1,'2025-11-11 22:38:03.913941','2025-11-11 22:38:38.867565',4,'vendor_business_pix/hjp1.png',0,0,'4pm – 8pm (Mon – Sun)',24,'walk_in','',0,'',0,0,0),(3,'Tian Tian Hainanese Chicken Rice (Maxwell)','stall','Tian Tian Hainanese Chicken Rice is possibly the most well-known chicken rice seller operating branches across Singapore and beyond. This is the original stall where it all began in \'86/\'87.','Maxwell Food Centre #01-10/11, 1 Kadayanallur Street, Singapore 069184',1.28033150,103.84474730,'+65 9691 4852','','https://www.tiantianchickenrice.com.sg/',1,0,1,'2025-11-13 03:27:08.361945','2025-11-13 21:18:20.261890',5,'vendor_business_pix/tthcr.png',0,0,'10.30am – 7:30pm (Mon – Sun)',24,'walk_in','',0,'',0,0,0),(4,'Alimama Green Chilli Chicken Rice & Prawn Noodle','stall','This stall combines Indonesian charcoal grilled food with Malay & Chinese ingredients,','Maxwell Food Centre #01-09, 1 Kadayanallur Street, Singapore 069184',1.28033150,103.84474730,'','','',1,0,1,'2025-11-13 08:43:56.614387','2025-11-14 00:46:39.804300',7,'vendor_business_pix/indo.png',0,0,'11:30am – 8:30pm (Mon – Sun)',24,'walk_in','',0,'',0,0,0),(5,'Ah Tai Hainanese Chicken Rice','stall','Set up by the former head chef of Tien Tien Chicken Rice in 2012, the rivalry between the two stores has inspired the “Poached” mini-food documentary.','Maxwell Food Centre, #01-07, 1 Kadayanallur St, Singapore 069184',1.28033150,103.84474730,'','','',1,0,1,'2025-11-13 08:56:38.782782','2025-11-13 21:49:14.067576',6,'vendor_business_pix/atcr.png',0,0,'11am – 7:30pm (Mon – Sun), Closed Tues',24,'walk_in','',0,'',0,0,0),(6,'Rojak, Popiah & Cockle','stall','This clean, tidy stall is named after the three items on its menu.','Maxwell Road Food Centre, #01-56, 1 Kadayanallur St, Singapore 069184',1.28033150,103.84474730,'','','',1,0,1,'2025-11-13 09:11:36.994810','2025-11-13 16:40:20.350982',8,'vendor_business_pix/rpc.png',0,0,'12pm – 10pm (Mon – Tues, Thurs – Sun), Closed Wed',24,'walk_in','',0,'',0,0,0),(7,'Danlao 蛋佬','stall','Danlao 蛋佬 literally means “guy who does eggs” in Mandarin, this stall focuses on their signature silky scrambled egg dishes.','Maxwell Food Centre #01-73, 1 Kadayanallur Street, Singapore 069184',1.28033150,103.84474730,'','','',1,0,1,'2025-11-13 09:19:05.179450','2025-11-14 00:28:04.011979',9,'vendor_business_pix/dl.png',0,0,'11am – 8pm (Mon – Thu), Closed Fri, Sat, Sun',24,'walk_in','',0,'',0,0,0),(8,'Baguette Huong Viet','stall','This food stall, previously located at Golden Mile, serves traditional Vietnamese fare: Banh Mi, Pho, Vermicelli Noodles, and Spring Rolls.','Maxwell Food Centre #01-42, 1 Kadayanallur Street, Singapore 069184',1.28033150,103.84474730,'','','',1,0,1,'2025-11-14 11:59:02.966204','2025-11-28 13:01:43.121310',10,'vendor_business_pix/bg.png',0,0,'9am – 9pm (Mon – Sun)',24,'walk_in','',0,'',0,0,0),(9,'Wa Ree Boat Noodle Thai Cuisine','stall','Wa Ree Boat Noodle Thai Cuisine offers a taste of Thailand with its authentic Boat Noodles.','Maxwell Food Centre #01-44,1 Kadayanallur Street, Singapore 069184',1.28033150,103.84474730,'','','',1,0,1,'2025-11-14 12:06:01.106372','2025-11-14 12:27:29.074328',11,'vendor_business_pix/bn.png',0,0,'11am – 8pm (Mon – Sun)',24,'walk_in','',0,'',0,0,0),(10,'Best Satay No 7 & 8','stall','Widely considered the most popular and legendary of the satay stall on Lau Pa Sat\'s Satay Street, Best Satay No 7 & 8 are operated by the same owners.','Lau Pa Sat, Satay Street, Stalls 7 and 8, 18 Raffles Quay, Singapore 048582',1.28062900,103.85039600,'9154 1542','','',1,0,1,'2025-11-14 20:36:21.322250','2025-12-03 06:15:17.966201',12,'vendor_business_pix/satay.png',0,0,'7:00 PM to 3:00 AM on weekdays and 3:00 PM to 3:00 AM on weekends',24,'walk_in','',0,'',1,0,0),(11,'Thunder Tea Rice','stall','The Thunder Tea Rice stall at Lau Pa Sat is a popular spot known for its healthy and flavorful take on the traditional Hakka dish, offering a unique twist to appeal to a wider audience. It features a base of brown rice topped with a variety of crunchy vegetables, peanuts, and preserved radish, along with a strong, herbal green tea-based soup poured over it. Unlike many traditional versions, this stall also provides non-vegetarian options like chicken or fish to cater to meat-eaters, and is also halal-certified.','Lau Pa Sat, Stall 25, 18 Raffles Quay, Singapore 048582',1.28062900,103.85039600,'+65 8887 0859','','',1,0,1,'2025-11-14 20:40:49.415326','2025-11-30 10:32:04.840624',13,'vendor_business_pix/tt.jpg',0,0,'7am – 11pm',24,'walk_in','',0,'',1,0,0),(12,'Butter & Cream','stall','Butter & Cream at Lau Pa Sat is a popular bakery stall known for its wide array of freshly baked, rich, and moist pastries, particularly its signature egg tarts and muffins. It is a dessert haven within the bustling food market and often sees long queues.','Lau Pa Sat, Stall 5 & 6, 18 Raffles Quay, Singapore 048582',1.28062900,103.85039600,'+65 8040 0283','','',1,0,1,'2025-11-14 20:44:19.927865','2025-11-30 10:34:56.968201',14,'vendor_business_pix/bnc.jpeg',0,0,'Mon to Thu: 10am – 9pm\r\nFri: 10am – 10pm\r\nSat: 10.30am – 10pm\r\nSun: 10.30am – 9pm',24,'walk_in','',0,'',0,0,0),(13,'Golden Shoe Hokkien Mee','stall','Golden Shoe Hokkien Mee is a popular and historic stall located at Stall 26, Lau Pa Sat, Singapore. It is well-regarded for serving a traditional, wet-style Hokkien Mee, known for its rich flavors and generous use of ingredients.','Lau Pa Sat, Stall 26, 18 Raffles Quay, Singapore 048582',1.28062900,103.85039600,'+65 9625 7892','','',1,0,1,'2025-11-14 20:47:23.590766','2025-11-30 10:58:40.977693',15,'vendor_business_pix/gshm.jpeg',0,0,'9.30am – 9.30pm',24,'walk_in','',0,'',0,0,0),(14,'Rokus a.g.b Creative Korean Burger','stall','ROKUS a.g.b Creative Korean Burger (also known as ROKUS & freedomism) is a popular hawker stall located at Stall 24, Lau Pa Sat, Singapore, known for its unique and creative fusion of American-style burgers with authentic Korean flavors. It is highly regarded for bringing a gourmet burger experience into a casual hawker setting.','Lau Pa Sat, Stall 24, 18 Raffles Quay, Singapore 048582',1.28062900,103.85039600,'+65 8448 0707','','',1,0,1,'2025-11-14 20:50:04.821130','2025-11-30 11:34:35.588913',16,'vendor_business_pix/rkb.jpeg',0,0,'Sun to Thu: 11am – 10.30pm\r\nFri & Sat: 11am – 4am',24,'walk_in','',0,'',0,0,0),(15,'Ipoh Hainanese Chicken Rice','stall','Ipoh Hainanese Chicken Rice is a prominent and popular Halal-certified stall located at Stall 14 within the historic Lau Pa Sat food market in Singapore\'s Central Business District (CBD). It\'s a top choice for those seeking an authentic taste of Singapore\'s iconic chicken rice.','Lau Pa Sat, Stall 14, 18 Raffles Quay, Singapore 048582',1.28062900,103.85039600,'','','',1,0,1,'2025-11-14 20:55:23.705091','2025-11-30 10:56:40.446901',17,'vendor_business_pix/lps1.png',0,0,'11am – 9pm',24,'walk_in','',0,'',1,0,0),(16,'Kwang Kee Teochew Fish Porridge','stall','Kwang Kee Teochew Fish Porridge is a Michelin Bib Gourmand award-winning dish known for its clean-tasting, light, and flavorful broth made from hours of boiling fish bones without pork or lard. It features fresh, thick-cut batang (Spanish mackerel) that is blanched to minimize any fishy smell before being cooked. A signature addition is a powder made from deep-fried sole fish (ti poh) to infuse the soup with a deep, savory flavor.','Newton Food Centre, 500 Clemenceau Avenue North, Singapore 229495',1.31190000,103.83940000,'+65 9769 9893','','',1,0,1,'2025-11-14 22:23:23.516126','2025-12-06 13:46:34.149415',18,'vendor_business_pix/fp.webp',0,0,'Tue to Sun: 11am – 8pm\r\nClosed on Mon',24,'walk_in','',0,'',0,0,0),(17,'The Tiffin Room','restaurant','Since 1892, The Tiffin Room has been part of the hotel\'s heritage and offers an interactive dining experience with tableside service by chefs, inspired by the royal culinary traditions of India.','1 Beach Rd Singapore 189673',1.29490000,103.85450000,'(65) 6412 1816','singapore@raffles.com','https://www.raffles.com/singapore/dining/tiffin-room/',1,0,1,'2025-11-21 12:37:38.076407','2025-11-21 13:12:43.929347',24,'vendor_business_pix/tiff.png',0,0,'Daily\r\nLunch: 12:00 PM – 1:30 PM\r\nDinner: 6:30 PM – 9:00 PM',24,'online_reservation','https://hungryhub.com',15,'',0,0,0),(18,'Red Star Restaurant','restaurant','Established in 1970, by the \"Four Heavenly Kings\" of Singapore\'s culinary scene, Red Star is a culinary gem and the only push cart Dim Sum restaurant in Singapore that offers old-school Dim Sum served on traditional trollies.','Block 54 Chin Swee Rd, #07-23, Singapore 160054',1.28788562,103.84231566,'6532 5266','','https://www.red-star.com.sg/',1,0,1,'2025-11-22 04:03:41.818369','2025-11-23 03:19:24.565251',25,'vendor_business_pix/rs.png',0,0,'Saturday	8 am–3 pm, 6–10 pm\r\nSunday	8 am–3 pm, 6–10 pm\r\nMonday	8:30 am–3 pm, 6–10 pm\r\nTuesday	8:30 am–3 pm, 6–10 pm\r\nWednesday	8:30 am–3 pm, 6–10 pm\r\nThursday	8:30 am–3 pm, 6–10 pm\r\nFriday	8:30 am–3 pm, 6–10 pm',24,'walk_in','',0,'',0,0,0),(19,'Lai Wah Restaurant','restaurant','Lai Wah Restaurant is a historic, old-school Cantonese restaurant in Singapore, founded in 1963, known for its authentic, heritage dishes and traditional, nostalgic atmosphere. It is famous for being the inventor or modifier of iconic dishes like Yu Sheng and the Yam Ring with prawns and cashews.','44 Bendemeer Rd, #01-1436, Singapore 330044',1.31700000,103.86780000,'6294 9922','email@laiwahrestaurant.com','https://www.laiwahrestaurant.com/',1,0,1,'2025-11-22 05:32:25.996559','2025-11-30 07:18:23.036808',26,'vendor_business_pix/lw.png',0,0,'Daily: 11:30 am–2:30 pm, 6–9:30 pm',24,'online_reservation','http://inline.app',20,'',0,0,0),(20,'Haji Kadir Food Chains Pte Ltd (Lavender Streer)','restaurant','Haji Kadir Food Chains Pte Ltd is a well-known Singaporean halal restaurant chain, famous for its Sup Kambing (mutton soup) and Sup Tulang (bone marrow soup). It has a long history and several branches across the island, including its original stall at Golden Mile Food Centre. Besides their signature soups, they also offer other Malay and Indian Muslim dishes like Roti John, Mee Goreng, Mutton Chop, Prata, and Murtabak.','294 , Lavender Street , Singapore 338807',1.31502454,103.85991370,'69694323','','https://hajikadirfoodchains.sg/',0,0,1,'2025-11-22 06:28:30.310971','2025-11-24 05:27:49.482604',27,'vendor_business_pix/hk.png',0,0,'24 Hrs',24,'walk_in','',0,'',0,0,0),(21,'Chatterbox Café','restaurant','Chatterbox is a well-known Singaporean restaurant and café brand, famous for pioneering the concept of serving local hawker food in an upscale, hotel setting since 1971. It is particularly celebrated as the home of the legendary Mandarin Chicken Rice.','Hilton Singapore Orchard\r\n333 Orchard Road, #05-03\r\nSingapore 238867',1.30210000,103.83610000,'+65 6831 6291','chatterbox@ouerestaurants.com','http://chatterbox.com.sg/',0,0,1,'2025-11-22 07:39:26.197385','2025-11-23 03:19:03.799390',28,'vendor_business_pix/cb.png',0,0,'Monday to Friday\r\n11.30am to 4.30pm (last order at 3.45pm)\r\n5.30pm to 10.30pm (last order at 9.45pm)\r\nSaturday, Sunday and Public Holidays\r\n11am to 4.30pm (last order at 3.45pm)\r\n5.30pm to 11pm (last order at 10pm)',24,'walk_in','',0,'',0,0,0),(22,'Cafe Colbar','restaurant','Colbar Singapore is a distinctive, nostalgic, old-school eatery and bar that offers a rustic escape from modern Singapore. Originally a canteen for British army personnel in 1953, it has been meticulously preserved and relocated to its current spot in the lush Wessex Estate, retaining its unique vintage charm.','9A Whitchurch Rd, Singapore 138839',1.29400000,103.79720000,'6779 4859','','',0,0,1,'2025-11-22 09:46:01.831744','2025-12-06 13:58:02.479942',30,'vendor_business_pix/cc.png',0,0,'Tue - Sun: 11:30 am–8:30 pm\r\nMonday: Closed',24,'walk_in','',0,'',0,0,0),(23,'Hjh Maimunah Restaurant','restaurant','Hjh Maimunah Restaurant is a Malay heritage icon in Singapore that has been serving traditional Malay and Indonesian cuisine to communities for over 30 years. Our menu boasts more than 100 items that range from delicious fried snacks, flavourful kampung dishes to sumptuous home-made desserts.','11-17 JIn Pisang, Singapore 199078',1.30130000,103.86000000,'','','https://hjmaimunah.com/',1,0,1,'2025-11-22 23:16:00.194260','2025-12-06 13:56:43.285938',31,'vendor_business_pix/hm.png',0,0,'7.30am-7pm Monday-Saturdays Closed on Sundays',24,'online_reservation','https://hjhmaimunahdelivery.oddle.me/en_SG/reservations',20,'',1,0,0),(24,'328 Katong Laksa (Original)','restaurant','328 Katong Laksa is a popular hawker-style stall known for its thick rice vermicelli noodles, rich coconut-based gravy, and ingredients like shrimp, fish cakes, and clams. The original stall is located at 51 East Coast Road, Singapore, and features a simple setup with a wall of celebrity photos, although other branches are found in malls across the island.','51 East Coast Road, Singapore 428770',NULL,NULL,'','','',0,0,1,'2025-11-23 00:44:17.268881','2025-11-23 03:18:29.998229',32,'vendor_business_pix/kl.png',0,0,'Daily 9.30am - 9.30pm',24,'walk_in','',0,'',0,0,0),(25,'Coffee House By Old Chang Kee at Rex','restaurant','The Old Chang Kee Coffee House at Rex is a nostalgic establishment with a retro 1960s and 1970s Singaporean theme, celebrating the brand\'s origins as a humble curry puff stall in 1956. It features a homey, old-school decor with classic furniture like rattan chairs and marble-topped tables, while a curry puff counter is located at the site of the original stall.','19/21/23 Mackenzie Rd, #01-01, Singapore 228678',1.30540000,103.84850000,'(65) 6303 2400','contact@oldchangkee.com','https://www.oldchangkee.com/',0,0,1,'2025-11-23 03:07:36.089869','2025-12-06 13:55:17.313043',33,'vendor_business_pix/ock.png',0,0,'Daily 11 am–5 pm',24,'walk_in','',0,'',1,0,0),(26,'Kampong Glam Café','restaurant','Kampong Glam Cafe is a family-run eatery in Singapore\'s Kampong Glam neighbourhood known for its affordable, authentic Malay cuisine. It\'s a popular and bustling spot, particularly for locals and tourists alike, and offers a casual, no-fuss dining experience with a central location near the Sultan Mosque.','17 Bussorah Street Singapore 199438',1.30130000,103.86000000,'(+65) 6294 1697','kgcbk@yahoo.com','http://kgglamcafe.ec-platform.net/',1,0,1,'2025-11-23 04:01:05.571382','2025-12-06 13:51:43.291290',34,'vendor_business_pix/kgc.png',0,0,'8am - 2 am Daily',24,'walk_in','',0,'',1,0,0),(27,'Palm Beach Seafood','restaurant','Palm Beach Seafood Restaurant is a Singaporean restaurant that first began along Upper East Coast Road in Singapore, with its owners credited with inventing and developing the popular local dish, the Singaporean chili crab.','1 Fullerton Rd, #01-09 One Fullerton, Singapore 049213',NULL,NULL,'6336 8118','','https://www.palmbeachseafood.com/',0,0,1,'2025-11-23 05:50:43.874354','2025-11-23 06:02:50.816384',35,'vendor_business_pix/pb.png',0,0,'Daily: 12:00 - 14:30\r\nDaily: 17:30 - 22:30',24,'external_reservation','http://sevenrooms.com',20,'Kindly note we do not accept reservations via online reservations for parties fewer than four guests. Please contact us by phone for reservations for parties under 4,',0,0,0),(28,'Roland Restaurant','restaurant','The original seafood restaurant was founded by a couple, Mr Lim Choon Ngee and Mdm Cher Yam Tian, and named after their son, Roland. It began in 1956 as a small restaurant along the Kallang River, cooking seafood over an open charcoal fire, and had only a couple of few kerosene lamps, wooden tables, and stools. Today, Roland Lim, his wife and younger brother operate their latest restaurant at the Marine Parade Central.','89 Marine Parade Central, #06-750, Singapore 440089',1.30130000,103.90720000,'+65 6440 8205','','https://rolandrestaurant.com.sg/',1,0,1,'2025-11-23 06:39:46.863332','2025-12-06 13:53:49.284500',36,'vendor_business_pix/rr.png',0,0,'Mondays to Saturdays:\r\n11.30am – 2.30pm (last order is at 2pm)\r\n6pm – 10.00pm (last order is at 9:30pm)\r\nSundays and Public Holidays:\r\n11am – 2.45pm (last order is at 2:15pm)\r\n6pm – 10.00pm (last order is at 9:30pm)',24,'call_reservation','',30,'WhatsApp us for reservations',0,0,0),(29,'Long Beach Seafood Restaurant (UDMC)','restaurant','The Long Beach Seafood Restaurant is a Singaporean restaurant chain best known for creating the original black pepper crabs.','#01-04 East Coast Seafood Centre\r\nSingapore 449881',1.30610000,103.92990000,'+65 6448 3636','one@longbeachseafood.com.sg','https://longbeachseafood.com.sg/',1,0,1,'2025-11-23 07:35:09.251448','2025-11-30 07:17:23.775365',37,'vendor_business_pix/lb.png',0,0,'Weekdays (Mon - Fri)\r\nLunch: 11am - 3pm\r\nDinner: 5pm - 11pm\r\nSat & Eve of PH: 11am - 11.30pm\r\nSun & PH: 11am - 11pm',24,'walk_in','',0,'',0,0,0),(30,'Ya Kun Kaya Toast (Far East Square)','restaurant','The Ya Kun Kaya Toast flagship store is located in Far East Square, Chinatown, Singapore, and is the original location where the business was founded in 1944. The store is known for its retro ambiance, with a decor that includes wooden furniture and displays of the company\'s history, making it a must-visit for an authentic taste of the brand\'s heritage.','Far East Square, 18 China Street, #01-01, Singapore 049560',1.28410000,103.84790000,'+65 6222 4567','info@yakun.com','https://app.yakun.com/',1,0,1,'2025-11-23 09:38:21.870027','2025-11-30 07:17:13.939789',38,'vendor_business_pix/yk.png',0,0,'Mon - Fri: 7.30am - 5.00pm \r\nSat & Sun & PH: 7.30am - 3.00pm',24,'walk_in','',0,'',0,0,0),(31,'Muthu\'s Curry','restaurant','Founded in 1969, Muthu\'s Curry is a Singaporean restaurant well-known for a wide variety of both Southern and Northern Indian dishes, including tandoori chicken, prawns, and various curries. It is famous for its signature South Indian fish head curry, served in a claypot with a secret spice blend, tamarind, pineapple, and vegetables.','138 Race Course Road #01-01 Singapore 218591',1.30840000,103.85080000,'6392 1722','','https://muthuscurry.revelup.online/',1,0,1,'2025-11-23 15:09:56.632397','2025-12-06 13:50:08.019193',39,'vendor_business_pix/mc.png',0,0,'Daily 10:30 - 23:00',24,'walk_in','chope.co',0,'',0,0,0),(32,'TLK Events & Lighting','event','TLK Events and Lighting is a Singapore-based company that organizes pasar malams (night markets) and provides festive lighting and decoration services. They are known for creating vibrant events with food fairs, lifestyle goods, and entertainment, and also offer in-house design and installation of lighting for various occasions like national holidays, festivals, and private events.','6 Defu South Street 1, #06-24, Singapore 533757',NULL,NULL,'+65 8044 1704','enquiries@tlkevents.com','https://tlkevents.com',1,0,1,'2025-11-27 15:20:06.275489','2025-11-28 13:14:09.705519',44,'vendor_business_pix/tk.png',0,0,'Mon-Fri: 9am - 6pm\r\nSat: 9am - 1pm',24,'walk_in','',0,'',0,0,0),(33,'Orchard Road Business Association','event','Orchard Road Business Association (ORBA) was formed in 1998 under the auspices of the Singapore Tourism Board (STB). Since inception, ORBA has dedicated itself to enhancing the street’s position as one of the world’s premier shopping and lifestyle destinations. The interests and welfare of businesses along Orchard Road is paramount to ORBA.','',NULL,NULL,'','','https://orchardroad.org/',1,0,1,'2025-11-28 13:24:45.113000','2025-11-28 13:26:00.456898',45,'vendor_business_pix/provided-by-orchard-road.jpg',0,0,'',24,'walk_in','',0,'',0,0,0),(34,'Guan Kee Grilled Seafood','stall','Guan Kee Grilled Seafood is a well-known, halal-certified hawker stall located at the Newton Food Centre in Singapore, famous for its excellent BBQ sambal stingray.','500 Clemenceau Avenue North #01-53 Newton Food Centre Singapore 229495',1.31190000,103.83940000,'9766 3531','','',1,0,1,'2025-12-01 14:07:29.050028','2025-12-06 13:46:04.305717',49,'vendor_business_pix/gk.png',0,0,'5pm to 1am Daily',24,'walk_in','',0,'',1,0,0),(35,'Newton Old Signboard 25','stall','Newton Old Signboard 25 is a well-regarded stall at Singapore\'s Newton Food Centre, famous for its flavorful, wet Hokkien Mee (fried prawn noodles) boasting rich wok hei, crispy pork lard.','500 Clemenceau Avenue North #01-25 Newton Food Centre Singapore 229495',1.31190000,103.83940000,'','','',1,0,1,'2025-12-01 14:58:20.888898','2025-12-06 13:45:27.299281',50,'vendor_business_pix/rp34.png',0,0,'Tue to Sun: 10.45am – 10.30pm\r\nClosed on Mon',24,'walk_in','',0,'',0,0,0),(36,'Hup Kee Fried Oyster Omelette','stall','Nestled within the vibrant atmosphere of Newton Food Centre is a culinary gem that captures the essence of Singaporean street food, Hup Kee Fried Oyster Omelette. This humble stall is a haven for food enthusiasts seeking an authentic taste of one of the nation’s favourite dishes. With a legacy rooted in the art of crafting delectable oyster omelettes, Hup Kee has become a beloved spot for locals and tourists alike.','500 Clemenceau Avenue North #01-73 Newton Food Centre Singapore 229495',1.31190000,103.83940000,'97663531','','https://newtonfoodcentre.com/hup-kee-fried-oyster-omelette/',1,0,1,'2025-12-01 15:00:41.775665','2025-12-06 13:45:01.538979',51,'vendor_business_pix/new.png',0,0,'Tue to Sat: 6pm – 12am\r\nClosed Sun & Mon',24,'walk_in','',0,'',0,0,0),(37,'Heng 興','stall','Nestled in the heart of Newton, the Newton Food Centre Heng 興 Stall stands as a culinary haven, where a symphony of flavours and aromas dance in the air, captivating the senses of food enthusiasts. This vibrant food destination is a melting pot of local delicacies, showcasing the rich tapestry of Singaporean cuisine. Amidst the bustling atmosphere and the tempting array of food stalls, one gem that truly stands out is Heng 興.','500 Clemenceau Avenue North #01-28 Newton Food Centre Singapore 229495',1.31190000,103.83940000,'','','https://newtonfoodcentre.com/heng/',1,0,1,'2025-12-01 15:41:55.149284','2025-12-06 13:44:28.219132',52,'vendor_business_pix/rp14.png',0,0,'Monday, Wednesday, and Sunday (5:00 PM – 11:00 PM)\r\nClosed Tuesday',24,'walk_in','',0,'',0,0,0),(38,'Kwee Heng','stall','Nestled within the vibrant culinary landscape of Newton Food Centre is the renowned stall, Kwee Heng. A culinary gem, Kwee Heng has carved a niche for itself in the heart of food enthusiasts.','500 Clemenceau Avenue North #01-13 Newton Food Centre Singapore 229495',1.31190000,103.83940000,'','','https://newtonfoodcentre.com/kwee-heng/',1,0,1,'2025-12-01 15:44:28.400119','2025-12-06 13:44:06.334089',53,'vendor_business_pix/rp15.png',0,0,'Monday to Sunday (9:00 AM to 12 AM)',24,'walk_in','',0,'',0,0,0),(39,'R&B Express','stall','R&B Express is a popular, Michelin-recommended hawker stall located at the famous Newton Food Centre in Singapore. It is best known for its charcoal-grilled satay and BBQ chicken wings.','500 Clemenceau Avenue North #01-76 Newton Food Centre Singapore 229495',1.31190000,103.83940000,'9028 4016','','https://newtonfoodcentre.com/rb-express/',1,0,1,'2025-12-01 15:48:54.938891','2025-12-06 13:43:43.116987',54,'vendor_business_pix/rp7.png',0,0,'Tuesday to Sunday (5:00 PM to 2:00 AM)\r\nClosed Monday',24,'walk_in','',0,'',0,0,0);
/*!40000 ALTER TABLE `vendors` ENABLE KEYS */;
UNLOCK TABLES;

--
-- Table structure for table `vendors_cuisine_types`
--

DROP TABLE IF EXISTS `vendors_cuisine_types`;
/*!40101 SET @saved_cs_client     = @@character_set_client */;
/*!50503 SET character_set_client = utf8mb4 */;
CREATE TABLE `vendors_cuisine_types` (
  `id` bigint NOT NULL AUTO_INCREMENT,
  `vendor_id` bigint NOT NULL,
  `cuisinetype_id` bigint NOT NULL,
  PRIMARY KEY (`id`),
  UNIQUE KEY `vendors_cuisine_types_vendor_id_cuisinetype_id_d0f1efe0_uniq` (`vendor_id`,`cuisinetype_id`),
  KEY `vendors_cuisine_type_cuisinetype_id_081882ce_fk_cuisine_t` (`cuisinetype_id`),
  CONSTRAINT `vendors_cuisine_type_cuisinetype_id_081882ce_fk_cuisine_t` FOREIGN KEY (`cuisinetype_id`) REFERENCES `cuisine_types` (`id`),
  CONSTRAINT `vendors_cuisine_types_vendor_id_a3721d88_fk_vendors_id` FOREIGN KEY (`vendor_id`) REFERENCES `vendors` (`id`)
) ENGINE=InnoDB AUTO_INCREMENT=83 DEFAULT CHARSET=utf8mb4 COLLATE=utf8mb4_0900_ai_ci;
/*!40101 SET character_set_client = @saved_cs_client */;

--
-- Dumping data for table `vendors_cuisine_types`
--

LOCK TABLES `vendors_cuisine_types` WRITE;
/*!40000 ALTER TABLE `vendors_cuisine_types` DISABLE KEYS */;
INSERT INTO `vendors_cuisine_types` VALUES (1,1,1),(2,1,2),(3,2,1),(4,2,3),(5,3,1),(6,3,4),(7,4,5),(8,4,6),(9,5,1),(10,5,4),(11,6,1),(12,6,7),(13,7,1),(14,7,6),(15,8,9),(16,9,10),(17,10,8),(18,11,1),(19,11,11),(20,12,12),(21,13,1),(22,13,2),(25,14,6),(23,14,12),(24,14,13),(26,15,1),(27,15,4),(28,15,14),(29,16,1),(79,16,19),(30,17,15),(31,18,1),(32,18,3),(33,19,1),(34,19,3),(35,20,15),(36,20,16),(38,21,1),(49,21,6),(50,21,7),(37,21,8),(39,21,17),(40,22,4),(41,22,12),(43,23,5),(42,23,8),(51,24,3),(52,24,7),(44,24,17),(45,25,1),(47,25,6),(48,25,7),(46,25,8),(57,26,5),(55,26,6),(53,26,8),(54,26,12),(58,26,14),(59,27,1),(60,27,7),(61,28,1),(62,28,3),(63,28,7),(64,29,1),(65,29,7),(66,30,1),(67,30,4),(68,31,15),(69,34,7),(70,35,1),(71,35,2),(72,36,1),(76,36,19),(78,37,1),(73,38,1),(81,38,3),(82,38,4),(80,38,19),(74,39,1),(75,39,7),(77,39,17);
/*!40000 ALTER TABLE `vendors_cuisine_types` ENABLE KEYS */;
UNLOCK TABLES;

--
-- Table structure for table `webapp_article`
--

DROP TABLE IF EXISTS `webapp_article`;
/*!40101 SET @saved_cs_client     = @@character_set_client */;
/*!50503 SET character_set_client = utf8mb4 */;
CREATE TABLE `webapp_article` (
  `id` bigint NOT NULL AUTO_INCREMENT,
  `title` varchar(200) NOT NULL,
  `slug` varchar(200) NOT NULL,
  `author_name` varchar(100) NOT NULL,
  `content` longtext NOT NULL,
  `date_written` date NOT NULL,
  PRIMARY KEY (`id`),
  UNIQUE KEY `slug` (`slug`)
) ENGINE=InnoDB AUTO_INCREMENT=8 DEFAULT CHARSET=utf8mb4 COLLATE=utf8mb4_0900_ai_ci;
/*!40101 SET character_set_client = @saved_cs_client */;

--
-- Dumping data for table `webapp_article`
--

LOCK TABLES `webapp_article` WRITE;
/*!40000 ALTER TABLE `webapp_article` DISABLE KEYS */;
INSERT INTO `webapp_article` VALUES (1,'Michelin Guide 2025 Update: Maxwell Food Centre Takes the Spotlight','michelin-guide-2025-update-maxwell-food-centre-takes-the-spotlight','Islifearecipe','Singapore’s 2025 Michelin Bib Gourmand announcement dropped like a delicious foodie bomb this week, and guess what? Maxwell Food Centre emerged as the MVP in Singapore. Eight stalls pulled in awards. That’s eight reasons to brave our beloved heat, humidity, andjostling crowds to get stuck into this comfort food.\r\n\r\nYou know Singapore’s food scene means business when even the humble hawker stall starts flashing Michelin credentials like it’s applying for a role on MasterChef — cough cough, just like yours truly did for Series 3. And this year, Maxwell Food Centre didn’t just show up — it cartwheeled onto the stage, sambal in one hand and a steaming bowl of porridge in the other. Eight stalls scored a spot on the 2025 Michelin Bib Gourmand list, which, for those unfamiliar, is basically Michelin’s way of saying, “This food’s banging, and you won’t need to sell a kidney to afford it — or will you.”\r\n\r\nSo, of course, I did the only reasonable thing: I marched down in the midday heat, queued like a proper Singaporean, sweated through my shirt and underwear by stall number two, and ate until the buttons on my shorts filed for divorce, one of which pinged off and nearly took someone’s eye out. Was it worth it? My foodie fiends— absolutely. Michelin may have the stars, but Maxwell’s got the soul, the sizzle, and enough pork lard wok-fried charm to make you question every salad you’ve ever eaten. Let’s tuck in.\r\n\r\nStall 1: Tian Tian Hainanese Chicken Rice\r\nLet’s be blunt: this is single‑handedly one of the most celebrated chicken rice stalls on Red Dot. Michelin twice blessed them with Bib Gourmand, so it wasn’t just luck — it’s a repeat ceremony not quite to National Day’s standards yet, but... Seeking queues? You’ll find them here. Imagine fat‑poached chicken that’s so tender it practically melts, paired with rice infused with garlic, ginger, chicken stock and rendered oils. It glistens like a my mate Spencer’s head under neon lights. Add the chilli that packs the right punch and ginger sauce that sings, and you’re eating a plate that cause World peace.\r\n\r\nStall 2: Hainanese Boneless Chicken Rice\r\nEssentially the same philosophy, minus the bits you need to pick around. This stall embraces a no‑bones society and still delivers that plush chicken experience. The rice is robust and silky. This is absolute proof that chicken rice can be quick, neat and still deliver the comfort‑food knockout punch. I am so happy with boneless options as I am one lazy f@cker when it comes to picking through food: for example I have had chicken feet only once. I draw the line at biting on someone else’s toe nails.\r\n\r\nStall 3: Ho Kee Porridge\r\nThis might come as a surprise to those who class porridge as bland wet oats you drizzle milk over: try telling that to my wife when she’s chowing down on chocolate porridge with dried fish in the Philippines. Think again. Ho Kee produces porridge thick enough to spoon straight into your soul. They simmer pork slices, sesame oil, ginger, and century egg so smooth I’m thinking of naming it Larcher. The result: a slurpable bowl full of depth — rustic, warming, unfussy. Michelin loves it, and once you take that first spoonful, I am pretty certain you will too.\r\n\r\nStall 4: Zhen Zhen Porridge\r\nWhy praise one porridge when two can qualify? These guys clock into work when the streetlights are still yawning, and I’m on my fifth pee (it’s an age thing). Like Ho Kee, they sling rice broth with shredded chicken, spring onions, and white pepper, and deliver the kind of comfort you didn’t know you had an emotional need for until you try it. Bib Gourmand twice over isn’t about luck — it’s cleanliness, consistency, and that slow‑burn flavour you simply can’t fake. And they do it over, and over, and over again.\r\n\r\nStall 5: Hainanese Curry Rice\r\nIf you think curry means exotic spices and creamy coconut milk, served pn on some beach with a Thai accent, then step aside. Maxwell’s Hainanese Curry Rice says, “I can mash up fruit, pickle beef and hold your hand while I crescendo into soup‑y glory.” Gravy‑logged rice beneath battered pork chop, cabbage, sunny taro stew and braised soya meat… It’s a totally messy heaven. And when you need to mop up your leftover sauce, a fried egg is at the ready, front and centre. Michelin’s approval feels like a shout‑out for platefuls of domesticated curry foodie bliss.\r\n\r\nStall 6: Hock Soon Carrot Cake\r\nCarrot cake, Singapore style, is savoury, and boy is that an understatement — also it is not made from carrot — go figure. White radish meets black sauce and chili, egg meets wok, then you stir‑fry it so loudly the oils pop like champagne bottles. This stall does it loud, proud and right. Michelin has recognised that smoking wok‑hei, sharp flashes of garlic, just‑cooked egg (akin to onsen from a wok) — the kind of drama that pops onto the plate, and Chef takes ten steps back and says “Ta‑da”. It’s sensual and damn sexy — far from the dainty bakery dessert it impersonates in name.\r\n\r\nStall 7: Rojak, Popiah & Cockle\r\nThis is not fine dining. Not for dainty titbits. This is everything all at once. Spicy prawn paste, peanuts, crunchy dough fritters, wrinkly cucumbers, slip‑slided like a pikey carnival on a plate. It’s effectively fetish food: you can’t help but smother it with spoonfuls, breathe in the scent, lick your fingers, and maybe slurp the plate. Michelin loves the bold statement in that messy mix. This stall earned its bib fair and square. It’s just such a shame that I loathe cockles after years of gathering them as a kid on Margate shores in the UK.\r\n\r\nStall 8: Maxwell Laksa\r\nLaksa stands for spicy coconut broth, rich with lemongrass, ikan‑bilis stock, prawns, fish cake and thick rice vermicelli: well that counts me ou then haha. Maxwell’s rendition keeps it tight — there’s no swirling 20 ingredients in chaos. It’s creamy, controlled, hot enough to warm your toes (like you need that in Singapore), and layered enough to make you pause mid‑slurp and murmur “Wow.” This clearly didn’t go unnoticed by Michelin either. It’s one more hawker-stall reason to salute this centre. You could always try my chicken laksa recipe by the way, if your are not pescatorial like me.\r\n\r\nStall Breakdown Summary\r\nThese eight stalls form a Michelin‑approved gallery under one vast hawker roof. Half serve food before most people roll out of bed, including family Kennett. The others specialise in midday comfort food so hearty you’ll queue twice if you have to. It’s a rare blend of breakfast grit and lunch intensity.\r\n\r\nNow, you might ask: “Is Maxwell worth all the hullaballoo?” The answer is a resounding yes. Yes to the crowds. Yes to the self‑service trays clattering. Yes to the slight smell of burnt chilli, and laksa splashed on your shirt. Yes to the continuous people watching. Nothing here is timid — these stalls are upfront, bold, flavour bombs. The Michelin Bib list just affirms what we local food loving eaters knew: flavours that stay in your mouth days later… and still call you back like an enticing food siren.\r\n\r\nThe Hawker Culture Factor\r\nWhat makes Maxwell shine isn’t just bragging rights. It’s the chefs whose forearms may twitch with habit every time someone says “Shiok!” (after 18 years here, I still can’t say that properly). They’re relentless. They work in heat that could rival some professional kitchen lines. They handle cash register queues, order shifts, order the stock, prep 24x7, and handle ever more present social media questions — whilst grinning behind masks.\r\n\r\nThat Michelin nod is a shining light, in our jaded foodie scene at the moment, full of ozark Chinese money-laundering chains of coffee and hotpot. This is REAL Singaporean food, this is hawker and that is sweat, guts, grit, and barrel‑fulls of soul and love for the craft. PLEASE don’t forget that oh Government of Singapore — and remember that UNESCO status your predecessors so proudly fought for. Clearly Michelin has not.\r\n\r\nContainers, Cleanliness & Comfort\r\nMaxwell isn’t a minimalist hawker temple, like others I have frequented. It’s a bustling mess of neon signs. Folding tables. Red plastic chairs. Plastic plates. Hand fans and hard-working industrial overhead exhausts. It’s loud. It’s bright. It’s like a second home. It’s real. And that’s part of the appeal. Michelin isn’t fooled by sparkle — it knows the dish needs to work. And it does. Oh boy, it does.\r\n\r\nFinal Thoughts: Michelin‑Grade Without the Ceremony\r\nHere’s the kicker: Michelin hasn’t fawningly plastered all over the hawker. No white‑gloved waiters. No printed linen napkins. In fact, it’s the reverse. The Bib Gourmand means good, affordable, no‑frills food. And that’s exactly what Maxwell gives — a diverse offering of comfort food you’ve already loved. So si­lence to you sparkling‑water and wine silver-service snobs. This is proof that brilliance doesn’t need pomp and $$$$$— it needs a hot stove, a wok, a focused chef with pride and hisory, and perhaps a bunch of sleepless mornings.\r\n\r\nIf you’re thinking of Singaporean hawker glory‑days bites, go to Maxwell. Come prepared, folks, you’ll need plenty of cash in pocket, elastic shorts, and loads of napkins in hand. Bring someone you want to share with. Just bring yourself — and maybe a friend who understands that when Bib Gourmand, beef‑tendon mee, and spiced fermentation meet, it is bliss. Long live our Singapore hawkers!!!','2025-08-02'),(2,'15 best hawker stalls at Newton Food Centre that’ll make you feel like a Tasty Rich Asian','15-best-hawker-stalls-at-newton-food-centre-thatll-make-you-feel-like-a-tasty-rich-asian','Aaron Tan','Newton Food Centre was brought to fame following its feature in the star-studded blockbuster film Crazy Rich Asians (2018) and has since cemented itself as a must-visit destination for tourists.\r\n\r\nHowever, as much as locals adore the hawker centre for its vibrant atmosphere, it’s often looked upon with a tinge of scepticism. Some label it a ‘tourist trap’, cautioning against its reputation for inflated prices and catering primarily to tourists.\r\n\r\nStill, no hawker food is bad food. Newton Food Centre does have its share of tasty treats that are absolutely worth your while, albeit priced a little steep. So, we present you this guide to the 16 best hawker stalls at Newton Food Centre that’ll make you feel like a Tasty Rich Asian.\r\n\r\n1. Kwang Kee Teochew Fish Porridge (#01-20)\r\nSporting an iconic red MICHELIN Guide sign, Kwang Kee Teochew Fish Porridge is sure to catch your eye just as it did mine. This humble fish soup and porridge uses fresh seafood to introduce a mild sweetness into their broth. It’s no wonder they were awarded the MICHELIN Bib Gourmand from 2021 to 2023!\r\n\r\nTop it off with some service with a smile from the friendly aunty — that’s reason enough for you to try out their fare.\r\n\r\nSome options they offer include Fried Fish Soup (S$6/S$8/S$10/S$12), Fish Head Soup (S$6/S$8/S$10/S$12) and the best-of-both-worlds Dual Fish Soup (S$7/S$8/S$10/S$12). These all come with your choice of Rice, Yee Mee, Thick Bee Hoon and Mee Sua, each priced at S$0.50.\r\n\r\nThe sliced fish was fresh and devoid of any unpleasant fishy taste, while the fried fish was seasoned well and had a prominent savouriness. Although some may wish for the fried fish to be a little more crisp, these are all hearty bowls of fish soup that you’ll crave, especially on rainy days.\r\n\r\n+65 9769 9893\r\nTue to Sun: 11am – 8pm\r\nClosed on Mon\r\n\r\n2. Hai Yan BBQ Seafood (#01-11)\r\nEstablished in 1983, Hai Yan BBQ Seafood is currently helmed by a 3rd-gen owner selling a range of sea treasures. So what sets this seafood stall At Newton Food Centre apart? The owners pride in crafting their own handcrafted sambal and chincalok for the B.B.Q Stingray (S$15/S$20/S$25)— even their sambal belacan is made from scratch!\r\n\r\nThe menu has over 40 varieties of dishes including zi char choices for you to take your pick. Indulge in Tiger Prawn (S$20/S$22), Crayfish (S$28 for 2 pieces), Salted Egg Crab (Seasonal Price) and Mussel (S$15/S$20/S$25).\r\n\r\nIf you’re a non-seafood fan, not to fret! There’s also delicious Lemon Chicken (S$15/S$20/S$25), GongBao Chicken (S$15/S$20) and Kang Kong (S$9/S$12/S$15).\r\n\r\nTue to Sun: 4pm – 11pm\r\nClosed on Mon\r\n\r\n3. 31 Heng Heng BBQ (#01-31)\r\n31 Heng Heng BBQ serves up a huge assortment of cooked seafood and zi char-style dishes; we’re talking 33 whole varieties on their menu.\r\n\r\nTheir offerings range from their ever-popular BBQ Sambal Stingray (S$14/S$18/S$22) to items like Tiger Prawn (S$18/S$20/S$24/S$28), Chilli Crab (S$46/S$50/S$54/S$58), Grilled Lobster (S$9/100g) and even Chut Chut (S$14/S$18/S$22).\r\n\r\nIf you must try one thing, let it be the BBQ Sambal Stingray. The large slab of stingray is blanketed by a thick layer of piquant sambal chilli and grilled until it’s smoky and aromatic with a spicy kick. Pairing the sambal-laden stingray meat with the slivers of raw onion gives it a refreshing mouthfeel that’ll please anyone with a preference for strong flavours.\r\n\r\nFor the picky and not-so-adventurous eaters, let’s just say that you might not even be able to differentiate between stingray and chicken if you close your eyes. Trust us, even first-timers will understand why the dish is so highly raved about.\r\n\r\nNonetheless, if seafood isn’t quite your jam, opt for some simple zi char classics like Salted Egg Chicken (S$19/S$28), Black Pepper Beef (S$16/S$22/S$26) or some good ol’ Fried Rice/Noodle (S$8/S$11/S$14).\r\n\r\n+65 8224 9929\r\nWed to Mon: 12.30pm – 10.30pm\r\nClosed on Tue\r\n\r\n4. Indian Kitchen (#01-57)\r\nWith a total of 113 north-indian dishes to choose from at Indian Kitchen, the world is your oyster when it comes to choosing what you want in your feast. This stall has been at Newton Food Centre for more than 7 years.\r\n\r\nCraving naan? You can find 11 different flavours including unique ones like Sesame Naan (S$3) and the sweet Kashmiri Naan (S$4.50). You can pair it with aromatic meats like Chicken Tikka (S$11/S$23) or Mutton Seekh Kebab (S$11.50/S$23) and even seafood options like Prawn Vindaloo (S$11.50/S$23) and Butter Fish (S$11/S$22).\r\n\r\nYou can even complement your dishes with sides like Samosa (S$6), Mix Raita (S$4) and crispy Papadam (S$2 for 4 pieces).\r\n\r\n+65 8286 7468\r\nMon to Sat: 11.30am – 11.30pm\r\nSun: 11.30am – 10.30pm\r\n\r\n5. Tiong Bahru Durian\r\nIf you enjoy desserts and durian, then look out for the yellow signboard of Tiong Bahru Durian to kill 2 birds with 1 stone. The owner partly owns a durian plantation in Pahang, Malaysia, so you’ll be guaranteed that the quality of the King of Fruits is nothing short of being superior.\r\n\r\nEnjoy the Musang King (S$7.50/S$10) or Sultan King (S$5/S$7). You can also add durian to popular crowd-favourite desserts like Black Glutinous Rice Dessert (S$2.50) with Musang King (+S$6.50) and Sultan King (+S$5).\r\n\r\nBut if you’re not keen in durian, there’s always other choices like Traditional Cheng Tng (S$3), Mango Mousse + Coconut Sorbet (S$7) and Vegan Gelato (S$4 for Vanilla or Dark Chocolate).\r\n\r\nYou can even quench your thirst from the sweltering heat with cups of Lemon Juice (S$3) and Honey Lemon Juice (S$3).\r\n\r\n+65 9732 1860\r\nDaily: 11am – 6pm\r\n\r\n6. Newton Old Signboard 25 (#01-25)\r\nOrdering a plate of Hokkien mee is mandatory for any trip to any hawker centre. What can I say? The dish has got to be everyone’s favourite hawker staple and deserves such treatment no less. In Newton Food Centre, there is no better place to get a Hokkien mee fix than from Newton Old Signboard 25.\r\n\r\nYou know that you’re in for a treat the moment you receive your plate of Fried Hokkien Prawn Noodle (S$6/S$9/S$11/S$15) and a strong wok hei wafts into your nostrils and tickles your taste buds.\r\n\r\nYet, the noodles aren’t overwhelmingly smoky in flavour. They’re well-cooked with an umami prawn stock, complemented by lard pieces that add a sinful yet satisfying unctuous factor to the dish. While some may feel that the sweet-ish chilli isn’t a stand-out, mixing it into the noodles will help cut through any greasiness.\r\n\r\nAlthough a little pricey, each plate of Hokkien mee is fried with a generous portion of seafood that’ll give you bang for your buck. The default plate of Fried Hokkien Prawn Mee comes topped with plenty of prawns and squid while the Fried Hokkien Lala Noodle (S$8/S$11/S$16/S$20) and Fried Hokkien Oyster Noodle (S$8/S$11/S$16/S$20) include fresh lala clams and briny oysters respectively.\r\n\r\nTue to Sun: 10.45am – 10.30pm\r\nClosed on Mon\r\n\r\n7. Hup Kee Fried Oyster Omelette (#01-73)\r\nYou know a stall has perfected their craft when they’re able to sell a single menu item, rack up perpetually long queues and garner rave reviews online. That is exactly the case for Hup Kee Fried Oyster Omelette and their one dish: Oyster Omelette (S$8/S$10/S$12).\r\n\r\nBelieve it or not, the business has no social media presence at all. Yep, this hawker gem’s fame stems solely from recommendations by throngs of satisfied customers.\r\n\r\nWhile you queue, you’ll be able to watch the stall-owners work their magic through the glass-fronted counter. Each plate of Oyster Omelette starts out with seasoned eggs fried to a crisp with a tapioca starch batter, before plenty of fresh oysters are added and stir-fried together with the mix.\r\n\r\nThe product is a crispy yet fluffy and chewy omelette with plump and juicy oysters that explode with a pleasant brine that’ll have you going for seconds. Top it all off with their tangy house-made chilli — the perfect complement to the savoury dish. This dish is truly a must-have at Newton Food Centre.\r\n\r\nTue to Sat: 6pm – 12am\r\nClosed Sun & Mon\r\n\r\n8. Heng (#01-28)\r\nHeng has been delighting customers since 1971. Along the way, it even earned itself the MICHELIN Bib Gourmand in 2018 and 2023! With such an accolade, this stall is one you definitely can’t miss out on.\r\n\r\nCome prepared, though, as you can expect snaking queues and long waiting times for a serving of their famed dishes.\r\n\r\nTheir signature Carrot Cake (S$5/S$7/S$10) comes in both white and black versions. If you want the best of both worlds, get a mixed plate. As with any quality chai tow kway, the radish cake cubes here are fried with an ample amount of fluffy eggs and savoury chye poh.\r\n\r\nThe white carrot cake is a delightful savoury treat complete with crisped egg bits. However, what makes it stand out is the inclusion of crunchy prawns that add a touch of sweetness and a delightful textural contrast.\r\n\r\nOn the other hand, the black carrot cake has a sweeter flavour profile with a smoky wok hei fragrance that is sure to appeal to anyone who likes stronger flavours. For S$5, these carrot cakes have got to be some of the most affordable dishes in the food centre.\r\n\r\nWed to Mon: 6pm – 11pm\r\nClosed on Tue\r\n\r\n9. Kwee Heng (#01-13)\r\nKwee Heng is a braised duck and roast meat specialist that was awarded the MICHELIN Bib Gourmand in 2023. Any frequent patron of Newton Food Centre is sure to be familiar with them, while any first-timer will be floored by their queues. With more than 40 years of delighting patrons, they’ve amassed a great share of devotees.\r\n\r\nTheir braised duck offerings include Braised Duck Rice (S$5/S$6/S$7), Braised Duck Noodles (S$5/S$6/S$7) and Braised Duck Porridge (S$5/S$6/S$7), all featuring succulent braised duck slices on your choice of carb. There’s also an interesting Boneless Crispy Duck (S$15/S$20/S$30) that is perfect for sharing.\r\n\r\nJudging by online reviews, their Braised Duck Noodles seems to be the most popular option. Just imagine the combination of springy yellow noodles or silky kway teow what that luscious moreish gravy with a subtle wok hei. Heavenly.\r\n\r\nAlthough the braised duck is the star, you can expect other stellar dishes as well. You can’t go wrong with some Hainanese Chicken Rice (S$5/S$6/S$7) or Char Siew Roasted Pork Rice (S$5/S$6/S$7).\r\n\r\nMon & Tue, Thu to Sat: 9am – 9pm\r\nClosed on Wed & Sun\r\n\r\n10. Adam Rd 三哥 (San Ge) Prawn Noodle (#01-16)\r\nAdam Rd 三哥 (San Ge) Prawn Noodle isn’t to be confused with the MICHELIN Bib Gourmand-recognised Adam Rd Noo Cheng Big Prawn Noodle. They are—in fact—branches of the same family tree, though! San Ge (‘third brother’ in Mandarin) is helmed solo by Jack Teo, the elder brother of the twins who kickstarted Noo Cheng.\r\n\r\nHaving opened in Oct 2023, San Ge is still a pretty new kid on the block. Still, Jack has his share of loyal patrons who have stuck around since he used to help out at his brother’s Adam Rd stall.\r\n\r\nThe stall doles out bowls of prawn noodles done the traditional way — something that Jack clearly prides himself on, as he shared when we chatted with him. “You might not understand the ‘traditional’ element, but you’ll love it,” he quipped.\r\n\r\nAnd indeed, we loved it. We tried the Pork Rib Prawn Noodles (S$7), which featured al dente yellow noodles in a robust prawn broth, topped with fresh tiger prawns and hefty pork ribs.\r\n\r\nThe stand-out element was definitely that delicious umami broth, rich with a discernible prawn sweetness that lingered on the palate. The ingredients were certainly noteworthy as well — the prawns were soft and sweet while the pork ribs were tender, the meat tearing right off the bone.\r\n\r\nIf you’d like to enjoy the prawns on their own, get the All Prawn (S$7/S$10/S$15) variation. Alternatively, if you’re an adventurous eater, you can opt for the Pig Tail + Prawn (S$10/S$15/S$20) bowl.\r\n\r\n+65 9777 8813\r\nMon to Sat: 9am – 2.30pm & 6pm – 9pm\r\nClosed on Sun\r\n\r\n11. Hajah Monah Kitchen (#01-83)\r\nHajah Monah Kitchen consistently boasts one of the longest lunchtime queues in Newton Food Centre. They specialise in none other than nasi padang. For the uninitiated, think about nasi padang as Malay-style cai png — each plate consists of steamed rice served with cooked side dishes of your choice.\r\n\r\nIf you’ve ever wondered why nasi padang is priced higher than the cai png we are familiar with, it’s because the dishes are tedious to make and require laborious cooking and preparation processes, on top of high ingredient prices.\r\n\r\nAs one of the most well-loved Malay dishes you can find in Singapore, the Beef Rendang (S$5) is an absolute must-get at Hajah Monah Kitchen. Their take on the popular dish is known to be extremely flavourful and rich, complete with huge chunks of tender, succulent beef simmered in aromatic rendang until they each bear an almost melt-in-your-mouth texture.\r\n\r\nThey have other hearty Malay dishes as well, like Mee Siam (S$4.50), Lontong (S$5) and Nasi Lemak (S$4.50). With prices kept relatively affordable, this stall is certainly one of the most down-to-earth in the vicinity. You should definitely head down to show your support and enjoy a scrumptious filling meal while you’re at it.\r\n\r\nMon to Sat: 6am – 3pm\r\nClosed on Sun\r\n\r\n12. Bangkok Express (#01-04)\r\nNewton Food Centre is a treasure trove of different cuisines, no doubt. While most come to satisfy their cravings for local hawker fare, some may not be able to resist the sweet-savoury aroma of Thai specialities that waft from Bangkok Express. \r\n\r\nChoose from an array of popular crowd favourites like Phad Thai (S$6/S$8) and Green Curry Chicken (S$8/S$10). I foresee many patrons gravitating towards the Basil Chicken (S$6.50/S$8.50) and Seafood Tom Yum (S$8/S$9/S$10), which you can pair with Noodles or Rice for an additional S$0.50.\r\n\r\nOf all the options, the most loved appears to be none other than the Phad Thai. This stir-fried noodle dish has always been a favourite of mine. The best part of it has got to be the addition of chilli flakes and crushed peanuts, which respectively lend the chewy noodles an addictive kick and umami dimension. Served with a generous amount of ingredients such as prawns and crunchy taugeh, this dish has a nice blend of textures and tastes.\r\n\r\nDaily: 11.30am – 9.30pm\r\n\r\n13. R&B Express (#01-76)\r\nWherever you sit, you’ll see R&B Express and its LED light-lined stall front complete with a brightly-lit MICHELIN sign. The stall has a menu of 2 simple yet quintessential hawker items: satay and barbecued chicken wings. You might be wondering: how delicious could a chicken wing be to have earned itself a MICHELIN recommendation? Join the queue and you’ll be on your way to find out!\r\n\r\nThe BBQ Chicken Wing (S$1.80 per piece) was chargrilled to perfection — the flesh was wonderfully smoky and juicy, enveloped in a nicely crisped skin. Something that never ceases to fascinate me about such grilled chicken wings is how they manage to be so tasty without much marinade or glaze. In sum, it was delicious and thoroughly enjoyable.\r\n\r\nThe Satay (S$1 per stick), though a little pricey, is worth a shot as well. Given the minimum order of 10 sticks, don’t hesitate to get some of each meat: Pork, Beef and Chicken.\r\n\r\nThe Chicken and Beef satay was succulent and smoky, with an umami flavour profile that paired well with the peanut sauce. Although the Pork satay leaned slightly tough, it was every bit as flavourful.\r\n\r\n+65 9028 4016\r\nDaily: 6pm – 3am\r\n\r\n14. XO Minced Meat Noodles (#01-10)\r\nNo hawker centre is complete without a bak chor mee stall. For Newton Food Centre, that’s XO Minced Meat Noodles, known for their bowls of springy noodles tossed in a delicious XO and chilli sauce mixture.\r\n\r\nThe stall’s name might very well ring a bell to you; XO Minced Meat Noodles does have several heartland outlets islandwide. This isn’t to say that they’re any less worthy of inclusion in this guide, though. In fact, isn’t that just a testament to their vast popularity?\r\n\r\nOf the stall’s most popular noodle offerings is the titular XO Minced Meat Noodle (S$5/S$6/S$7) which comes adorned with springy meatballs, a fried wanton and plenty of minced meat. Other crowd favourites include the Handmade Meatball Noodle (S$6), which features their juicy handmade meatballs, and the comforting Mini Wok Noodle (S$7).\r\n\r\nThere are also unique seafood-centric options, including Scallop Minced Meat Noodle (S$7/S$8) and Gui Fei Abalone Minced Meat Noodle (S$7/S$8).\r\n\r\nSaucy or soupy in the best way, XO Minced Meat Noodles’s fare makes for a perfect supper. If you’re thinking just that, you’ll be delighted to know that the stall is open round the clock!\r\n\r\nDaily: Open 24 hours\r\n\r\n15. Alliance Seafood (#01-27)\r\nAs you can probably tell from this listicle, Newton Food Centre is not short of MICHELIN-approved stalls and among them is Alliance Seafood. With an emphasis on customer service and attention to detail, it’s no wonder that they hold the prestigious accolade and have many fans who return time and again.\r\n\r\nHere, you cannot miss out on one of Singapore’s most iconic dishes: the Chilli Crab (Seasonal Prices). Encased within the shell are fresh and succulent hunks of crab flesh waiting to be enjoyed by you.\r\n\r\nSpice lovers, go forth and conquer; the luscious gravy has an addictive balance of spice and sweetness that perfectly complements the sweet meat, with silky swirls of coddled egg that make it just so slurp-worthy.\r\n\r\nAnd what’s chilli crab without some fried mantou? You must get the Fried Bun (S$6 for 12 pieces), because what’s chilli crab without some fried mantou? Crunchy on the outside, soft and fluffy on the inside, these morsels come into great use when you want to sop up every bit of that gravy.\r\n\r\nAlliance Seafood has several other crabs that you’ll love as much: spicy Black Pepper Crab, creamy Salted Egg Crab and some unadulterated BBQ Crab. If you’re craving some other types of seafood, why not give the BBQ/Sambal/Chilli Crayfish (Seasonal Prices) a try?\r\n\r\n+65 9771 9209\r\nTue to Sun: 11.30am – 10.30pm\r\nClosed on Mon','2024-10-25'),(3,'Lau Pa Sat food guide: 9 must-eat hawker stalls and dishes','lau-pa-sat-food-guide-9-must-eat-hawker-stalls-and-dishes','Shasha Dania','Head over to Lau Pa Sat, a beloved culinary gem nestled in the heart of the Central Business District. Housed in a beautifully-restored Victorian-era building, this iconic hawker centre offers a feast for the senses, with a tantalising array of local and international flavors. It is also a stone’s throw away from iconic attractions like Marina Bay Sands and Gardens by the Bay, making it a great foodie destination for mid-day lunches and late-night suppers alike. The hawker centre even has a number of Michelin Bib Gourmand eateries, promising some satisfying Singaporean cuisine for locals and tourists!\r\n\r\nWith so many hawker stalls to choose from, how do you know you’re picking the right one? Well, that’s what this guide is for! Prepare for a culinary adventure through Lau Pa Sat’s food stalls, featuring the best food recommendations and must-eat dishes from across its many stalls.\r\n\r\nWhether you’re a seasoned Singaporean foodie or a first-time visitor to the Little Red Dot, get ready to tantalise your taste buds and uncover the gastronomic gems you need to discover at this culinary landmark.\r\n\r\n1. Best Satay 7 & 8: A Lau Pa Sat icon\r\nNo trip to Lau Pa Sat is complete without indulging in satay (grilled meat on skewers, served with a peanut sauce). Roadside grills get set once the sun comes down, filling the air with flavourful, smoky aromas that leave your mouth watering.\r\n\r\nAnd when it comes to satay, Best Satay 7 & 8 reigns supreme. This stall has served grilled chicken, beef, and mutton satay skewers since 2002, making their reputation as one of the best satay stalls in Lau Pa Sat not just well-deserved, but a testament to their reliability and consistency.\r\n\r\n \r\n\r\nSatay Street\r\nOperating hours: Monday to Friday - 7.00pm to 3.00am; Saturday and Sunday - 3.00pm to 3.00am\r\n\r\n2. Thunder Tea Rice (Stall 25): Healthy, plant-forward dishes\r\nWho says hawker food always has to be oily, greasy, or fried? Head to Lau Pa Sat Stall 25 for a taste of Thunder Tea Rice.\r\n\r\nThis halal take on traditional Hakka Lei Cha Fan features a bowl of rice topped with a colourful assortment of chopped vegetables and a fragrant green tea soup packed with herby flavours. It\'s a nutritious and flavourful meal that\'s packed with dietary fibre, vitamins, and antioxidants.\r\n\r\nOther dishes worth a nibble are Basil Chicken Rice with Egg and sides such as Hakka-style beancurd. The stall also houses ‘Thunder Spize’ which sells Japanese- and local-inspired fusion dishes including Spize Katsu Chicken Set, Waa Fiery (spicy maggi noodles topped with a katsu chicken cutlet), and Lemongrass Chicken.\r\n\r\nThunder Tea Rice (Halal-certified)\r\nOperating hours: Daily - 7.00am to 11.00pm\r\n\r\nThunder Spize (Halal-certified)\r\nOperating hours: Daily - 9.00am to 11.00pm\r\n\r\n3. Butter & Cream (Stalls 5-6): Sweet treats to satisfy your cravings\r\nButter & Cream is a haven for those with a sweet tooth. This popular bakery stall in Lau Pa Sat offers a tempting array of pastries and cakes, all made with high-quality ingredients and handcrafted with love. Their signature dish? Thick, chunky muffins in flavours like Volcano Cheese, Moonlight Choco Cheese, Bananarama, and Blueberry Bliss. They also sell doffins (doughnut-muffin fusions), egg tarts, and cheesecakes.\r\n\r\nButter & Cream\r\nOperating hours: Daily - 10.00am to 10.00pm\r\n\r\n4. Nasi Lemak Ayam Taliwang (Stall 71): Spicy Indonesian delights\r\nEmbark on a culinary journey to Indonesia with a taste of Nasi Lemak Ayam Taliwang. This chain has made it into Singapore’s Michelin Bib Gourmand Guide since 2021, bearing the culinary world’s stamp of approval. \r\n\r\nImagine piping hot fragrant coconut rice, spicy grilled chicken, and a variety of accompaniments like fried anchovies, peanuts, and sambal (chilli sauce) combined into an utterly addictive dish that can be eaten for breakfast, lunch, and dinner - a drool worthy meal! You can even swop out the grilled chicken for fried chicken, fish cutlet, or otah otah (spicy fish paste wrapped in banana leaves and grilled or steamed), or opt for different sambal varieties depending on your craving for the day.\r\n\r\nNasi Lemak Ayam Taliwang (Halal-certified)\r\nOperating hours: Daily - 10.00am to 10.00pm\r\n\r\n5. Lixin Teochew Fishball Noodles (Stall 32): A classic Singaporean favourite\r\nNo culinary exploration of Singapore is complete without savouring a bowl of fishball noodles. This simple dish is one of the best embodiments of the humble origins of hawker food, transforming everyday ingredients into a thoroughly satiating meal.\r\n\r\nLixin Teochew Fishball Noodle at Stall 32 offers a Michelin Bib Gourmand-approved classic rendition of this beloved dish, featuring springy noodles, flavourful fishballs, and a savoury broth. You can also opt for a dry version where the springy noodles are tossed in a flavourful sauce and topped with tender fishballs, fishcakes, and minced pork.\r\n\r\nLixin Teochew Fishball Noodles\r\nOperating hours: Daily - 8.00am to 10.00pm\r\n\r\n6. Golden Shoe Hokkien Mee (Stall 26): Flavourful wok-hei creations\r\nAnother Singaporean hawker centre must-eat is hokkien mee, and at Lau Pa Sat, there’s no better place to get it than Golden Shoe Hokkien Mee.\r\n\r\nGolden Shoe serves the ‘wet’ version of hokkien mee that’s particularly gravy-heavy, but it’s so popular amongst diners because the gravy doesn’t feel greasy or oily at all. Instead, flavourful, aromatic noodles are expertly stir-fried to achieve the coveted \"wok hei\" (smoky flavour), making every bite of this dish so deliciously irresistible. Crispy fried pork lard is the perfect garnish, adding some crunch to each generous serving.\r\n\r\nGolden Shoe Hokkien Mee\r\nOperating hours: Daily - 10.00am to 10.00pm\r\n\r\n7. Lao Fu Zi Fried Kway Teow (Stalls 74-75): A classic char kway teow experience\r\nFor a taste of classic Singaporean char kway teow, head to Lao Fu Zi Fried Kway Teow. This stall is known for its flavourful and smoky noodles (brimming with “wok hei” smokiness!), stir-fried with fresh ingredients and traditional cooking methods. Toppings such as cockles, prawns, Chinese sausage, and egg only make its dishes even more toothsome, so it’s no wonder that Lao Fu Zi Fried Kway Teow made it into the Michelin Bib Gourmand recommendations too.\r\n\r\nLao Fu Zi Fried Kway Teow\r\nOperating hours: Daily - 11.30am to 10.00pm\r\n\r\n8. Warong Pak Sapari (Stall 58): Authentic Indonesian Cuisine\r\nWarong Pak Sapari brings even more authentic flavours of Indonesia to Lau Pa Sat with its variety of mee soto (noodles in a chicken broth) and mee rebus (noodles in gravy) dishes. Helmed by a third generation hawker, its dishes are rich and flavourful, generously topped with meat, begedil (fried mashed potato), and green chilli that packs a spicy punch. It’s also yet another Michelin-recommended stall in Lau Pa Sat!\r\n\r\nWarong Pak Sapari (Muslim-owned)\r\nOperating hours: Daily - 10.00am to 10.00pm\r\n\r\n9. Munchi Pancake: Sweet and savoury Asian-style pancakes\r\nThink you know what pancakes are like? Think again. Munchi Pancake’s Lau Pa Sat outlet serves up their own take on an Asian pancake-like dish (also known as Min Jiang Kueh or Apam Balik). Traditionally a crushed peanut filling stuffed into a fluffy pancake shell, Munchi adds their own twist with flavours like coconut, black sesame, Belgian chocolate, and matcha, catering to a younger crowd of foodies.\r\n\r\n \r\n\r\nMunchi Pancake (Halal-certified)\r\nOperating hours: Daily - 8.00am to 8.00pm\r\n\r\n\r\nGear up for a culinary adventure at Lau Pa Sat\r\nFrom legendary satay stalls to Michelin-approved hawker food, there’s something to satisfy every palate at Lau Pa Sat. This guide only covers a handful of stalls in this hawker centre, so it’s best to turn up in person and truly savour the range of cuisines housed in this historic building! (Psst, if you haven’t had your fill of hawker favourites, try out Kopitiam’s new integrated experience at Changi Airport Terminal 3 – allowing you to grab one more bite of your cravings before your flight out of SG.)\r\n\r\nSome tips to make your Lau Pa Sat visit a little easier:\r\n\r\nBest time to visit: Visit during off-peak hours, such as mid-morning or mid-afternoon, to avoid the lunchtime crowds. If you’re trying to grab a seat at Satay Street (which is only set up in the evenings), arrive early (before 8pm) to secure a table.\r\n• Payment methods: Lau Pa Sat stalls accept various payment methods, including cash, credit cards, and mobile payment options like PayNow and GrabPay.\r\n• Seating: Lau Pa Sat offers both indoor and outdoor seating options. The indoor seating provides a more air-conditioned and comfortable environment, while the outdoor seating offers a lively atmosphere, especially in the evenings.\r\n• Etiquette: Tray return kiosks are available around the hawker centre, so be mindful of food waste and dispose of your trash responsibly. If you’re ordering your food to-go, you can even bring your own reusable containers, water bottles, and utensils to reduce waste.\r\n\r\nAre you ready to have the culinary adventure of your lifetime?','2025-04-29'),(4,'Yusheng','yusheng','Bonny Tan, Rakunathan Narayanan & Lee Meiyu','Yusheng (鱼生; yusang in Cantonese), meaning “raw fish” in Chinese, is a salad dish comprising thin slices of raw fish and various seasonings that are mixed together as diners toss the ingredients. It is a dish usually eaten during Chinese New Year. Traditionally a simple dish with few ingredients, the yusheng recipe has evolved over the decades and now comprises a wide variety of ingredients.\r\n\r\nYusheng in China\r\nThe dish of raw fish slices dates back more than 2,000 years in China. The earliest known written documentation of the dish can be traced to 823 BCE during the Zhou dynasty (1046 BCE–256 BCE). It became so popular after the Han dynasty (206 BCE–220 CE) that Chinese scholars such as Cao Zhi (曹植) wrote poems praising the dish. Its popularity waned, however, after the Yuan dynasty (1271 CE–1368 CE) due to hygiene concerns. The dish almost disappeared in China near the end of the Qing dynasty (1889 CE–1912 CE) – its consumption became largely limited to the southern parts of Guangzhou and Chaozhou. Today, the dish can still be found in these areas. The fish slices are mixed in peanut oil or dark soya sauce, along with other condiments such as salt, white sugar, peanuts, sesame seeds, garlic, ginger slices, onion slices, sliced turnip and lemon juice.\r\n\r\nYusheng in Singapore\r\nThe custom of having the dish on the seventh day of the Chinese New Year, also known as renri (人日; “everyman’s birthday”), was brought to Singapore with the migration of Cantonese and Teochew people from China in the 19th century. It is believed that the Chinese from Jiangmen, Guangdong province, were the first to start selling the dish in Singapore, which comprised raw fish slices tossed with ginger slices, spring onion, coriander, sesame seeds, lime juice and oil.\r\n\r\nTraditionally, there are two types of yusheng consumed in Singapore – Cantonese and Teochew. The Cantonese yusheng is eaten on the seventh day of the Lunar New Year – the meal is shared amongst businessmen to ensure a prosperous year ahead. Thinly sliced raw fish is served with an array of vegetables and tossed together in a piquant sauce. Porridge may be served to wash down the taste of the raw fish. For the Teochews, the dish, known as husay, is eaten throughout the new year period. The fish is first air-dried before it is sliced, topped with sesame seeds and served with sliced vegetables and a sweet-and-sour sauce.\r\n\r\nRestaurants in Chinatown used to deliver yusheng directly to customers. Delivery assistants balanced the ingredients on a wooden tray balanced on their heads. One mai (serving) would be placed on a pedestal dish and covered with a conical tin, with the condiments wrapped up in what resembled a hongbao (red packet). Young children were discouraged from consuming it because it was thought to trigger epilepsy.\r\n\r\nEvolution and variations\r\nFrom a simple dish with only a few ingredients, the yusheng recipe has gone through a series of transformations from the 1930s onwards. In 1933, the boss of Loong Yik Kee Restaurant began selling yusheng with the addition of pickled vegetables, sugar and vinegar. Yow Kee, which had been serving yusheng in Kuala Lumpur since 1945, opened a branch in Singapore in 1978 at the Fook Hai Building. It used a unique secret sauce that likely included plum sauce.\r\n\r\nToday, the common form of yusheng is the qicai yusheng (七彩鱼生; “seven-coloured raw fish salad”) served in local restaurants during the Chinese New Year period. Also referred to as facai yusheng (发财鱼生; “prosperity raw fish salad”) or xinnian yusheng (新年鱼生; “Chinese New Year raw fish salad”), this colourful take on yusheng was said to be created in the 1960s by chefs Lau Yoke Pui, Tham Yui Kai, Sin Leong and Hooi Kok Wai, together known as the “Four Heavenly Kings” in the Singapore restaurant scene. The recipe included ingredients such as shredded white and green radish and carrots, ginger slices, onion slices, crushed peanuts, pomelo, pepper, essence of chicken, oil, salt, vinegar, sugar and more. To enhance the taste, the chefs began the practice of pre-mixing the sauce in order to ensure a balanced taste for each dish as compared to the past when diners mixed the sauce themselves. This new way of eating yusheng was not readily accepted until the 1970s when younger diners embraced it. From then on, the popularity of this yusheng recipe soared and spread overseas.\r\n\r\nThere is no strict recipe to follow for yusheng, and slight variations may be found in different restaurants. Some spins on the recipe include the addition of salmon, lobster or abalone, while versions like masala, Thai and Vietnamese yusheng are also available. Kiwifruit is sometimes included as its jade-like colour is taken to symbolise prosperity.\r\n\r\nCarp is generally used for yusheng, with the water grass carp being the preferred choice in Hong Kong. In Singapore, the wolf herring – commonly known as sai tor her in Teochew or ikan parang in Malay – is used because the raw carp is prone to hookworms and other such parasites.\r\n\r\nYusheng in its simple form – raw fish slices in sesame oil and usually served with ginger slices and chilli – can be found all year round at foodstalls in hawker centres and other eating establishments.\r\n\r\nRituals and meanings\r\nToday’s ritual of eating yusheng during Chinese New Year involves all the people at the table tossing the salad and uttering auspicious phrases. The dish is deemed auspicious because of the homonymic meanings behind its ingredients, which suggest blessings and good fortune for the new year: yu is a homonym for “fish” and “abundance”, while sheng means both “raw” and “life”. Together, yusheng implies “abundance of wealth and long life”. In the Cantonese dialect, the dish is known as lohei, where lo implies “tossing up good fortune” and hei means “to rise”, again a reference to a prosperous business and thus its popularity with businessmen during the new year celebrations. The ingredients of yusheng vary among restaurants, and one such recipe is presented below along with examples of auspicious phrases that may be uttered as each ingredient is added.\r\n\r\nStep 1: All at the table offer auspicious greetings.\r\nWords: gongxi facai (恭喜发财; “wishing you wealth and good fortune”) or wanshi ruyi (万事如意; “may all your wishes be fulfilled”).\r\n\r\nStep 2: Add fish, which symbolises abundance or excess through the year. \r\nWords: nian nian youyu (年年有余)\r\n\r\nStep 3: Add pomelo over the fish for luck and auspicious value.\r\nWords: daji dali (大吉大利)\r\nThen dash pepper over the ingredients for greater prosperity and fortune.\r\nWords: zhaocai jinbao (招财进宝)\r\nPour oil, circling the ingredients to symbolise the multifold increase of profits and to encourage money to flow in from all directions.\r\nWords: yibenwanli (一本万利) and caiyuan guang jin (财源广进)\r\n\r\nStep 4: Add carrots to the fish, indicating blessings of good luck.\r\nWords: hongyun dangtou (鸿运当头)\r\nThen place shredded green radish on the fish, symbolising eternal youth.\r\nWords: qingchun chang zhu (青春常驻).\r\nNext, add shredded white radish for prosperity in business and promotion at work.\r\nWords: feng sheng shui qi (风生水起) and bubu gaosheng (步步高升)\r\n\r\nStep 5: Add condiments. First, dust peanut crumbs on the dish, symbolising a household filled with gold and silver. As an icon of longevity, peanuts also symbolise eternal youth.\r\nWords: jinyin manwu (金银满屋)\r\nSesame seeds follow, symbolising growth in business.\r\nWords: shengyi xinglong (生意兴隆)\r\nAdd deep-fried flour crisps in the shape of golden pillows, with wishes that literally translate to mean that the whole floor would be filled with gold.\r\nWords: biandi huangjin (遍地黄金)\r\n\r\nStep 6: All at the table stand up and toss the salad an auspicious seven times with loud shouts of “lohei” and other new year wishes.\r\nMix ingredients by pushing them towards the centre, which is an encouragement to push on the good luck of all at the table. Some may lift clumps of the salad as high as possible to symbolise the increase in good fortune.','2025-10-27'),(5,'Nasi Lemak Unplugged: The Delicious History of a Singaporean Favourite','nasi-lemak-unplugged-the-delicious-history-of-a-singaporean-favourite','Gentle Foods','Origins and Early Influences\r\n\r\nNasi lemak, while deeply rooted in Malay culture, has carved out a significant place in Singapore\'s culinary landscape. The dish likely made its way to Singapore through early Malay immigrants who settled in the region, particularly during the Malay Archipelago\'s migration periods. Traditionally, nasi lemak was a nutritious meal consumed by farmers and laborers, often wrapped in banana leaves for convenience. The dish\'s essential components—coconut milk-infused rice, sambal (a spicy chili paste), fried anchovies (ikan bilis), roasted peanuts, and cucumber—reflected the local agricultural bounty and the everyday lifestyle of the community.\r\n\r\nCultural Significance\r\n\r\nIn Singapore, nasi lemak transcended its humble beginnings to become a beloved national dish enjoyed by people from various ethnic backgrounds. The dish is emblematic of Singapore\'s multicultural society, where it is appreciated not only by Malays but also by Chinese, Indians, and other communities. This culinary integration is a testament to Singapore\'s unique identity as a melting pot of cultures. The blend of flavours and cooking styles from different ethnicities has enriched nasi lemak, allowing it to adapt and evolve over time.\r\n\r\nEvolution in the Hawker Scene\r\n\r\nAs Singapore evolved into a bustling urban centre in the 20th century, the food culture also transformed, with street hawkers playing a pivotal role in popularising local dishes. Nasi lemak became a staple in hawker centres, where vendors offered their unique variations. The dish often adapted to cater to local tastes, with some stalls offering fried chicken, beef rendang, or even additional accompaniments like otak-otak (spicy fish cake) alongside the traditional sides.\r\n\r\nHawker centres provided an accessible and affordable dining option for Singaporeans, making nasi lemak a popular breakfast choice. As the country developed, the dish gained recognition for its rich flavours and satisfying nature, leading to its widespread availability across the island. In many households, nasi lemak became synonymous with gatherings and special occasions, often served during festivals and celebrations.\r\n\r\nRecognition and Modern Adaptations\r\n\r\nIn the 21st century, nasi lemak has experienced a resurgence in popularity, with new interpretations and gourmet variations emerging. Upscale restaurants and modern cafes began offering creative presentations and high-quality ingredients, elevating the dish beyond its traditional roots. Innovations include truffle-infused rice, artisanal sambals, and unique protein options such as grilled octopus or lobster, showcasing the dish\'s versatility.\r\n\r\nNasi lemak has also become a symbol of national pride, featured prominently in food festivals and culinary events that celebrate Singapore\'s rich gastronomic heritage. In 2019, Singapore celebrated its first Nasi Lemak Festival, highlighting the dish\'s significance in local culture and its impact on the culinary scene.\r\n\r\nGlobal Recognition\r\n\r\nThe popularity of nasi lemak has not remained confined to Singapore alone. The dish has garnered international attention, featuring in food blogs, travel shows, and culinary competitions around the world. Its inclusion in international menus reflects the growing appreciation for diverse cuisines and highlights Singapore’s position as a global culinary destination.\r\n\r\nToday, nasi lemak is more than just a dish; it is a cultural icon in Singapore, representing the nation\'s multicultural heritage and its food history. Whether enjoyed as a traditional breakfast or a modern twist, nasi lemak continues to delight locals and visitors alike, showcasing the unique flavours and diversity that define Singapore\'s vibrant culinary landscape. Its evolution from a humble meal to a cherished national dish is a testament to the country\'s rich food culture and the enduring love for this delightful dish. As the years go by, nasi lemak remains a true reflection of Singapore\'s identity, uniting people through its deliciousness and historical significance.','2024-11-08'),(6,'Roti Prata','roti-prata','Anasuya Balamururgan','A soft and yet crisp flatbread, roti prata (or paratha) is often eaten together with mutton or dhal curry. It is sold mostly by Indian Muslim stallholders at coffeeshops and hawker centres. There are two common types of roti prata sold in Singapore – plain prata and prata with egg. However, these days, many eateries offer interesting and innovative versions by adding cheese, mushrooms, bananas, sugar, jam, chocolate, and ice cream to the dish. To many, roti prata serves as a staple food for breakfast, lunch and dinner; although, it is most often eaten as a breakfast item.\r\n\r\nOrigins\r\nRoti prata belongs to a group of breads indigenous to India. Introduced to Singapore by Indian immigrants, roti prata is said to be either of Punjabi origin as wheat dishes feature prominently in the Punjabi diet, or introduced by the Muslim conquerors, who also specialised in making various types of breads. Whatever its origin, roti prata has become an integral component of Indian cuisine in Singapore.\r\n\r\nPreparation\r\nFlour, ghee or margarine and salt are the basic ingredients for making roti prata. Water is added to the flour to form a stiff dough which is then kneaded. This is an important step in yielding a dough that is soft and pliable. By kneading, air is introduced into the dough, making it light. After this, the dough is divided into smaller portions and left to rest for at least five hours or overnight.\r\n\r\nBefore the ‘prata man’ begins flipping the dough, he will first grease his work table and hands with edible oil. Then he takes a piece of the dough, flattens it on the table and with sure, swift movements, whirls and twirls the dough from left to right, and from right to left until it is paper thin, and has stretched four to five times its original size. This is the most difficult step in prata-making, and is considered an art in itself. After folding the stretched dough into a rectangle or a circular disc, he tosses it onto the hot and well-greased griddle.\r\n\r\nThe prata is said to be cooked when dark brown \"blisters\" appear on the surface. A well-made prata should be crisp on the outside and soft inside. Roti prata is best enjoyed eaten with the fingers; the bread is torn into bite-size pieces, and dipped into curry before being popped into the mouth. In Singapore, however, it is not surprising to see the dish being served with a fork and spoon, or even a fork and knife.\r\n\r\nVariations\r\nThere are many variations of the ordinary prata. When egg is added, it becomes an egg prata. On the other hand, when minced meat such as mutton or chicken, eggs and onions are added, it is called muruthapa. Indian restaurants offering vegetarian fare sell muruthapa with a vegetable filling. These days, prata comes with all kinds of new-fangled fillings such as cheese, mushroom, tomato, garlic, chocolate, banana, condensed milk, jam, corn and even durian and chicken floss. There is also tissue prata, which is the exceptionally thin and crispy version drizzled with evaporated milk and sugar.','2025-10-27'),(7,'How Chicken Rice Became Singapore’s National Dish','how-chicken-rice-became-singapores-national-dish','Cheryl Nah','The story of chicken rice in Singapore and its history\r\nIn hawker centres, there exists what I’ve termed the “chicken rice effect”, which happens when Singaporeans are faced with way too many food options, only to end up in line at the chicken rice stall for lack of a better idea of what to eat. It’s an instinct, and even if chicken rice isn’t your favourite dish of all time, there’s no denying the alluring combo of sliced chicken and fragrant rice.\r\n\r\nSo the question is: what makes chicken rice so compelling to Singaporeans? By extension, how did it become one of the dishes that best represents the Singaporean hawker food scene? What’s the history of chicken rice?\r\n\r\nOnline, everyone from Wikipedia to the Michelin Guide and various international news sites have touted it as our national dish, even though Singapore doesn’t actually have an official national dish—chicken rice is simply so well-loved by Singaporeans that such a claim was never challenged at all.\r\n\r\nTo answer these questions, I dug deep into the history of chicken rice, looking up those behind some of the most pivotal changes in the dish’s history. This included interviews with a pair of siblings with the recipe behind one of Singapore’s legendary chicken rice brands, three brothers who famously left banking to carry on their family legacy, and the hawkers at my neighbourhood hawker centre whose roast chicken never fails to invoke the chicken rice effect on me. I have to admit, the last one was more personal indulgence, but we all have that one stall that shaped our love of chicken rice.\r\n\r\nWithout further ado, here’s the story of how chicken rice became Singapore’s national dish, and the history behind it. \r\n\r\nChicken rice was born in a back alley\r\nWhen tracing its roots, you’ll find that Hainanese chicken rice developed from an old Hainanese dish called wen chang ji, which sees boiled and poached chicken served with a citrusy, ginger-garlic dip.\r\n\r\nMiles away from Hainan within the historic Hainanese quarters of Middle Road, Purvis Street, and Seah Street, wen chang ji would later adapted by a humble Hainanese street hawker, Wong Yi Guan, into the earliest known version of Singaporean chicken rice.\r\n\r\nA few years later, the oldest known chicken rice restaurant, Yet Con, would open on those same streets in 1940, selling chicken rice of a similar nature to Wong’s.\r\n\r\nAs a labourer’s meal, the chicken rice of the ‘40s was simply meant to fill the belly and not particularly flavourful. More importantly, it is the missing link between wen chang ji and modern Hainanese chicken rice: it had no-frills poached chicken served with fragrant oily rice, cucumber slices, ginger, and chilli on the side for an added kick to the otherwise plain chicken. \r\n\r\nYet Con would offer this style of chicken up until it closed in 2021. By then, it was the last stall in Singapore serving this truly old-school variant.\r\n\r\nUnlike Yet Con, many chicken rice stalls of its era would have either faded into obscurity, or begun to offer the kind of old-school chicken rice you or I’d be familiar with these days: white chicken, prepared with a Cantonese-influenced poaching method so that its meat is mild, tender, and juicy. \r\n\r\nThe reason for this swap is majorly due to the rise of one legendary chicken rice stall in the ‘50s, revolutionising the look and taste of chicken rice to a style that’s still common today. \r\n\r\nChicken rice is mainstream now!\r\nIf you were born in the pre-Y2K era, you probably can guess the stall that brought chicken rice into the mainstream: Swee Kee Chicken Rice, established in 1949. Swee Kee was founded by Mr. Moh Lee Twee, who had studied under OG chicken rice hawker Wong Yi Guan!\r\n\r\nAt its prime, Swee Kee was the place to be if you wanted to have some chicken rice with the fam. Even acclaimed local chef Violet Oon had once famously claimed the stall to be the best of the ‘50s and ‘60s. \r\n\r\nNot only was it the first stall that truly popularised chicken rice as a dish for the masses, stalls all over Singapore copied the specific style and presentation of chicken rice offered by Swee Kee, though few could match up to what was said to be a truly one-of-a-kind plate of chicken rice. \r\n\r\nAs Swee Kee abruptly closed in 1997 with no official successors, it seemed that any chance of understanding just what caused Swee Kee’s overwhelming influence on our national dish was lost to me. Then, a stall that was using Swee Kee’s recipe serendipitously popped up in Toa Payoh in 2023.\r\n\r\nNamed Rui Ji Traditional Chicken Rice and Curry Noodle, the stall is run by distant relatives of Mr Moh: siblings Jass Lee and Joseph Tan. According to Jass, it was her love of chicken rice growing up that had originally led her to learn the ropes under Swee Kee’s wing, thus inheriting the famed recipe that they now use for the chicken rice at Rui Ji. \r\n\r\nRui Ji’s chicken rice is of the white variety, with cucumber slices, a light soya sauce dressing, house-made citrusy chilli and ginger, plus a clear bowl of chicken broth. Order a set, and you also get extra items such as tofu, braised egg, and green veggies. This legendary chicken rice looked very much like regular chicken rice from any hawker centre.\r\n\r\nJass recommended we try the chicken breast, commonly said to be the toughest, driest part of the chicken. Served chilled with a delicate, gelatinous layer of fat between skin and meat, it was the juiciest morsel of chicken breast I’ve ever had. \r\n\r\nWatching them prepare the chicken rice, it honestly didn’t look much different from any other chicken rice stall. Rui Ji’s secret was that they simply “follow[ed] the recipe.” \r\n\r\nEvery step of the process, from the precise ratio of ingredients to the plating, was executed with unparalleled attention to detail. Perhaps it’s this meticulousness and standardisation of a winning recipe, passed down to the siblings today, that led Swee Kee to kickstart the chicken rice revolution back then. \r\n\r\nChicken rice is atas now!\r\nFast forward to 1971, and Singapore’s most expensive, most atas chicken rice entered the scene. Initially priced at a whopping $3.50, you can still get Chatterbox’s Mandarin Chicken Rice at $25++ today—just slightly more affordable than it was pre-pandemic ($27++). \r\n\r\nChatterbox made $1.6 million off its classy, beautifully presented chicken rice set in 1983 alone, becoming the most popular chicken rice joint of the ‘70s and ‘80s. It wasn’t just the novelty that enthralled Singaporeans to splurge on elevated hawker food—their chicken rice was legitimately good. \r\n\r\nJudging from a news article written in 1976, Chatterbox’s recipe wasn’t all that different from any other stall of the time, but one thing Chatterbox had in spades was quality, with their pick of the best ingredients and no shortage of skilled chefs in the kitchen.\r\n\r\nIt also signalled a shift in the status of the humble hawker dish. Back then, offering local food in luxury hotels instead of typical, inoffensive continental cuisine was unheard of. To do so at Singapore’s top luxury hotels was an unspoken declaration that the unassuming chicken rice was now a world-class dish. \r\n\r\nThe atas gets normalised\r\nOn the local level, the influence of Chatterbox’s chicken rice on our normie hawker dish is evident in more ways than one. Not only did Chatterbox introduce the idea of chicken rice sets—the most common way to get your chicken rice these days—they also brought in the concept of boneless chicken rice, emulated by many stalls such as my go-to in Bukit Timah Food Centre, Seng Heng Hainanese Boneless Chicken Rice. \r\n\r\nAs one of the OG Bukit Timah hawker stalls, Seng Heng has been around for 40-odd years and was my main comprehension of what chicken rice was, growing up: an affordable, comforting dish from the beloved neighbourhood stall. It may not be the most historically important or famous like Tian Tian, but it informed the core memory of what chicken rice was to me, an average Singaporean.\r\n\r\nWhy talk about the neighbourhood chicken rice stalls? Because it wasn’t just the effect of prime movers such as Chatterbox or Swee Kee fueling the changing face of chicken rice, but the widespread adoption of popular trends among chicken rice hawkers everywhere, Seng Heng included. \r\n\r\nDuring our chat, second-generation hawker Lee Jia Ming shared that Seng Heng didn’t start out selling the boneless chicken rice they’re known for,but began to do so in response to changing customer preferences. \r\n\r\nPeople loved it. A recent customer told him that they even “buy the chicken rice, then they freeze up for 48 hours, then after that they fly to London just for their kid to eat.” \r\n\r\nThe many forms of chicken rice\r\nPersonally, I am a huge fan of the boneless, roasted variety at Seng Heng, despite steamed chicken breast being my go-to at any other stall. The ease of not having to pick out meat from bone, plus the succulent, savoury skin of their version of roast chicken is why I tend to end up in the 30-minute long queue at their stall during lunch time. \r\n\r\nEven with my typically unmoveable preferences, I liked having the choice between roast and steamed, but roast chicken has been a small point of contention amongst chicken rice sellers that hold fast to tradition.\r\n\r\nRui Ji, for example, is set on only offering traditional steamed chicken; another long standing chicken rice brand, Nam Kee Chicken Rice, has gone the other way to embrace both sides of the coin. \r\n\r\nFounded in 1968, Nam Kee Chicken Rice currently is run by three brothers: Ken, Dave, and Lincoln. Their grandfather had started Nam Kee after emigrating from Hainan, and while their father carried on running the restaurant after him, the trio had left to pursue careers in the banking industry, but later chose to collectively return and continue the family legacy upon their father’s retirement.\r\n\r\nTo make such drastic career moves is no small feat, but to the brothers and their families, “Nam Kee [was] more than a business… but a way of life”. \r\n\r\nHaving grown up around chicken rice their whole life, the brothers offered keen observations on the evolution of the dish over time and what Nam Kee has done to adapt to changes, including adding roasted chicken rice to their extensive menu. As Singapore’s second most popular variant of the dish, they mentioned that it would be remiss not to offer it, even if it was an invention brought over from Hong Kong and hence not considered traditional.\r\n\r\nAnd if it was spitting on tradition brought about by their Hainanese forefathers, well, “Who could precisely say what traditional chicken rice is, these days?” Lincoln asked. \r\n\r\nPerhaps it is because chicken rice has adapted to Singaporean tastes that the dish in general is so popular. At the end of the day, the roasted versus steamed debate is still about chicken rice, albeit different variants of the same dish. \r\n\r\nChicken rice is all about the rice\r\nWhile the chicken has apparently seen major changes to its components over time, something that has stayed the same seems to be the necessity of fragrant chicken rice. \r\n\r\nFragrant, oily rice was initially utilised as a way to balance out the plainer chicken of the past. In the words of Lincoln, “The chicken ah, is just really put in boiling water without anything. So it’s tasteless, but the rice is fragrant.”\r\n\r\nEventually though, it became an expectation that a good plate of chicken rice must possess both tender chicken and fragrant rice, even as the chicken got more flavourful over time. According to Jass, the rice is the first thing she’ll check on every plate, “I will always look at the rice. If the chicken rice is nice, the whole chicken is nice.”\r\n\r\nStill, the key to a fragrant plate of chicken rice has also changed throughout the years, according to the Nam Kee brothers. \r\n\r\nCooking the rice with chicken fat and ginger is a must. Gone, however, is the aroma imparted from steaming the rice over a charcoal fire, in favour of the faster, less laborious method of using a rice cooker and more aromatics.\r\n\r\nInterestingly, it was mentioned that the way we eat chicken rice has changed as well. In the past, using a bowl and chopsticks was common to better enjoy the rice’s aroma, a feature you’d find in Yet Con but not Nam Kee, where it’s served on a plate like many other stalls. \r\n\r\nAs more people beyond the Chinese community began consuming chicken rice, dropping the chopsticks and serving both chicken and rice together on a plate was probably more convenient and caught on with the masses. \r\n\r\nChicken rice is everywhere\r\nSo we have periods of mass popularity, a recipe ever-evolving to accommodate Singaporean tastes and preferences, and ever-fragrant rice. And chilli too, because our island is obsessed with spiciness. But does all this really stack up to create the ultimate Singaporean dish?\r\n\r\nThe answer, as I gathered from all my interviewees, was yes.\r\n\r\nJia Ming claimed that he eats chicken rice near-daily, regardless of cooking style and choice of chicken part. “For me, it’s very straightforward,” he said, “You can tell me: What do we want to eat today? Don’t know? Chicken rice lor.” It’s the no-brainer option. \r\n\r\nMeanwhile, Jass pointed out how it was appealing to everyone, “suitable for everybody, young and old”.\r\n\r\n“Think about it,” Lincoln explained, in words nearly identical to what Jia Ming told me, “I go to a coffee shop, don’t know what to eat, eat chicken rice lah.” \r\n\r\nIn a nutshell, chicken rice is easy to eat, accessible, and tailored to our tastes. The answer to its compelling nature and why it has become representative of Singapore’s food scene is really that simple. \r\n\r\nEven with the case solved, I still had one last question, born out of curiosity over my interviewees all being next-gen inheritors of their family’s recipes and brands: I wanted to know what all of them thought the future would bring for their stalls and Singapore’s beloved dish. \r\n\r\nSome entertained the idea of fusing chicken rice with other cuisines and dishes, a way to innovate and cater to Singaporeans as we become increasingly globalised and open to new flavours. With chicken rice becoming increasingly well-known overseas, there was also the thought of possible new territories to explore, both within and outside of Singapore. \r\n\r\nOthers figured that even with innovation, the basic, homely form of chicken and rice on a plate as we know and love is here to stay for the foreseeable future, with too much change likely to alienate than to comfort.\r\n\r\nAbout whether any successors will take over after any of them in the generations to come, it’s too early to say or expect, but one thing is for certain: Chicken rice, in all its Singaporean glory, is here to stay. \r\n\r\n“It’s a cultural instinct. It’s not like why people love chicken rice, it’s more like a culture.”','2024-08-08');
/*!40000 ALTER TABLE `webapp_article` ENABLE KEYS */;
UNLOCK TABLES;

--
-- Table structure for table `webapp_articleimage`
--

DROP TABLE IF EXISTS `webapp_articleimage`;
/*!40101 SET @saved_cs_client     = @@character_set_client */;
/*!50503 SET character_set_client = utf8mb4 */;
CREATE TABLE `webapp_articleimage` (
  `id` bigint NOT NULL AUTO_INCREMENT,
  `image` varchar(100) NOT NULL,
  `caption` varchar(200) NOT NULL,
  `alt_text` varchar(200) NOT NULL,
  `order` int unsigned NOT NULL,
  `article_id` bigint NOT NULL,
  PRIMARY KEY (`id`),
  KEY `webapp_articleimage_article_id_2967da4f_fk_webapp_article_id` (`article_id`),
  CONSTRAINT `webapp_articleimage_article_id_2967da4f_fk_webapp_article_id` FOREIGN KEY (`article_id`) REFERENCES `webapp_article` (`id`),
  CONSTRAINT `webapp_articleimage_chk_1` CHECK ((`order` >= 0))
) ENGINE=InnoDB AUTO_INCREMENT=10 DEFAULT CHARSET=utf8mb4 COLLATE=utf8mb4_0900_ai_ci;
/*!40101 SET character_set_client = @saved_cs_client */;

--
-- Dumping data for table `webapp_articleimage`
--

LOCK TABLES `webapp_articleimage` WRITE;
/*!40000 ALTER TABLE `webapp_articleimage` DISABLE KEYS */;
INSERT INTO `webapp_articleimage` VALUES (1,'article_images/2025/11/maxwell1.webp','Image created using GenAI','',0,1),(2,'article_images/2025/11/maxwell2.webp','Image created using GenAI','',0,1),(3,'article_images/2025/11/newton.jpg','','',0,2),(4,'article_images/2025/11/Nasi_Lemak.png','','',0,5),(5,'article_images/2025/12/rp1.png','七彩鱼生 Seven Color Yusheng','',0,4),(6,'article_images/2025/12/rp2.png','Yusheng ith Porridge','',0,4),(7,'article_images/2025/12/lps.png','','',0,3),(8,'article_images/2025/12/cb2.png','','',0,7),(9,'article_images/2025/12/rp.png','','',0,6);
/*!40000 ALTER TABLE `webapp_articleimage` ENABLE KEYS */;
UNLOCK TABLES;

--
-- Table structure for table `webapp_articlekeyword`
--

DROP TABLE IF EXISTS `webapp_articlekeyword`;
/*!40101 SET @saved_cs_client     = @@character_set_client */;
/*!50503 SET character_set_client = utf8mb4 */;
CREATE TABLE `webapp_articlekeyword` (
  `id` bigint NOT NULL AUTO_INCREMENT,
  `article_id` bigint NOT NULL,
  `keyword_id` bigint NOT NULL,
  PRIMARY KEY (`id`),
  UNIQUE KEY `webapp_articlekeyword_article_id_keyword_id_6f1b95bb_uniq` (`article_id`,`keyword_id`),
  KEY `webapp_articlekeyword_keyword_id_a309dba1_fk_webapp_keyword_id` (`keyword_id`),
  CONSTRAINT `webapp_articlekeyword_article_id_6db98896_fk_webapp_article_id` FOREIGN KEY (`article_id`) REFERENCES `webapp_article` (`id`),
  CONSTRAINT `webapp_articlekeyword_keyword_id_a309dba1_fk_webapp_keyword_id` FOREIGN KEY (`keyword_id`) REFERENCES `webapp_keyword` (`id`)
) ENGINE=InnoDB AUTO_INCREMENT=27 DEFAULT CHARSET=utf8mb4 COLLATE=utf8mb4_0900_ai_ci;
/*!40101 SET character_set_client = @saved_cs_client */;

--
-- Dumping data for table `webapp_articlekeyword`
--

LOCK TABLES `webapp_articlekeyword` WRITE;
/*!40000 ALTER TABLE `webapp_articlekeyword` DISABLE KEYS */;
INSERT INTO `webapp_articlekeyword` VALUES (1,1,1),(2,1,2),(3,1,3),(15,1,11),(16,1,12),(17,1,13),(18,1,14),(19,1,15),(20,1,16),(21,1,17),(22,1,18),(5,2,1),(6,2,3),(4,2,4),(8,3,3),(7,3,5),(9,4,6),(10,4,7),(23,4,19),(24,4,20),(11,5,7),(12,5,8),(13,6,7),(14,6,10),(26,7,7),(25,7,9);
/*!40000 ALTER TABLE `webapp_articlekeyword` ENABLE KEYS */;
UNLOCK TABLES;

--
-- Table structure for table `webapp_keyword`
--

DROP TABLE IF EXISTS `webapp_keyword`;
/*!40101 SET @saved_cs_client     = @@character_set_client */;
/*!50503 SET character_set_client = utf8mb4 */;
CREATE TABLE `webapp_keyword` (
  `id` bigint NOT NULL AUTO_INCREMENT,
  `name` varchar(50) NOT NULL,
  PRIMARY KEY (`id`),
  UNIQUE KEY `name` (`name`)
) ENGINE=InnoDB AUTO_INCREMENT=21 DEFAULT CHARSET=utf8mb4 COLLATE=utf8mb4_0900_ai_ci;
/*!40101 SET character_set_client = @saved_cs_client */;

--
-- Dumping data for table `webapp_keyword`
--

LOCK TABLES `webapp_keyword` WRITE;
/*!40000 ALTER TABLE `webapp_keyword` DISABLE KEYS */;
INSERT INTO `webapp_keyword` VALUES (9,'Chicken Rice'),(3,'Food Crawl'),(12,'Hainanese Boneless Chicken Rice'),(15,'Hainanese Curry Rice'),(7,'Heritage'),(13,'Ho Kee Porridge'),(16,'Hock Soon Carrot Cake'),(5,'Lau Pa Sat'),(19,'Loong Yik Kee Restaurant'),(2,'Maxwell Food Centre'),(18,'Maxwell Laksa'),(1,'Michelin'),(8,'Nasi Lemak'),(4,'Newton Food Centre'),(17,'Rojak, Popiah & Cockle'),(10,'Roti Prata'),(11,'Tian Tian Hainanese Chicken Rice'),(20,'Yow Kee'),(6,'Yusheng'),(14,'Zhen Zhen Porridge');
/*!40000 ALTER TABLE `webapp_keyword` ENABLE KEYS */;
UNLOCK TABLES;

--
-- Table structure for table `webapp_vendorrating`
--

DROP TABLE IF EXISTS `webapp_vendorrating`;
/*!40101 SET @saved_cs_client     = @@character_set_client */;
/*!50503 SET character_set_client = utf8mb4 */;
CREATE TABLE `webapp_vendorrating` (
  `id` bigint NOT NULL AUTO_INCREMENT,
  `rating` int NOT NULL,
  `created_at` datetime(6) NOT NULL,
  `updated_at` datetime(6) NOT NULL,
  `user_id` bigint NOT NULL,
  `vendor_id` bigint NOT NULL,
  PRIMARY KEY (`id`),
  UNIQUE KEY `webapp_vendorrating_vendor_id_user_id_411c6008_uniq` (`vendor_id`,`user_id`),
  KEY `webapp_vendorrating_user_id_1c794502_fk_users_customuser_id` (`user_id`),
  CONSTRAINT `webapp_vendorrating_user_id_1c794502_fk_users_customuser_id` FOREIGN KEY (`user_id`) REFERENCES `users_customuser` (`id`),
  CONSTRAINT `webapp_vendorrating_vendor_id_26bcb21f_fk_vendors_id` FOREIGN KEY (`vendor_id`) REFERENCES `vendors` (`id`)
) ENGINE=InnoDB AUTO_INCREMENT=12 DEFAULT CHARSET=utf8mb4 COLLATE=utf8mb4_0900_ai_ci;
/*!40101 SET character_set_client = @saved_cs_client */;

--
-- Dumping data for table `webapp_vendorrating`
--

LOCK TABLES `webapp_vendorrating` WRITE;
/*!40000 ALTER TABLE `webapp_vendorrating` DISABLE KEYS */;
INSERT INTO `webapp_vendorrating` VALUES (1,4,'2025-11-27 02:11:58.423225','2025-11-27 02:12:08.359684',1,18),(2,5,'2025-12-01 12:35:59.450361','2025-12-01 12:35:59.450361',1,17),(3,5,'2025-12-09 01:53:41.387464','2025-12-09 01:53:41.387464',1,21),(4,5,'2025-12-10 14:58:25.323014','2025-12-10 14:58:25.323014',60,24),(5,4,'2025-12-10 14:58:41.798861','2025-12-10 14:58:41.798861',60,25),(6,4,'2025-12-10 14:59:24.882165','2025-12-10 14:59:24.882165',61,8),(7,4,'2025-12-10 14:59:37.636513','2025-12-10 14:59:37.636513',61,34),(8,4,'2025-12-10 15:00:23.316673','2025-12-10 15:00:23.316673',62,2),(9,5,'2025-12-10 15:00:49.080579','2025-12-10 15:00:49.080579',62,10),(10,4,'2025-12-10 17:09:18.827176','2025-12-10 17:09:18.827176',63,24),(11,4,'2025-12-10 17:09:37.864754','2025-12-10 17:09:37.864754',63,21);
/*!40000 ALTER TABLE `webapp_vendorrating` ENABLE KEYS */;
UNLOCK TABLES;
/*!40103 SET TIME_ZONE=@OLD_TIME_ZONE */;

/*!40101 SET SQL_MODE=@OLD_SQL_MODE */;
/*!40014 SET FOREIGN_KEY_CHECKS=@OLD_FOREIGN_KEY_CHECKS */;
/*!40014 SET UNIQUE_CHECKS=@OLD_UNIQUE_CHECKS */;
/*!40101 SET CHARACTER_SET_CLIENT=@OLD_CHARACTER_SET_CLIENT */;
/*!40101 SET CHARACTER_SET_RESULTS=@OLD_CHARACTER_SET_RESULTS */;
/*!40101 SET COLLATION_CONNECTION=@OLD_COLLATION_CONNECTION */;
/*!40111 SET SQL_NOTES=@OLD_SQL_NOTES */;

-- Dump completed on 2025-12-11  9:01:34
